2024-11-08 09:10:38,484 [INFO] Activator:176 - 


2024-11-08 09:10:38,489 [INFO] Activator:177 - !SESSION log4j initialized
2024-11-08 09:10:46,560 [INFO] LogOutputStream:77 - [STDOUT_REDIRECT] 
2024-11-08 09:10:48,448 [INFO] LogOutputStream:77 - [STDOUT_REDIRECT] 
2024-11-08 09:10:49,250 [ERROR] LogOutputStream:75 - [STDERR_REDIRECT] 
2024-11-08 09:10:49,973 [INFO] ApplicationProperties:184 - Using Application install path: /Applications/STM32CubeIDE.app/Contents/Eclipse/plugins/com.st.stm32cube.common.mx_6.12.1.202409122256
2024-11-08 09:10:49,987 [INFO] DbMcusXml:78 - Set database path to: /Applications/STM32CubeIDE.app/Contents/Eclipse/plugins/com.st.stm32cube.common.mx_6.12.1.202409122256//db//mcu/
2024-11-08 09:10:49,987 [INFO] ApiDb:274 - Set plugin database path to: /Applications/STM32CubeIDE.app/Contents/Eclipse/plugins/com.st.stm32cube.common.mx_6.12.1.202409122256//db//plugins/boardmanager/
2024-11-08 09:10:49,988 [WARN] ApiDb:259 - Overriding images path with different value:  => /Applications/STM32CubeIDE.app/Contents/Eclipse/plugins/com.st.stm32cube.common.mx_6.12.1.202409122256//db//plugins/mcufinder/images/
2024-11-08 09:10:50,000 [INFO] ApiDb:250 - Set database path to: /Users/mark/.stmcufinder/plugins/mcufinder//mcu/
2024-11-08 09:10:50,001 [INFO] DbMcusAds:125 - Set database path to: /Users/mark/.stmcufinder/plugins/mcufinder//mcu/
2024-11-08 09:10:50,002 [INFO] CrossReferenceDbSqlite:203 - Set database path to: /Users/mark/.stmcufinder/plugins/mcufinder//mcu/cs/
2024-11-08 09:10:50,123 [INFO] RulesReader:64 - Compatibility file has been processed (297 Rules)
2024-11-08 09:10:50,191 [INFO] DbMcusXml:78 - Set database path to: /Applications/STM32CubeIDE.app/Contents/Eclipse/plugins/com.st.stm32cube.common.mx_6.12.1.202409122256//db//mcu/
2024-11-08 09:10:50,191 [INFO] ApiDb:274 - Set plugin database path to: /Applications/STM32CubeIDE.app/Contents/Eclipse/plugins/com.st.stm32cube.common.mx_6.12.1.202409122256//db//plugins/boardmanager/
2024-11-08 09:10:50,191 [INFO] ApiDb:261 - Set plugin images path to: /Applications/STM32CubeIDE.app/Contents/Eclipse/plugins/com.st.stm32cube.common.mx_6.12.1.202409122256//db//plugins/mcufinder/images/
2024-11-08 09:10:50,192 [WARN] DbFile:41 - Overriding database path with different value: /Users/mark/.stmcufinder/plugins/mcufinder/ => /Users/mark/.stmcufinder/plugins/mcufinder
2024-11-08 09:10:50,192 [INFO] ApiDb:250 - Set database path to: /Users/mark/.stmcufinder/plugins/mcufinder//mcu/
2024-11-08 09:10:50,192 [WARN] DbFile:41 - Overriding database path with different value: /Users/mark/.stmcufinder/plugins/mcufinder/ => /Users/mark/.stmcufinder/plugins/mcufinder
2024-11-08 09:10:50,192 [INFO] DbMcusAds:125 - Set database path to: /Users/mark/.stmcufinder/plugins/mcufinder//mcu/
2024-11-08 09:10:50,192 [WARN] DbFile:41 - Overriding database path with different value: /Users/mark/.stmcufinder/plugins/mcufinder/ => /Users/mark/.stmcufinder/plugins/mcufinder
2024-11-08 09:10:50,192 [WARN] DbFile:41 - Overriding database path with different value: /Users/mark/.stmcufinder/plugins/mcufinder/ => /Users/mark/.stmcufinder/plugins/mcufinder
2024-11-08 09:10:50,192 [INFO] CrossReferenceDbSqlite:203 - Set database path to: /Users/mark/.stmcufinder/plugins/mcufinder//mcu/cs/
2024-11-08 09:10:50,276 [INFO] MainPanel:268 - HeapMemory: 268435456
2024-11-08 09:10:50,672 [ERROR] LogOutputStream:75 - [STDERR_REDIRECT] [Fatal Error] :2:10: DOCTYPE is disallowed when the feature "http://apache.org/xml/features/disallow-doctype-decl" set to true.
2024-11-08 09:10:50,684 [ERROR] LogOutputStream:75 - [STDERR_REDIRECT] 
2024-11-08 09:10:50,784 [INFO] DbMcusXml:78 - Set database path to: /Applications/STM32CubeIDE.app/Contents/Eclipse/plugins/com.st.stm32cube.common.mx_6.12.1.202409122256//db//mcu/
2024-11-08 09:10:50,784 [INFO] ApiDb:274 - Set plugin database path to: /Applications/STM32CubeIDE.app/Contents/Eclipse/plugins/com.st.stm32cube.common.mx_6.12.1.202409122256//db//plugins/boardmanager/
2024-11-08 09:10:50,784 [INFO] ApiDb:261 - Set plugin images path to: /Applications/STM32CubeIDE.app/Contents/Eclipse/plugins/com.st.stm32cube.common.mx_6.12.1.202409122256//db//plugins/mcufinder/images/
2024-11-08 09:10:50,784 [WARN] DbFile:41 - Overriding database path with different value: /Users/mark/.stmcufinder/plugins/mcufinder/ => /Users/mark/.stmcufinder/plugins/mcufinder
2024-11-08 09:10:50,784 [INFO] ApiDb:250 - Set database path to: /Users/mark/.stmcufinder/plugins/mcufinder//mcu/
2024-11-08 09:10:50,785 [WARN] DbFile:41 - Overriding database path with different value: /Users/mark/.stmcufinder/plugins/mcufinder/ => /Users/mark/.stmcufinder/plugins/mcufinder
2024-11-08 09:10:50,785 [INFO] DbMcusAds:125 - Set database path to: /Users/mark/.stmcufinder/plugins/mcufinder//mcu/
2024-11-08 09:10:50,785 [WARN] DbFile:41 - Overriding database path with different value: /Users/mark/.stmcufinder/plugins/mcufinder/ => /Users/mark/.stmcufinder/plugins/mcufinder
2024-11-08 09:10:50,785 [WARN] DbFile:41 - Overriding database path with different value: /Users/mark/.stmcufinder/plugins/mcufinder/ => /Users/mark/.stmcufinder/plugins/mcufinder
2024-11-08 09:10:50,785 [INFO] CrossReferenceDbSqlite:203 - Set database path to: /Users/mark/.stmcufinder/plugins/mcufinder//mcu/cs/
2024-11-08 09:10:50,807 [INFO] ApplicationProperties:184 - Using Application install path: /Applications/STM32CubeIDE.app/Contents/Eclipse/plugins/com.st.stm32cube.common.mx_6.12.1.202409122256
2024-11-08 09:10:50,808 [INFO] PluginManage:196 - Search for loadable plugins [exclusion list=, ]
2024-11-08 09:10:50,810 [INFO] PluginManage:310 - Check plugin analytics
2024-11-08 09:10:51,040 [INFO] AnalyticsPlugin:253 - Accepted Software Licenses: STM32CubeMX.6.11.1
2024-11-08 09:10:51,040 [INFO] AnalyticsPlugin:255 - Accepted CMSIS Pack Licenses: 
2024-11-08 09:10:51,040 [INFO] AnalyticsPlugin:257 - Accepted Firmware Licenses: FW.WL.1.3.0,FW.L4.1.18.0,FW.H7RS.1.0.0,FW.H7.1.11.0
2024-11-08 09:10:51,047 [INFO] PluginManage:359 - Loaded plugin analytics (category:tool,tabindex:-1)
2024-11-08 09:10:51,049 [INFO] PluginManage:310 - Check plugin cadmodel
2024-11-08 09:10:51,060 [INFO] CADModel:105 - Init CAD model plugin
2024-11-08 09:10:51,060 [INFO] PluginManage:359 - Loaded plugin cadmodel (category:power,tabindex:5)
2024-11-08 09:10:51,061 [INFO] PluginManage:310 - Check plugin clock
2024-11-08 09:10:51,077 [INFO] PluginManage:359 - Loaded plugin clock (category:base,tabindex:2)
2024-11-08 09:10:51,078 [INFO] PluginManage:310 - Check plugin ddr
2024-11-08 09:10:51,079 [INFO] PluginManage:359 - Loaded plugin ddr (category:tool,tabindex:6)
2024-11-08 09:10:51,079 [INFO] PluginManage:310 - Check plugin filemanager
2024-11-08 09:10:51,228 [INFO] PluginManage:359 - Loaded plugin filemanager (category:base,tabindex:10)
2024-11-08 09:10:51,228 [INFO] PluginManage:310 - Check plugin ipmanager
2024-11-08 09:10:51,234 [INFO] PluginManage:359 - Loaded plugin ipmanager (category:base,tabindex:5)
2024-11-08 09:10:51,234 [INFO] PluginManage:310 - Check plugin lpbam
2024-11-08 09:10:51,244 [INFO] PluginManage:359 - Loaded plugin lpbam (category:base,tabindex:0)
2024-11-08 09:10:51,245 [INFO] PluginManage:310 - Check plugin memorymap
2024-11-08 09:10:51,254 [INFO] PluginManage:359 - Loaded plugin memorymap (category:base,tabindex:4)
2024-11-08 09:10:51,254 [INFO] PluginManage:310 - Check plugin pinoutandconfiguration
2024-11-08 09:10:51,260 [INFO] PluginManage:359 - Loaded plugin pinoutandconfiguration (category:base,tabindex:1)
2024-11-08 09:10:51,260 [INFO] PluginManage:310 - Check plugin pinoutconfig
2024-11-08 09:10:51,345 [WARN] SupportedApi:132 - Cannot load RTOS API schema: s4s-elt-must-match.1: The content of 'definitions' must match (annotation?, (simpleType | complexType)?, (unique | key | keyref)*)). A problem was found starting at: attribute.
2024-11-08 09:10:51,492 [INFO] PluginManage:359 - Loaded plugin pinoutconfig (category:base,tabindex:0)
2024-11-08 09:10:51,494 [INFO] PluginManage:310 - Check plugin power
2024-11-08 09:10:51,524 [INFO] PluginManage:359 - Loaded plugin power (category:power,tabindex:4)
2024-11-08 09:10:51,525 [INFO] PluginManage:310 - Check plugin projectmanager
2024-11-08 09:10:51,581 [INFO] PluginManage:359 - Loaded plugin projectmanager (category:projectmanager,tabindex:4)
2024-11-08 09:10:51,582 [INFO] PluginManage:310 - Check plugin rif
2024-11-08 09:10:51,590 [INFO] PluginManage:359 - Loaded plugin rif (category:base,tabindex:3)
2024-11-08 09:10:51,591 [INFO] PluginManage:310 - Check plugin thirdparty
2024-11-08 09:10:51,778 [INFO] PluginManage:359 - Loaded plugin thirdparty (category:base,tabindex:-1)
2024-11-08 09:10:51,780 [INFO] PluginManage:310 - Check plugin tools
2024-11-08 09:10:51,778 [WARN] IntegrityCheckThread:84 - waiting for thirdparty lock release [integrity check]
2024-11-08 09:10:51,781 [INFO] IntegrityCheckThread:86 - entering critical section [integrity check]
2024-11-08 09:10:51,783 [INFO] ThirdPartyUpdaterWithRetryManager:70 - Updater plugin not ready yet. [1/15]
2024-11-08 09:10:51,785 [INFO] PluginManage:359 - Loaded plugin tools (category:base,tabindex:7)
2024-11-08 09:10:51,786 [INFO] PluginManage:310 - Check plugin tutovideos
2024-11-08 09:10:52,032 [INFO] PluginManage:359 - Loaded plugin tutovideos (category:base,tabindex:-1)
2024-11-08 09:10:52,033 [INFO] PluginManage:310 - Check plugin updater
2024-11-08 09:10:52,079 [INFO] PluginManage:359 - Loaded plugin updater (category:base,tabindex:12)
2024-11-08 09:10:52,079 [INFO] PluginManage:310 - Check plugin userauth
2024-11-08 09:10:52,087 [INFO] UserAuth:113 - Init User Auth plugin
2024-11-08 09:10:52,087 [INFO] PluginManage:359 - Loaded plugin userauth (category:base,tabindex:14)
2024-11-08 09:10:52,090 [INFO] PluginManage:283 - PluginManage : Loaded plugins [18]
2024-11-08 09:10:52,342 [INFO] PinOutPanel:1561 - setPackage(No Configuration,No Configuration)
2024-11-08 09:10:52,412 [INFO] CADModel:165 - CPN selected for project level
2024-11-08 09:10:52,412 [INFO] CADModel:114 - Register for checkConnection events
2024-11-08 09:10:52,423 [INFO] IPUIPlugin:80 - create IPUIPlugin
2024-11-08 09:10:52,423 [INFO] PluginManager:220 - loadIPPluginJar : add mdma
2024-11-08 09:10:52,428 [INFO] IPUIPlugin:80 - create IPUIPlugin
2024-11-08 09:10:52,428 [INFO] PluginManager:220 - loadIPPluginJar : add freertos
2024-11-08 09:10:52,433 [INFO] IPUIPlugin:80 - create IPUIPlugin
2024-11-08 09:10:52,433 [INFO] PluginManager:220 - loadIPPluginJar : add gic
2024-11-08 09:10:52,439 [INFO] IPUIPlugin:80 - create IPUIPlugin
2024-11-08 09:10:52,440 [INFO] PluginManager:220 - loadIPPluginJar : add adc
2024-11-08 09:10:52,441 [INFO] IPUIPlugin:80 - create IPUIPlugin
2024-11-08 09:10:52,441 [INFO] PluginManager:220 - loadIPPluginJar : add gtzc
2024-11-08 09:10:52,442 [INFO] IPUIPlugin:80 - create IPUIPlugin
2024-11-08 09:10:52,442 [INFO] PluginManager:220 - loadIPPluginJar : add quadspi
2024-11-08 09:10:52,443 [INFO] IPUIPlugin:80 - create IPUIPlugin
2024-11-08 09:10:52,443 [INFO] PluginManager:220 - loadIPPluginJar : add aes
2024-11-08 09:10:52,445 [INFO] IPUIPlugin:80 - create IPUIPlugin
2024-11-08 09:10:52,445 [INFO] PluginManager:220 - loadIPPluginJar : add pdm2pcm
2024-11-08 09:10:52,446 [INFO] IPUIPlugin:80 - create IPUIPlugin
2024-11-08 09:10:52,446 [INFO] PluginManager:220 - loadIPPluginJar : add hash
2024-11-08 09:10:52,447 [INFO] IPUIPlugin:80 - create IPUIPlugin
2024-11-08 09:10:52,447 [INFO] PluginManager:220 - loadIPPluginJar : add tim
2024-11-08 09:10:52,448 [INFO] IPUIPlugin:80 - create IPUIPlugin
2024-11-08 09:10:52,448 [INFO] PluginManager:220 - loadIPPluginJar : add tsc
2024-11-08 09:10:52,450 [INFO] IPUIPlugin:80 - create IPUIPlugin
2024-11-08 09:10:52,450 [INFO] PluginManager:220 - loadIPPluginJar : add extmemmanager
2024-11-08 09:10:52,453 [INFO] IPUIPlugin:80 - create IPUIPlugin
2024-11-08 09:10:52,453 [INFO] PluginManager:220 - loadIPPluginJar : add ts
2024-11-08 09:10:52,454 [INFO] IPUIPlugin:80 - create IPUIPlugin
2024-11-08 09:10:52,455 [INFO] PluginManager:220 - loadIPPluginJar : add radio
2024-11-08 09:10:52,456 [INFO] IPUIPlugin:80 - create IPUIPlugin
2024-11-08 09:10:52,456 [INFO] PluginManager:220 - loadIPPluginJar : add can
2024-11-08 09:10:52,457 [INFO] IPUIPlugin:80 - create IPUIPlugin
2024-11-08 09:10:52,458 [INFO] PluginManager:220 - loadIPPluginJar : add dma3
2024-11-08 09:10:52,458 [INFO] IPUIPlugin:80 - create IPUIPlugin
2024-11-08 09:10:52,459 [INFO] PluginManager:220 - loadIPPluginJar : add dfsdm
2024-11-08 09:10:52,459 [INFO] IPUIPlugin:80 - create IPUIPlugin
2024-11-08 09:10:52,459 [INFO] PluginManager:220 - loadIPPluginJar : add spi
2024-11-08 09:10:52,460 [INFO] IPUIPlugin:80 - create IPUIPlugin
2024-11-08 09:10:52,461 [INFO] PluginManager:220 - loadIPPluginJar : add gfxmmu
2024-11-08 09:10:52,462 [INFO] IPUIPlugin:80 - create IPUIPlugin
2024-11-08 09:10:52,462 [INFO] PluginManager:220 - loadIPPluginJar : add genericplugin
2024-11-08 09:10:52,463 [INFO] IPUIPlugin:80 - create IPUIPlugin
2024-11-08 09:10:52,463 [INFO] PluginManager:220 - loadIPPluginJar : add cryp
2024-11-08 09:10:52,466 [INFO] IPUIPlugin:80 - create IPUIPlugin
2024-11-08 09:10:52,467 [INFO] PluginManager:220 - loadIPPluginJar : add gpio
2024-11-08 09:10:52,469 [INFO] IPUIPlugin:80 - create IPUIPlugin
2024-11-08 09:10:52,470 [INFO] PluginManager:220 - loadIPPluginJar : add ddr_ctrl_phy
2024-11-08 09:10:52,471 [INFO] IPUIPlugin:80 - create IPUIPlugin
2024-11-08 09:10:52,471 [INFO] PluginManager:220 - loadIPPluginJar : add comp
2024-11-08 09:10:52,472 [INFO] IPUIPlugin:80 - create IPUIPlugin
2024-11-08 09:10:52,473 [INFO] PluginManager:220 - loadIPPluginJar : add tracer_emb
2024-11-08 09:10:52,474 [INFO] IPUIPlugin:80 - create IPUIPlugin
2024-11-08 09:10:52,474 [INFO] PluginManager:220 - loadIPPluginJar : add openamp
2024-11-08 09:10:52,477 [INFO] IPUIPlugin:80 - create IPUIPlugin
2024-11-08 09:10:52,477 [INFO] PluginManager:220 - loadIPPluginJar : add stm32_wpan
2024-11-08 09:10:52,480 [INFO] IPUIPlugin:80 - create IPUIPlugin
2024-11-08 09:10:52,483 [INFO] PluginManager:220 - loadIPPluginJar : add plateformsettings
2024-11-08 09:10:52,486 [INFO] IPUIPlugin:80 - create IPUIPlugin
2024-11-08 09:10:52,486 [INFO] PluginManager:220 - loadIPPluginJar : add ipddr
2024-11-08 09:10:52,488 [INFO] IPUIPlugin:80 - create IPUIPlugin
2024-11-08 09:10:52,488 [INFO] PluginManager:220 - loadIPPluginJar : add usart
2024-11-08 09:10:52,488 [INFO] IPUIPlugin:80 - create IPUIPlugin
2024-11-08 09:10:52,488 [INFO] PluginManager:220 - loadIPPluginJar : add ltdc
2024-11-08 09:10:52,490 [INFO] IPUIPlugin:80 - create IPUIPlugin
2024-11-08 09:10:52,490 [INFO] PluginManager:220 - loadIPPluginJar : add nvic
2024-11-08 09:10:52,490 [INFO] IPUIPlugin:80 - create IPUIPlugin
2024-11-08 09:10:52,491 [INFO] PluginManager:220 - loadIPPluginJar : add fatfs
2024-11-08 09:10:52,495 [INFO] IPUIPlugin:80 - create IPUIPlugin
2024-11-08 09:10:52,495 [INFO] PluginManager:220 - loadIPPluginJar : add linkedlist
2024-11-08 09:10:52,498 [INFO] IPUIPlugin:80 - create IPUIPlugin
2024-11-08 09:10:52,498 [INFO] PluginManager:220 - loadIPPluginJar : add dma
2024-11-08 09:10:52,500 [INFO] IPUIPlugin:80 - create IPUIPlugin
2024-11-08 09:10:52,500 [INFO] PluginManager:220 - loadIPPluginJar : add fmc
2024-11-08 09:10:52,501 [INFO] IPUIPlugin:80 - create IPUIPlugin
2024-11-08 09:10:52,501 [INFO] PluginManager:220 - loadIPPluginJar : add i2s
2024-11-08 09:10:52,502 [INFO] IPUIPlugin:80 - create IPUIPlugin
2024-11-08 09:10:52,502 [INFO] PluginManager:220 - loadIPPluginJar : add ucpd
2024-11-08 09:10:52,503 [INFO] IPUIPlugin:80 - create IPUIPlugin
2024-11-08 09:10:52,504 [INFO] PluginManager:220 - loadIPPluginJar : add lorawan
2024-11-08 09:10:52,505 [INFO] IPUIPlugin:80 - create IPUIPlugin
2024-11-08 09:10:52,505 [INFO] PluginManager:220 - loadIPPluginJar : add opamp
2024-11-08 09:10:52,507 [INFO] IPUIPlugin:80 - create IPUIPlugin
2024-11-08 09:10:52,507 [INFO] PluginManager:220 - loadIPPluginJar : add i3c
2024-11-08 09:10:52,508 [INFO] IPUIPlugin:80 - create IPUIPlugin
2024-11-08 09:10:52,509 [INFO] PluginManager:220 - loadIPPluginJar : add touchsensing
2024-11-08 09:10:52,510 [INFO] IPUIPlugin:80 - create IPUIPlugin
2024-11-08 09:10:52,510 [INFO] PluginManager:220 - loadIPPluginJar : add i2c
2024-11-08 09:10:52,512 [INFO] IPUIPlugin:80 - create IPUIPlugin
2024-11-08 09:10:52,513 [INFO] PluginManager:220 - loadIPPluginJar : add resmgrutility
2024-11-08 09:10:52,514 [INFO] IPUIPlugin:80 - create IPUIPlugin
2024-11-08 09:10:52,514 [INFO] PluginManager:220 - loadIPPluginJar : add sai
2024-11-08 09:10:52,515 [INFO] IPUIPlugin:80 - create IPUIPlugin
2024-11-08 09:10:52,515 [INFO] PluginManager:220 - loadIPPluginJar : add usbx
2024-11-08 09:10:52,621 [INFO] CADModel:165 - CPN selected for project level
2024-11-08 09:10:52,621 [INFO] CADModel:114 - Register for checkConnection events
2024-11-08 09:10:52,622 [FATAL] Updater:334 - Updater called before beeing initialized
2024-11-08 09:10:52,622 [ERROR] CADModel:125 - Updater not yet initialized, retry later 
2024-11-08 09:10:52,855 [INFO] CADModel:165 - CPN selected for project level
2024-11-08 09:10:52,855 [INFO] CADModel:114 - Register for checkConnection events
2024-11-08 09:10:52,856 [FATAL] Updater:334 - Updater called before beeing initialized
2024-11-08 09:10:52,856 [ERROR] CADModel:125 - Updater not yet initialized, retry later 
2024-11-08 09:10:52,858 [FATAL] Updater:334 - Updater called before beeing initialized
2024-11-08 09:10:53,017 [FATAL] Updater:334 - Updater called before beeing initialized
2024-11-08 09:10:53,022 [INFO] DbMcusAds:53 - JSON generation date=Fri Sep 20 09:04:38 EDT 2024 (1726837478367)
2024-11-08 09:10:53,022 [FATAL] Updater:334 - Updater called before beeing initialized
2024-11-08 09:10:53,338 [WARN] DetailPanel:346 - Failed to get advertising image, set to default
2024-11-08 09:10:53,419 [FATAL] Updater:334 - Updater called before beeing initialized
2024-11-08 09:10:53,422 [FATAL] Updater:334 - Updater called before beeing initialized
2024-11-08 09:10:53,422 [FATAL] Updater:334 - Updater called before beeing initialized
2024-11-08 09:10:53,422 [WARN] DetailPanel:346 - Failed to get advertising image, set to default
2024-11-08 09:10:53,423 [FATAL] Updater:334 - Updater called before beeing initialized
2024-11-08 09:10:53,498 [ERROR] Updater:1164 - MainUpdater not yet initialized. External WinMGr cannot be set.
2024-11-08 09:10:53,543 [INFO] Updater:1100 - Updater Version found : 6.12.1
2024-11-08 09:10:53,557 [INFO] ApplicationProperties:184 - Using Application install path: /Applications/STM32CubeIDE.app/Contents/Eclipse/plugins/com.st.stm32cube.common.mx_6.12.1.202409122256
2024-11-08 09:10:54,187 [INFO] MainUpdater:2873 - connection check result : 10
2024-11-08 09:10:54,187 [INFO] MainUpdater:3567 - Updater definition file requires update
2024-11-08 09:10:54,189 [INFO] MainUpdater:290 - Updater Check For Update Now.
2024-11-08 09:10:54,189 [INFO] MicroXplorer:498 - Change Database Version : DB.6.0.121
2024-11-08 09:10:54,203 [INFO] McuFinderGlobals:63 - Set McuFinder mode to 2 (CubeIDE integrated)
2024-11-08 09:10:54,206 [INFO] UserAuth:417 - Internet connection configuration mode: 1
2024-11-08 09:10:54,223 [INFO] JxBrowserEngine:152 - Initiate JxBrowser Engine with user profile folder
2024-11-08 09:10:54,456 [INFO] ServerAccessManage:473 - Download File updaters.zip
2024-11-08 09:10:54,703 [INFO] FileExtend:240 - Unzip File : updaters.zip
2024-11-08 09:10:54,704 [INFO] FileExtend:255 - Standard Zip Deflate
2024-11-08 09:10:54,794 [WARN] MainUpdater:1194 - Updater busy. Cannot search thirdparties
2024-11-08 09:10:54,796 [INFO] ThirdPartyUpdaterWithRetryManager:96 - Updater plugin is busy. [1/15]
2024-11-08 09:10:55,269 [INFO] ServerAccessManage:473 - Download File PacksControlFlags.xml
2024-11-08 09:10:55,597 [INFO] ServerAccessManage:473 - Download File cubemx.pidx
2024-11-08 09:10:55,919 [INFO] LoadServerUpdatesThread:375 - End of LoadServerUpdate Thread
2024-11-08 09:10:56,252 [INFO] CheckServerUpdateThread:120 - End of CheckServer Thread
2024-11-08 09:10:57,980 [WARN] PackLoader:240 - Cannot read IP mode file for STMicroelectronics.FP-SNS-MOTENVWB1.1.4.0
2024-11-08 09:10:58,005 [WARN] PackLoader:240 - Cannot read IP mode file for STMicroelectronics.X-CUBE-SMBUS.2.1.0
2024-11-08 09:10:58,024 [WARN] PackLoader:240 - Cannot read IP mode file for STMicroelectronics.X-CUBE-WB05N.1.1.0
2024-11-08 09:10:58,033 [WARN] PackLoader:240 - Cannot read IP mode file for STMicroelectronics.X-CUBE-TOUCHGFX.4.23.1
2024-11-08 09:10:58,035 [WARN] PackLoader:240 - Cannot read IP mode file for STMicroelectronics.X-CUBE-TOUCHGFX.4.23.0
2024-11-08 09:10:58,037 [WARN] PackLoader:240 - Cannot read IP mode file for STMicroelectronics.X-CUBE-TOUCHGFX.4.23.2
2024-11-08 09:10:58,081 [WARN] PackLoader:240 - Cannot read IP mode file for STMicroelectronics.X-CUBE-AZRTOS-H7.1.1.0
2024-11-08 09:10:58,137 [WARN] PackLoader:240 - Cannot read IP mode file for STMicroelectronics.X-CUBE-AZRTOS-F7.1.1.0
2024-11-08 09:10:58,196 [WARN] PackLoader:240 - Cannot read IP mode file for STMicroelectronics.FP-SNS-MOTENV1.4.3.2
2024-11-08 09:10:58,350 [WARN] PackLoader:240 - Cannot read IP mode file for STMicroelectronics.X-CUBE-MEMS1.11.0.0
2024-11-08 09:10:58,532 [WARN] PackLoader:240 - Cannot read IP mode file for STMicroelectronics.X-CUBE-BLE1.6.2.4
2024-11-08 09:10:58,541 [WARN] PackLoader:240 - Cannot read IP mode file for STMicroelectronics.X-CUBE-BLE1.6.2.1
2024-11-08 09:10:58,546 [WARN] PackLoader:240 - Cannot read IP mode file for STMicroelectronics.X-CUBE-BLE1.6.2.2
2024-11-08 09:10:58,550 [WARN] PackLoader:240 - Cannot read IP mode file for STMicroelectronics.X-CUBE-BLE2.3.2.1
2024-11-08 09:10:58,556 [WARN] PackLoader:240 - Cannot read IP mode file for STMicroelectronics.FP-SNS-FLIGHT1.5.0.2
2024-11-08 09:10:58,566 [WARN] PackLoader:240 - Cannot read IP mode file for STMicroelectronics.X-CUBE-BLE2.3.2.2
2024-11-08 09:10:58,579 [WARN] PackLoader:240 - Cannot read IP mode file for STMicroelectronics.X-CUBE-DISPLAY.3.0.0
2024-11-08 09:10:58,597 [WARN] PackLoader:240 - Cannot read IP mode file for STMicroelectronics.X-CUBE-BLE1.7.0.0
2024-11-08 09:10:58,613 [WARN] PackLoader:240 - Cannot read IP mode file for STMicroelectronics.X-CUBE-NFC10.1.0.0
2024-11-08 09:10:58,619 [WARN] PackLoader:240 - Cannot read IP mode file for STMicroelectronics.X-CUBE-TOUCHGFX.4.22.0
2024-11-08 09:10:58,622 [WARN] PackLoader:240 - Cannot read IP mode file for STMicroelectronics.X-CUBE-TOUCHGFX.4.22.1
2024-11-08 09:10:58,637 [WARN] PackLoader:240 - Cannot read IP mode file for STMicroelectronics.X-CUBE-SUBG2.4.2.0
2024-11-08 09:10:58,661 [WARN] PackLoader:240 - Cannot read IP mode file for STMicroelectronics.X-CUBE-BLEMGR.3.1.0
2024-11-08 09:10:58,668 [WARN] PackLoader:240 - Cannot read IP mode file for STMicroelectronics.FP-SNS-SMARTAG2.1.2.0
2024-11-08 09:10:58,680 [INFO] LogOutputStream:77 - [STDOUT_REDIRECT] 1 : Invalid condition id : UX_CORESTACK_Condition cause : null
2024-11-08 09:10:58,681 [INFO] LogOutputStream:77 - [STDOUT_REDIRECT] 1 : Invalid condition id : UX_CORESTACK_Condition cause : null
2024-11-08 09:10:58,681 [INFO] LogOutputStream:77 - [STDOUT_REDIRECT] 1 : Invalid condition id : UX_CORESTACK_Condition cause : null
2024-11-08 09:10:58,682 [INFO] LogOutputStream:77 - [STDOUT_REDIRECT] 1 : Invalid condition id : UX_CORESTACK_Condition cause : null
2024-11-08 09:10:58,683 [INFO] LogOutputStream:77 - [STDOUT_REDIRECT] 1 : Invalid condition id : UX_CORESTACK_Condition cause : null
2024-11-08 09:10:58,689 [WARN] PackLoader:240 - Cannot read IP mode file for STMicroelectronics.X-CUBE-AZRTOS-WL.2.0.0
2024-11-08 09:10:58,705 [WARN] PackLoader:240 - Cannot read IP mode file for STMicroelectronics.X-CUBE-ALGOBUILD.1.2.1
2024-11-08 09:10:58,711 [WARN] PackLoader:240 - Cannot read IP mode file for STMicroelectronics.FP-SNS-MOTENV1.5.0.0
2024-11-08 09:10:58,728 [WARN] PackLoader:240 - Cannot read IP mode file for wolfSSL.I-CUBE-wolfMQTT.1.19.0
2024-11-08 09:10:58,738 [WARN] PackLoader:240 - Cannot read IP mode file for WES.I-CUBE-Cesium.1.3.0
2024-11-08 09:10:58,753 [WARN] PackLoader:240 - Cannot read IP mode file for STMicroelectronics.X-CUBE-BLE2.3.3.0
2024-11-08 09:10:58,761 [WARN] PackLoader:240 - Cannot read IP mode file for STMicroelectronics.X-CUBE-DISPLAY.2.2.0
2024-11-08 09:10:58,782 [WARN] PackLoader:240 - Cannot read IP mode file for STMicroelectronics.X-CUBE-TOF1.3.2.0
2024-11-08 09:10:58,808 [WARN] PackLoader:240 - Cannot read IP mode file for STMicroelectronics.X-CUBE-TOUCHGFX.4.18.1
2024-11-08 09:10:58,817 [WARN] PackLoader:240 - Cannot read IP mode file for STMicroelectronics.X-CUBE-NFC9.1.0.0
2024-11-08 09:10:58,824 [WARN] PackLoader:240 - Cannot read IP mode file for STMicroelectronics.X-CUBE-TCPP.4.1.0
2024-11-08 09:10:58,829 [WARN] PackLoader:240 - Cannot read IP mode file for STMicroelectronics.X-CUBE-TOUCHGFX.4.21.1
2024-11-08 09:10:58,833 [WARN] PackLoader:240 - Cannot read IP mode file for STMicroelectronics.X-CUBE-TOUCHGFX.4.21.0
2024-11-08 09:10:58,836 [WARN] PackLoader:240 - Cannot read IP mode file for STMicroelectronics.X-CUBE-TOUCHGFX.4.21.3
2024-11-08 09:10:58,895 [WARN] PackLoader:240 - Cannot read IP mode file for STMicroelectronics.X-CUBE-MEMS1.9.4.0
2024-11-08 09:10:59,013 [WARN] PackLoader:240 - Cannot read IP mode file for STMicroelectronics.X-CUBE-AI.7.3.0
2024-11-08 09:10:59,030 [WARN] PackLoader:240 - Cannot read IP mode file for STMicroelectronics.X-CUBE-ALGOBUILD.1.3.0
2024-11-08 09:10:59,058 [WARN] PackLoader:240 - Cannot read IP mode file for STMicroelectronics.X-CUBE-AZRTOS-G0.1.1.0
2024-11-08 09:10:59,069 [WARN] PackLoader:240 - Cannot read IP mode file for STMicroelectronics.X-CUBE-SAFEA1.1.2.2
2024-11-08 09:10:59,075 [WARN] PackLoader:240 - Cannot read IP mode file for STMicroelectronics.X-CUBE-NFC4.3.0.0
2024-11-08 09:10:59,131 [WARN] PackLoader:240 - Cannot read IP mode file for SEGGER.I-CUBE-embOS.1.2.0
2024-11-08 09:10:59,204 [WARN] PackLoader:240 - Cannot read IP mode file for wolfSSL.I-CUBE-wolfMQTT.1.18.0
2024-11-08 09:10:59,233 [WARN] PackLoader:240 - Cannot read IP mode file for EmbeddedOffice.I-CUBE-FS-RTOS.1.0.1
2024-11-08 09:10:59,238 [ERROR] ConditionMgr:805 - Attr not supported : Dmpu
2024-11-08 09:10:59,240 [ERROR] ConditionMgr:805 - Attr not supported : Dmpu
2024-11-08 09:10:59,241 [ERROR] ConditionMgr:805 - Attr not supported : Dmpu
2024-11-08 09:10:59,241 [ERROR] ConditionMgr:805 - Attr not supported : Dmpu
2024-11-08 09:10:59,241 [ERROR] ConditionMgr:805 - Attr not supported : Dmpu
2024-11-08 09:10:59,241 [ERROR] ConditionMgr:805 - Attr not supported : Dmpu
2024-11-08 09:10:59,241 [ERROR] ConditionMgr:805 - Attr not supported : Dmpu
2024-11-08 09:10:59,241 [ERROR] ConditionMgr:805 - Attr not supported : Dmpu
2024-11-08 09:10:59,241 [ERROR] ConditionMgr:805 - Attr not supported : Dmpu
2024-11-08 09:10:59,241 [ERROR] ConditionMgr:805 - Attr not supported : Dmpu
2024-11-08 09:10:59,241 [ERROR] ConditionMgr:805 - Attr not supported : Dmpu
2024-11-08 09:10:59,241 [ERROR] ConditionMgr:805 - Attr not supported : Dmpu
2024-11-08 09:10:59,241 [ERROR] ConditionMgr:805 - Attr not supported : Dmpu
2024-11-08 09:10:59,241 [ERROR] ConditionMgr:805 - Attr not supported : Dmpu
2024-11-08 09:10:59,241 [ERROR] ConditionMgr:805 - Attr not supported : Dmpu
2024-11-08 09:10:59,241 [ERROR] ConditionMgr:805 - Attr not supported : Dmpu
2024-11-08 09:10:59,241 [ERROR] ConditionMgr:805 - Attr not supported : Dmpu
2024-11-08 09:10:59,241 [ERROR] ConditionMgr:805 - Attr not supported : Dmpu
2024-11-08 09:10:59,241 [ERROR] ConditionMgr:805 - Attr not supported : Dmpu
2024-11-08 09:10:59,241 [ERROR] ConditionMgr:805 - Attr not supported : Dmpu
2024-11-08 09:10:59,241 [ERROR] ConditionMgr:805 - Attr not supported : Dmpu
2024-11-08 09:10:59,241 [ERROR] ConditionMgr:805 - Attr not supported : Dmpu
2024-11-08 09:10:59,241 [ERROR] ConditionMgr:805 - Attr not supported : Dmpu
2024-11-08 09:10:59,241 [ERROR] ConditionMgr:805 - Attr not supported : Dmpu
2024-11-08 09:10:59,242 [ERROR] ConditionMgr:805 - Attr not supported : Dmpu
2024-11-08 09:10:59,242 [ERROR] ConditionMgr:805 - Attr not supported : Dmpu
2024-11-08 09:10:59,242 [ERROR] ConditionMgr:805 - Attr not supported : Dmpu
2024-11-08 09:10:59,242 [ERROR] ConditionMgr:805 - Attr not supported : Dmpu
2024-11-08 09:10:59,242 [ERROR] ConditionMgr:805 - Attr not supported : Dmpu
2024-11-08 09:10:59,242 [ERROR] ConditionMgr:805 - Attr not supported : Dmpu
2024-11-08 09:10:59,242 [ERROR] ConditionMgr:805 - Attr not supported : Dmpu
2024-11-08 09:10:59,242 [ERROR] ConditionMgr:805 - Attr not supported : Dmpu
2024-11-08 09:10:59,242 [ERROR] ConditionMgr:805 - Attr not supported : Dmpu
2024-11-08 09:10:59,242 [ERROR] ConditionMgr:805 - Attr not supported : Dmpu
2024-11-08 09:10:59,242 [ERROR] ConditionMgr:805 - Attr not supported : Dmpu
2024-11-08 09:10:59,242 [ERROR] ConditionMgr:805 - Attr not supported : Dmpu
2024-11-08 09:10:59,242 [ERROR] ConditionMgr:805 - Attr not supported : Dmpu
2024-11-08 09:10:59,243 [ERROR] ConditionMgr:805 - Attr not supported : Dmpu
2024-11-08 09:10:59,243 [ERROR] ConditionMgr:805 - Attr not supported : Dmpu
2024-11-08 09:10:59,243 [ERROR] ConditionMgr:805 - Attr not supported : Dmpu
2024-11-08 09:10:59,244 [ERROR] ConditionMgr:805 - Attr not supported : Dmpu
2024-11-08 09:10:59,244 [ERROR] ConditionMgr:805 - Attr not supported : Dmpu
2024-11-08 09:10:59,244 [ERROR] ConditionMgr:805 - Attr not supported : Dmpu
2024-11-08 09:10:59,244 [ERROR] ConditionMgr:805 - Attr not supported : Dmpu
2024-11-08 09:10:59,244 [ERROR] ConditionMgr:805 - Attr not supported : Dmpu
2024-11-08 09:10:59,244 [ERROR] ConditionMgr:805 - Attr not supported : Dmpu
2024-11-08 09:10:59,244 [ERROR] ConditionMgr:805 - Attr not supported : Dmpu
2024-11-08 09:10:59,244 [ERROR] ConditionMgr:805 - Attr not supported : Dmpu
2024-11-08 09:10:59,245 [ERROR] ConditionMgr:805 - Attr not supported : Dmpu
2024-11-08 09:10:59,245 [ERROR] ConditionMgr:805 - Attr not supported : Dmpu
2024-11-08 09:10:59,245 [ERROR] ConditionMgr:805 - Attr not supported : Dmpu
2024-11-08 09:10:59,245 [ERROR] ConditionMgr:805 - Attr not supported : Dmpu
2024-11-08 09:10:59,245 [ERROR] ConditionMgr:805 - Attr not supported : Dmpu
2024-11-08 09:10:59,245 [ERROR] ConditionMgr:805 - Attr not supported : Dmpu
2024-11-08 09:10:59,245 [ERROR] ConditionMgr:805 - Attr not supported : Dmpu
2024-11-08 09:10:59,245 [ERROR] ConditionMgr:805 - Attr not supported : Dmpu
2024-11-08 09:10:59,245 [ERROR] ConditionMgr:805 - Attr not supported : Dmpu
2024-11-08 09:10:59,245 [ERROR] ConditionMgr:805 - Attr not supported : Dmpu
2024-11-08 09:10:59,246 [ERROR] ConditionMgr:805 - Attr not supported : Dmpu
2024-11-08 09:10:59,246 [ERROR] ConditionMgr:805 - Attr not supported : Dmpu
2024-11-08 09:10:59,246 [ERROR] ConditionMgr:805 - Attr not supported : Dmpu
2024-11-08 09:10:59,246 [ERROR] ConditionMgr:805 - Attr not supported : Dmpu
2024-11-08 09:10:59,246 [ERROR] ConditionMgr:805 - Attr not supported : Dmpu
2024-11-08 09:10:59,246 [ERROR] ConditionMgr:805 - Attr not supported : Dmpu
2024-11-08 09:10:59,271 [WARN] PackLoader:240 - Cannot read IP mode file for STMicroelectronics.X-CUBE-TOUCHGFX.4.17.0
2024-11-08 09:10:59,293 [WARN] PackLoader:240 - Cannot read IP mode file for STMicroelectronics.X-CUBE-BLEMGR.3.0.0
2024-11-08 09:10:59,328 [WARN] PackLoader:240 - Cannot read IP mode file for STMicroelectronics.X-CUBE-BLEMGR.1.3.0
2024-11-08 09:10:59,352 [WARN] PackLoader:240 - Cannot read IP mode file for RealThread.X-CUBE-RT-Thread_Nano.4.1.1
2024-11-08 09:10:59,399 [WARN] PackLoader:240 - Cannot read IP mode file for STMicroelectronics.X-CUBE-AZRTOS-H7.2.0.0
2024-11-08 09:10:59,411 [WARN] PackLoader:240 - Cannot read IP mode file for STMicroelectronics.FP-ATR-SIGFOX1.3.2.0
2024-11-08 09:10:59,417 [WARN] PackLoader:240 - Cannot read IP mode file for STMicroelectronics.X-CUBE-EEPRMA1.5.1.0
2024-11-08 09:10:59,421 [WARN] PackLoader:240 - Cannot read IP mode file for STMicroelectronics.X-CUBE-TOUCHGFX.4.20.0
2024-11-08 09:10:59,476 [WARN] PackLoader:240 - Cannot read IP mode file for STMicroelectronics.X-CUBE-MEMS1.9.5.0
2024-11-08 09:10:59,648 [WARN] PackLoader:240 - Cannot read IP mode file for SEGGER.I-CUBE-embOS.1.3.1
2024-11-08 09:10:59,710 [WARN] PackLoader:240 - Cannot read IP mode file for STMicroelectronics.X-CUBE-ALGOBUILD.1.4.0
2024-11-08 09:10:59,720 [WARN] PackLoader:240 - Cannot read IP mode file for STMicroelectronics.X-CUBE-DISPLAY.2.0.1
2024-11-08 09:10:59,724 [WARN] PackLoader:240 - Cannot read IP mode file for STMicroelectronics.X-CUBE-AI.9.1.0
2024-11-08 09:10:59,729 [WARN] PackLoader:240 - Cannot read IP mode file for STMicroelectronics.X-CUBE-GNSS1.6.0.0
2024-11-08 09:10:59,752 [WARN] PackLoader:240 - Cannot read IP mode file for STMicroelectronics.X-CUBE-AZRTOS-F4.1.1.0
2024-11-08 09:10:59,759 [WARN] PackLoader:240 - Cannot read IP mode file for STMicroelectronics.X-CUBE-ISPU.2.1.0
2024-11-08 09:10:59,765 [WARN] PackLoader:240 - Cannot read IP mode file for STMicroelectronics.X-CUBE-FREERTOS.1.2.0
2024-11-08 09:10:59,783 [WARN] PackLoader:240 - Cannot read IP mode file for STMicroelectronics.X-CUBE-AZRTOS-L5.2.0.0
2024-11-08 09:10:59,841 [WARN] PackLoader:240 - Cannot read IP mode file for STMicroelectronics.X-CUBE-MEMS1.9.6.0
2024-11-08 09:10:59,955 [WARN] PackLoader:240 - Cannot read IP mode file for STMicroelectronics.X-CUBE-EEPRMA1.4.2.0
2024-11-08 09:10:59,978 [WARN] PackLoader:240 - Cannot read IP mode file for STMicroelectronics.X-CUBE-NFC6.3.1.0
2024-11-08 09:10:59,998 [WARN] PackLoader:240 - Cannot read IP mode file for ITTIA_DB.I-CUBE-ITTIADB.8.8.0
2024-11-08 09:11:00,006 [WARN] PackLoader:240 - Cannot read IP mode file for emotas.I-CUBE-CANOPEN.1.1.3
2024-11-08 09:11:00,024 [WARN] PackLoader:240 - Cannot read IP mode file for STMicroelectronics.X-CUBE-BLEMGR.2.0.0
2024-11-08 09:11:00,034 [WARN] PackLoader:240 - Cannot read IP mode file for STMicroelectronics.X-CUBE-DPower.1.2.0
2024-11-08 09:11:00,052 [WARN] PackLoader:240 - Cannot read IP mode file for STMicroelectronics.X-CUBE-NFC4.2.0.5
2024-11-08 09:11:00,066 [WARN] PackLoader:240 - Cannot read IP mode file for STMicroelectronics.X-CUBE-NFC4.2.0.3
2024-11-08 09:11:00,073 [WARN] PackLoader:240 - Cannot read IP mode file for wolfSSL.I-CUBE-wolfSSL.4.8.0
2024-11-08 09:11:00,077 [WARN] PackLoader:240 - Cannot read IP mode file for STMicroelectronics.X-CUBE-AI.9.0.0
2024-11-08 09:11:00,104 [WARN] ConditionMgr:438 - getConditionDescription Invalid condition id : UX DEVICE CLASS RTOS Condition cause : null
2024-11-08 09:11:00,109 [WARN] ConditionMgr:438 - getConditionDescription Invalid condition id : UX DEVICE CLASS RTOS Condition cause : null
2024-11-08 09:11:00,122 [WARN] PackLoader:240 - Cannot read IP mode file for STMicroelectronics.X-CUBE-AZRTOS-H7.3.1.0
2024-11-08 09:11:00,124 [WARN] ConditionMgr:1039 - genDependencies : Invalid condition id : UX DEVICE CLASS RTOS Condition cause : null
2024-11-08 09:11:00,124 [WARN] ConditionMgr:1039 - genDependencies : Invalid condition id : UX DEVICE CLASS RTOS Condition cause : null
2024-11-08 09:11:00,125 [WARN] ConditionMgr:1039 - genDependencies : Invalid condition id : UX DEVICE CLASS RTOS Condition cause : null
2024-11-08 09:11:00,126 [WARN] ConditionMgr:1039 - genDependencies : Invalid condition id : UX DEVICE CLASS RTOS Condition cause : null
2024-11-08 09:11:00,126 [WARN] ConditionMgr:1039 - genDependencies : Invalid condition id : UX DEVICE CLASS RTOS Condition cause : null
2024-11-08 09:11:00,135 [WARN] PackLoader:240 - Cannot read IP mode file for STMicroelectronics.X-CUBE-SFXS2LP1.3.1.0
2024-11-08 09:11:00,154 [WARN] PackLoader:240 - Cannot read IP mode file for STMicroelectronics.X-CUBE-AZRTOS-F4.1.0.0
2024-11-08 09:11:00,172 [WARN] PackLoader:240 - Cannot read IP mode file for STMicroelectronics.X-CUBE-TOF1.2.0.0
2024-11-08 09:11:00,181 [WARN] PackLoader:240 - Cannot read IP mode file for STMicroelectronics.X-CUBE-NFC7.1.0.1
2024-11-08 09:11:00,187 [WARN] PackLoader:240 - Cannot read IP mode file for STMicroelectronics.X-CUBE-NFC7.1.0.0
2024-11-08 09:11:00,192 [WARN] PackLoader:240 - Cannot read IP mode file for wolfSSL.I-CUBE-wolfTPM.3.2.0
2024-11-08 09:11:00,200 [WARN] PackLoader:240 - Cannot read IP mode file for STMicroelectronics.X-CUBE-NFC6.3.0.0
2024-11-08 09:11:00,208 [WARN] PackLoader:240 - Cannot read IP mode file for STMicroelectronics.X-CUBE-EEPRMA1.4.1.0
2024-11-08 09:11:00,213 [WARN] PackLoader:240 - Cannot read IP mode file for STMicroelectronics.X-CUBE-DISPLAY.1.0.0
2024-11-08 09:11:00,216 [WARN] PackLoader:240 - Cannot read IP mode file for STMicroelectronics.X-CUBE-AI.8.1.0
2024-11-08 09:11:00,234 [WARN] PackLoader:240 - Cannot read IP mode file for STMicroelectronics.X-CUBE-AZRTOS-G0.1.0.0
2024-11-08 09:11:00,259 [WARN] ConditionMgr:438 - getConditionDescription Invalid condition id : LAN8742 Phy interface Condition cause : null
2024-11-08 09:11:00,261 [WARN] PackLoader:240 - Cannot read IP mode file for STMicroelectronics.X-CUBE-AZRTOS-L4.2.0.0
2024-11-08 09:11:00,267 [WARN] ConditionMgr:1039 - genDependencies : Invalid condition id : LAN8742 Phy interface Condition cause : null
2024-11-08 09:11:00,267 [WARN] ConditionMgr:1039 - genDependencies : Invalid condition id : LAN8742 Phy interface Condition cause : null
2024-11-08 09:11:00,269 [WARN] ConditionMgr:1039 - genDependencies : Invalid condition id : LAN8742 Phy interface Condition cause : null
2024-11-08 09:11:00,280 [WARN] PackLoader:240 - Cannot read IP mode file for STMicroelectronics.X-CUBE-SFXS2LP1.4.0.0
2024-11-08 09:11:00,310 [WARN] PackLoader:240 - Cannot read IP mode file for STMicroelectronics.X-CUBE-AZRTOS-H7.3.0.0
2024-11-08 09:11:00,320 [WARN] PackLoader:240 - Cannot read IP mode file for STMicroelectronics.X-CUBE-ISPU.1.1.0
2024-11-08 09:11:00,345 [WARN] PackLoader:240 - Cannot read IP mode file for STMicroelectronics.X-CUBE-AZRTOS-H7.3.3.0
2024-11-08 09:11:00,356 [WARN] PackLoader:240 - Cannot read IP mode file for RoweBots.I-CUBE-UNISONRTOS.5.5.0-4
2024-11-08 09:11:00,359 [WARN] PackLoader:240 - Cannot read IP mode file for STMicroelectronics.X-CUBE-AI.8.0.0
2024-11-08 09:11:00,372 [WARN] PackLoader:240 - Cannot read IP mode file for STMicroelectronics.X-CUBE-IPS.3.0.0
2024-11-08 09:11:00,392 [WARN] ConditionMgr:438 - getConditionDescription Invalid condition id : UX DEVICE CLASS RTOS Condition cause : null
2024-11-08 09:11:00,392 [WARN] ConditionMgr:438 - getConditionDescription Invalid condition id : UX DEVICE CLASS RTOS Condition cause : null
2024-11-08 09:11:00,396 [WARN] PackLoader:240 - Cannot read IP mode file for STMicroelectronics.X-CUBE-AZRTOS-WB.2.0.0
2024-11-08 09:11:00,397 [WARN] ConditionMgr:1039 - genDependencies : Invalid condition id : UX DEVICE CLASS RTOS Condition cause : null
2024-11-08 09:11:00,397 [WARN] ConditionMgr:1039 - genDependencies : Invalid condition id : UX DEVICE CLASS RTOS Condition cause : null
2024-11-08 09:11:00,398 [WARN] ConditionMgr:1039 - genDependencies : Invalid condition id : UX DEVICE CLASS RTOS Condition cause : null
2024-11-08 09:11:00,399 [WARN] ConditionMgr:1039 - genDependencies : Invalid condition id : UX DEVICE CLASS RTOS Condition cause : null
2024-11-08 09:11:00,400 [WARN] ConditionMgr:1039 - genDependencies : Invalid condition id : UX DEVICE CLASS RTOS Condition cause : null
2024-11-08 09:11:00,408 [WARN] PackLoader:240 - Cannot read IP mode file for STMicroelectronics.X-CUBE-FREERTOS.1.0.1
2024-11-08 09:11:00,414 [WARN] PackLoader:240 - Cannot read IP mode file for STMicroelectronics.X-CUBE-GNSS1.7.0.0
2024-11-08 09:11:00,462 [WARN] PackLoader:240 - Cannot read IP mode file for STMicroelectronics.X-CUBE-MEMS1.9.0.0
2024-11-08 09:11:00,533 [WARN] PackLoader:240 - Cannot read IP mode file for STMicroelectronics.FP-SNS-STBOX1.2.0.0
2024-11-08 09:11:00,554 [WARN] PackLoader:240 - Cannot read IP mode file for STMicroelectronics.X-CUBE-AZRTOS-L5.1.1.0
2024-11-08 09:11:00,571 [WARN] PackLoader:240 - Cannot read IP mode file for STMicroelectronics.X-CUBE-SUBG2.5.0.0
2024-11-08 09:11:00,589 [WARN] PackLoader:240 - Cannot read IP mode file for STMicroelectronics.X-CUBE-TOF1.3.3.1
2024-11-08 09:11:00,617 [WARN] PackLoader:240 - Cannot read IP mode file for STMicroelectronics.X-CUBE-AZRTOS-G4.2.0.0
2024-11-08 09:11:00,630 [WARN] PackLoader:240 - Cannot read IP mode file for STMicroelectronics.X-CUBE-TOF1.3.3.0
2024-11-08 09:11:00,638 [WARN] PackLoader:240 - Cannot read IP mode file for STMicroelectronics.FP-ATR-ASTRA1.1.1.1
2024-11-08 09:11:00,653 [WARN] PackLoader:240 - Cannot read IP mode file for Infineon.AIROC-Wi-Fi-Bluetooth-STM32.1.5.1
2024-11-08 09:11:00,661 [WARN] PackLoader:240 - Cannot read IP mode file for STMicroelectronics.FP-SNS-MOTENVWB1.1.3.1
2024-11-08 09:11:00,682 [WARN] PackLoader:240 - Cannot read IP mode file for STMicroelectronics.X-CUBE-AZRTOS-G4.1.0.0
2024-11-08 09:11:00,713 [WARN] PackLoader:240 - Cannot read IP mode file for STMicroelectronics.X-CUBE-AZRTOS-L4.1.0.0
2024-11-08 09:11:00,722 [WARN] PackLoader:240 - Cannot read IP mode file for STMicroelectronics.X-CUBE-ISPU.2.0.0
2024-11-08 09:11:00,726 [WARN] PackLoader:240 - Cannot read IP mode file for STMicroelectronics.X-CUBE-ALS.1.0.2
2024-11-08 09:11:00,783 [WARN] PackLoader:240 - Cannot read IP mode file for STMicroelectronics.X-CUBE-MEMS1.10.0.0
2024-11-08 09:11:00,870 [WARN] PackLoader:240 - Cannot read IP mode file for STMicroelectronics.X-CUBE-FREERTOS.1.1.0
2024-11-08 09:11:00,876 [WARN] PackLoader:240 - Cannot read IP mode file for STMicroelectronics.X-CUBE-TOUCHGFX.4.24.0
2024-11-08 09:11:00,893 [WARN] PackLoader:240 - Cannot read IP mode file for STMicroelectronics.X-CUBE-AZRTOS-F7.1.0.0
2024-11-08 09:11:00,909 [WARN] PackLoader:240 - Cannot read IP mode file for STMicroelectronics.X-CUBE-AZRTOS-WL.1.0.0
2024-11-08 09:11:00,913 [WARN] PackLoader:240 - Cannot read IP mode file for STMicroelectronics.X-CUBE-TOUCHGFX.4.24.1
2024-11-08 09:11:00,956 [WARN] PackLoader:240 - Cannot read IP mode file for STMicroelectronics.X-CUBE-MEMS1.9.1.0
2024-11-08 09:11:01,031 [WARN] PackLoader:240 - Cannot read IP mode file for portGmbH.I-Cube-SoM-uGOAL.1.1.0
2024-11-08 09:11:01,036 [WARN] PackLoader:240 - Cannot read IP mode file for STMicroelectronics.X-CUBE-ALS.1.0.1
2024-11-08 09:11:01,038 [WARN] PackLoader:240 - Cannot read IP mode file for STMicroelectronics.X-CUBE-AI.7.0.0
2024-11-08 09:11:01,051 [WARN] PackLoader:240 - Cannot read IP mode file for STMicroelectronics.X-CUBE-AZRTOS-WB.1.1.0
2024-11-08 09:11:01,068 [WARN] PackLoader:240 - Cannot read IP mode file for STMicroelectronics.X-CUBE-AZRTOS-L5.1.0.0
2024-11-08 09:11:01,075 [WARN] PackLoader:240 - Cannot read IP mode file for STMicroelectronics.X-CUBE-EEPRMA1.3.1.0
2024-11-08 09:11:01,079 [WARN] PackLoader:240 - Cannot read IP mode file for STMicroelectronics.X-CUBE-EEPRMA1.3.1.1
2024-11-08 09:11:01,097 [WARN] PackLoader:240 - Cannot read IP mode file for STMicroelectronics.X-CUBE-AZRTOS-H7RS.1.0.0
2024-11-08 09:11:01,110 [WARN] PackLoader:240 - Cannot read IP mode file for STMicroelectronics.X-CUBE-GNSS1.5.2.0
2024-11-08 09:11:01,115 [WARN] PackLoader:240 - Cannot read IP mode file for STMicroelectronics.FP-ATR-ASTRA1.2.0.0
2024-11-08 09:11:01,133 [WARN] PackLoader:240 - Cannot read IP mode file for STMicroelectronics.X-CUBE-TOF1.3.4.2
2024-11-08 09:11:01,152 [WARN] PackLoader:240 - Cannot read IP mode file for STMicroelectronics.X-CUBE-TOF1.3.4.0
2024-11-08 09:11:01,169 [WARN] PackLoader:240 - Cannot read IP mode file for STMicroelectronics.X-CUBE-TOF1.3.4.1
2024-11-08 09:11:01,197 [WARN] PackLoader:240 - Cannot read IP mode file for STMicroelectronics.X-CUBE-AZRTOS-H7.3.2.0
2024-11-08 09:11:01,204 [WARN] PackLoader:240 - Cannot read IP mode file for wolfSSL.I-CUBE-wolfSSH.1.4.17
2024-11-08 09:11:01,206 [INFO] ThirdParty:978 - Integrity check success = true
2024-11-08 09:11:01,206 [INFO] IntegrityCheckThread:100 - exiting critical section [integrity check]
2024-11-08 09:11:01,206 [INFO] IntegrityCheckThread:103 - End integrity checks thread
2024-11-08 09:11:02,986 [INFO] WebApp:167 - Instantiating new browser for Auth
2024-11-08 09:11:04,621 [INFO] WebApp:448 - Apply proxy settings
2024-11-08 09:11:04,657 [INFO] WebApp:493 - Chromium authenticates against Manually configured proxy
2024-11-08 09:11:04,693 [INFO] WebApp:501 - Username used for proxy authentication: 
2024-11-08 09:11:04,779 [INFO] WebApp:869 - Register for checkConnection events
2024-11-08 09:11:04,780 [INFO] WebApp:448 - Apply proxy settings
2024-11-08 09:11:04,801 [INFO] WebApp:493 - Chromium authenticates against Manually configured proxy
2024-11-08 09:11:04,802 [INFO] WebApp:501 - Username used for proxy authentication: 
2024-11-08 09:11:05,105 [INFO] WebApp:220 - Starting web application
2024-11-08 09:11:05,106 [INFO] WebApp:578 - Web application path used /Applications/STM32CubeIDE.app/Contents/Eclipse/plugins/com.st.stm32cube.common.mx_6.12.1.202409122256/db/plugins/mcufinder/reactClient1/index.html
2024-11-08 09:11:05,550 [INFO] WebApp:186 - Connection restablished
2024-11-08 09:11:05,894 [INFO] UserAuth:417 - Internet connection configuration mode: 1
2024-11-08 15:25:43,850 [INFO] McuFinderGlobals:63 - Set McuFinder mode to 2 (CubeIDE integrated)
2024-11-08 15:25:44,455 [INFO] MainUpdater:2873 - connection check result : 10
2024-11-08 15:25:44,456 [INFO] MainUpdater:2873 - connection check result : 10
2024-11-08 15:25:45,464 [INFO] RulesReader:64 - Compatibility file has been processed (297 Rules)
2024-11-08 15:25:45,477 [INFO] RulesReader:64 - Compatibility file has been processed (297 Rules)
2024-11-08 15:25:45,484 [INFO] MicroXplorer:468 - Change Database Path : 
2024-11-08 15:25:45,484 [INFO] MicroXplorer:498 - Change Database Version : DB.6.0.121
2024-11-08 15:25:45,491 [WARN] ThirdParty:871 - waiting for thirdparty lock release [close project]
2024-11-08 15:25:45,491 [INFO] ThirdParty:873 - entering critical section [close project]
2024-11-08 15:25:45,500 [INFO] ThirdParty:883 - exiting critical section [close project]
2024-11-08 15:25:45,504 [INFO] PinOutPanel:1561 - setPackage(No Configuration,No Configuration)
2024-11-08 15:25:45,519 [INFO] UtilMem:75 - Begin LoadConfig() Used Memory: 260493448 Bytes (479199232)
2024-11-08 15:25:45,523 [INFO] MicroXplorer:468 - Change Database Path : 
2024-11-08 15:25:45,523 [INFO] MicroXplorer:498 - Change Database Version : DB.6.0.121
2024-11-08 15:25:45,524 [INFO] OpenFileManager:332 - Change cursor
2024-11-08 15:25:45,584 [INFO] Mcu:2032 - Initializing MCU STM32F303R(D-E)Tx STM32F303RETx STM32F303RET6
2024-11-08 15:25:47,603 [INFO] Context:742 - Trying to add GPIOservice into a context  which must be forbidden
2024-11-08 15:25:48,811 [INFO] RtosManager:555 - Registered RTOS mode: class=CMSIS, group=RTOS, mode=CMSIS_V1, owner=FREERTOS
2024-11-08 15:25:48,813 [INFO] RtosManager:555 - Registered RTOS mode: class=CMSIS, group=RTOS2, mode=CMSIS_V2, owner=FREERTOS
2024-11-08 15:25:48,813 [INFO] RtosManager:555 - Registered RTOS mode: class=RTOS, group=Core, mode=CMSIS_V1, owner=FREERTOS
2024-11-08 15:25:48,813 [INFO] RtosManager:555 - Registered RTOS mode: class=RTOS, group=Core, mode=CMSIS_V2, owner=FREERTOS
2024-11-08 15:25:48,813 [WARN] ModelIntegratedComponent:184 - Missing modes for component STMicroelectronics:FreeRTOS:0.0.1:STMicroelectronics:RTOS:FreeRTOS:Core:::10.2.0:
2024-11-08 15:25:48,825 [WARN] ModelIntegratedComponent:63 - No mode defined for component null
2024-11-08 15:25:48,827 [WARN] ModelIntegratedComponent:63 - No mode defined for component null
2024-11-08 15:25:48,827 [WARN] ModelIntegratedComponent:63 - No mode defined for component null
2024-11-08 15:25:48,827 [WARN] ModelIntegratedComponent:63 - No mode defined for component null
2024-11-08 15:25:48,827 [WARN] ModelIntegratedComponent:63 - No mode defined for component null
2024-11-08 15:25:48,827 [WARN] ModelIntegratedComponent:63 - No mode defined for component null
2024-11-08 15:25:48,827 [WARN] ModelIntegratedComponent:63 - No mode defined for component null
2024-11-08 15:25:48,827 [WARN] ModelIntegratedComponent:63 - No mode defined for component null
2024-11-08 15:25:48,827 [WARN] ModelIntegratedComponent:63 - No mode defined for component null
2024-11-08 15:25:48,827 [WARN] ModelIntegratedComponent:63 - No mode defined for component null
2024-11-08 15:25:48,827 [WARN] ModelIntegratedComponent:63 - No mode defined for component null
2024-11-08 15:25:48,827 [WARN] ModelIntegratedComponent:63 - No mode defined for component null
2024-11-08 15:25:48,827 [WARN] ModelIntegratedComponent:63 - No mode defined for component null
2024-11-08 15:25:48,827 [WARN] ModelIntegratedComponent:63 - No mode defined for component null
2024-11-08 15:25:48,827 [WARN] ModelIntegratedComponent:63 - No mode defined for component null
2024-11-08 15:25:48,827 [WARN] ModelIntegratedComponent:63 - No mode defined for component null
2024-11-08 15:25:48,827 [WARN] ModelIntegratedComponent:63 - No mode defined for component null
2024-11-08 15:25:48,827 [WARN] ModelIntegratedComponent:63 - No mode defined for component null
2024-11-08 15:25:48,827 [WARN] ModelIntegratedComponent:63 - No mode defined for component null
2024-11-08 15:25:48,827 [WARN] ModelIntegratedComponent:63 - No mode defined for component null
2024-11-08 15:25:48,827 [WARN] ModelIntegratedComponent:63 - No mode defined for component null
2024-11-08 15:25:48,827 [WARN] ModelIntegratedComponent:63 - No mode defined for component null
2024-11-08 15:25:48,827 [WARN] ModelIntegratedComponent:63 - No mode defined for component null
2024-11-08 15:25:48,827 [WARN] ModelIntegratedComponent:63 - No mode defined for component null
2024-11-08 15:25:48,827 [WARN] ModelIntegratedComponent:63 - No mode defined for component null
2024-11-08 15:25:48,828 [WARN] ModelIntegratedComponent:63 - No mode defined for component null
2024-11-08 15:25:48,828 [WARN] ModelIntegratedComponent:63 - No mode defined for component null
2024-11-08 15:25:48,828 [WARN] ModelIntegratedComponent:63 - No mode defined for component null
2024-11-08 15:25:48,828 [WARN] ModelIntegratedComponent:63 - No mode defined for component null
2024-11-08 15:25:48,828 [WARN] ModelIntegratedComponent:63 - No mode defined for component null
2024-11-08 15:25:48,828 [WARN] ModelIntegratedComponent:63 - No mode defined for component null
2024-11-08 15:25:48,828 [WARN] ModelIntegratedComponent:63 - No mode defined for component null
2024-11-08 15:25:48,828 [WARN] ModelIntegratedComponent:63 - No mode defined for component null
2024-11-08 15:25:48,828 [WARN] ModelIntegratedComponent:63 - No mode defined for component null
2024-11-08 15:25:48,828 [WARN] ModelIntegratedComponent:63 - No mode defined for component null
2024-11-08 15:25:48,828 [WARN] ModelPack:524 - Component already loaded: STMicroelectronics:HAL Drivers:0.0.0:STMicroelectronics:Device:STMicro_Driver:XSPI:HAL::0.0.1:HAL_XSPI
2024-11-08 15:25:49,181 [INFO] ThirdPartyModel:298 - Start build external matchings
2024-11-08 15:25:51,561 [INFO] ThirdPartyModel:316 - End build external matchings
2024-11-08 15:25:51,657 [INFO] ImportTextPane:205 - (OptionalMessage_ERROR) IP (DMA) : Parameter (Instance) has Id (UART4_RX) currently not set
2024-11-08 15:25:51,658 [INFO] ImportTextPane:205 - (OptionalMessage_ERROR) IP (DMA) : Parameter (Direction) has Id (UART4_RX) currently not set
2024-11-08 15:25:51,658 [INFO] ImportTextPane:205 - (OptionalMessage_ERROR) IP (DMA) : Parameter (PeriphInc) has Id (UART4_RX) currently not set
2024-11-08 15:25:51,658 [INFO] ImportTextPane:205 - (OptionalMessage_ERROR) IP (DMA) : Parameter (MemInc) has Id (UART4_RX) currently not set
2024-11-08 15:25:51,659 [INFO] ImportTextPane:205 - (OptionalMessage_ERROR) IP (DMA) : Parameter (PeriphDataAlignment) has Id (UART4_RX) currently not set
2024-11-08 15:25:51,659 [INFO] ImportTextPane:205 - (OptionalMessage_ERROR) IP (DMA) : Parameter (MemDataAlignment) has Id (UART4_RX) currently not set
2024-11-08 15:25:51,659 [INFO] ImportTextPane:205 - (OptionalMessage_ERROR) IP (DMA) : Parameter (Mode) has Id (UART4_RX) currently not set
2024-11-08 15:25:51,659 [INFO] ImportTextPane:205 - (OptionalMessage_ERROR) IP (DMA) : Parameter (Priority) has Id (UART4_RX) currently not set
2024-11-08 15:25:51,670 [INFO] ImportTextPane:205 - (OptionalMessage_ERROR) IP (RCC) : Invalid parameter (FamilyName)
2024-11-08 15:25:51,673 [INFO] ImportTextPane:205 - (OptionalMessage_ERROR) IP (RCC) : Invalid parameter (PLLM)
2024-11-08 15:25:51,673 [INFO] ImportTextPane:205 - (OptionalMessage_ERROR) IP (RCC) : Invalid parameter (PLLN)
2024-11-08 15:25:51,673 [INFO] ImportTextPane:205 - (OptionalMessage_ERROR) IP (RCC) : Invalid parameter (PLLP)
2024-11-08 15:25:51,674 [INFO] ImportTextPane:205 - (OptionalMessage_ERROR) IP (RCC) : Invalid parameter (PLLQ)
2024-11-08 15:25:51,674 [INFO] ImportTextPane:205 - (OptionalMessage_ERROR) IP (RCC) : Invalid parameter (RCC_PLLsource_Clock_Source_FROM_HSE)
2024-11-08 15:25:51,675 [INFO] ImportTextPane:205 - (OptionalMessage_ERROR) IP (RCC) : Parameter (USBFreq_Value) has invalid value (72000000)
2024-11-08 15:25:52,741 [INFO] ApiDb:581 - Connected to CubeFinder SQLite database (/Users/mark/.stmcufinder/plugins/mcufinder/mcu/cube-finder-db.db)
2024-11-08 15:25:52,806 [INFO] ApiDb:668 - CubeFinder database Data Model version=2.1
2024-11-08 15:25:52,806 [INFO] ApiDb:669 - CubeFinder database Configuration version=3.0.39
2024-11-08 15:25:52,815 [INFO] ApiDb:670 - CubeFinder database generation date=2024-10-15 (1729006872)
2024-11-08 15:25:52,815 [INFO] ApiDb:671 - CubeFinder database FW Pack versions=[FP-ATR-ASTRA1_V2.0.0, FP-SNS-FLIGHT1_V5.0.2, FP-SNS-MOTENV1_V5.0.0, FP-SNS-MOTENVWB1_V1.4.0, FP-SNS-SMARTAG2_V1.2.0, FP-SNS-STBOX1_V2.0.0, STM32Cube_FW_C0_V1.2.0, STM32Cube_FW_F4_V1.28.1, STM32Cube_FW_F7_V1.17.2, STM32Cube_FW_G0_V1.6.2, STM32Cube_FW_G4_V1.6.0, STM32Cube_FW_H5_V1.3.0, STM32Cube_FW_H7RS_V1.1.0, STM32Cube_FW_H7_V1.11.2, STM32Cube_FW_L0_V1.12.2, STM32Cube_FW_L5_V1.5.1, STM32Cube_FW_U0_V1.1.0, STM32Cube_FW_U5_V1.6.0, STM32Cube_FW_WB0_V1.0.0, STM32Cube_FW_WBA_V1.4.1, STM32Cube_FW_WB_V1.20.0, STM32Cube_FW_WL_V1.3.0, X-CUBE-ALGOBUILD_V1.4.0, X-CUBE-ALS_V1.0.2, X-CUBE-AZRTOS-F4_V1.1.0, X-CUBE-AZRTOS-F7_V1.1.0, X-CUBE-AZRTOS-G0_V1.1.0, X-CUBE-AZRTOS-G4_V2.0.0, X-CUBE-AZRTOS-H7RS_V1.0.0, X-CUBE-AZRTOS-H7_V3.3.0, X-CUBE-AZRTOS-L4_V2.0.0, X-CUBE-AZRTOS-L5_V2.0.0, X-CUBE-AZRTOS-WB_V2.0.0, X-CUBE-AZRTOS-WL_V2.0.0, X-CUBE-BLE1_V7.0.0, X-CUBE-BLE2_V3.3.0, X-CUBE-BLEMGR_V3.1.0, X-CUBE-EEPRMA1_V5.1.0, X-CUBE-FREERTOS_V1.2.0, X-CUBE-GNSS1_V6.0.0, X-CUBE-MEMS1_V11.0.0, X-CUBE-NFC4_V3.0.0, X-CUBE-NFC7_V1.0.1, X-CUBE-SFXS2LP1_V4.0.0, X-CUBE-SUBG2_V5.0.0, X-CUBE-TOF1_V3.4.2]
2024-11-08 15:25:52,918 [INFO] DbBoardsSqlite:226 - include board P-NUCLEO-WB55-NUCLEO as a kit item of type 'Nucleo-64'
2024-11-08 15:25:52,919 [INFO] DbBoardsSqlite:226 - include board P-NUCLEO-WB55-USBDONGLE as a kit item of type 'Nucleo USB Dongle'
2024-11-08 15:25:52,920 [INFO] DbBoardsSqlite:226 - include board STEVAL-IDP005V1 as a kit item of type 'Evaluation Board'
2024-11-08 15:25:52,921 [INFO] DbBoardsSqlite:226 - include board STEVAL-IDP005V2 as a kit item of type 'Evaluation Board'
2024-11-08 15:25:53,040 [INFO] ApiDb:240 - Found 646 in-development CPN: [B-G473E-ZEST1S, B-WB1M-WPAN1, B-WL5M-SUBG1, NUCLEO-C031C6, NUCLEO-C071RB, NUCLEO-H503RB, NUCLEO-H533RE, NUCLEO-H563ZI, NUCLEO-H7S3L8, NUCLEO-U031R8, NUCLEO-U083RC, NUCLEO-U545RE-Q, NUCLEO-U5A5ZJ-Q, NUCLEO-WB05KZ, NUCLEO-WB07CC, NUCLEO-WB09KE, NUCLEO-WBA52CG, NUCLEO-WBA55CG, STEVAL-PROTEUS1, STEVAL-SMARTAG2, STEVAL-STWINBX1, STM320518-EVAL, STM32C0116-DK, STM32C011D6Y3TR, STM32C011D6Y6TR, STM32C011F4P3, STM32C011F4P6, STM32C011F4U3, STM32C011F4U6TR, STM32C011F6P3, STM32C011F6P6, STM32C011F6U3, STM32C011F6U6TR, STM32C011J4M3, STM32C011J4M6, STM32C011J6M3, STM32C011J6M6, STM32C0316-DK, STM32C031C4T3, STM32C031C4T6, STM32C031C4U3, STM32C031C4U6, STM32C031C6T3, STM32C031C6T6, STM32C031C6U3, STM32C031C6U6, STM32C031F4P3, STM32C031F4P6, STM32C031F6P3, STM32C031F6P6, STM32C031G4U3, STM32C031G4U6, STM32C031G6U3, STM32C031G6U6, STM32C031K4T3, STM32C031K4T6, STM32C031K4U3, STM32C031K4U6, STM32C031K6T3, STM32C031K6T6, STM32C031K6U3, STM32C031K6U6, STM32C071C8T6, STM32C071C8T6N, STM32C071C8U6, STM32C071C8U6N, STM32C071CBT6, STM32C071CBT6N, STM32C071CBU6, STM32C071CBU6N, STM32C071F8P6, STM32C071F8P6N, STM32C071FBP6, STM32C071FBP6N, STM32C071FBY6TR, STM32C071G8U6, STM32C071G8U6N, STM32C071GBU6, STM32C071GBU6N, STM32C071K8T6, STM32C071K8T6N, STM32C071K8U6, STM32C071K8U6N, STM32C071KBT6, STM32C071KBT6N, STM32C071KBU6, STM32C071KBU6N, STM32C071R8T6, STM32C071R8T6N, STM32C071RBI6N, STM32C071RBT6, STM32C071RBT6N, STM32G071K8TXN, STM32G071K8UXN, STM32G081GBU6N, STM32G081KBT6N, STM32G081KBUXN, STM32G0B1CCT6N, STM32G0B1KCT6, STM32G0B1NEY6TR, STM32G0B1RCT6N, STM32G0C1CCT6, STM32G0C1CCT6N, STM32G0C1CCU6N, STM32G0C1CET6N, STM32G0C1CEU6N, STM32G0C1KCT6, STM32G0C1NEY6TR, STM32G0C1RCI6N, STM32G0C1RCT6N, STM32G0C1REI6N, STM32G0C1RET6N, STM32G0C1VCI6, STM32G0C1VEI6, STM32G411C6T3, STM32G411C6T6, STM32G411C6U3, STM32G411C6U6, STM32G411C8T3, STM32G411C8T6, STM32G411C8U3, STM32G411C8U6, STM32G411CBT3, STM32G411CBT6, STM32G411CBU3, STM32G411CBU6, STM32G411K6T3, STM32G411K6T6, STM32G411K6U3, STM32G411K6U6, STM32G411K8T3, STM32G411K8T6, STM32G411K8U3, STM32G411K8U6, STM32G411KBT3, STM32G411KBT6, STM32G411KBU3, STM32G411KBU6, STM32G411M6T3, STM32G411M6T6, STM32G411M8T3, STM32G411M8T6, STM32G411MBT3, STM32G411MBT6, STM32G411R6T3, STM32G411R6T6, STM32G411R8T3, STM32G411R8T6, STM32G411RBT3, STM32G411RBT6, STM32G414CBT3, STM32G414CBT6, STM32G414CBU3, STM32G414CBU6, STM32G414CCT3, STM32G414CCT6, STM32G414CCU3, STM32G414CCU6, STM32G414MBT3, STM32G414MBT6, STM32G414MCT3, STM32G414MCT6, STM32G414RBT3, STM32G414RBT6, STM32G414RCT3, STM32G414RCT6, STM32G414VBT3, STM32G414VBT6, STM32G414VCT3, STM32G414VCT6, STM32G431CBT3Z, STM32G431RBT3Z, STM32G471CCT6, STM32G471CCU6, STM32G471CET3, STM32G471CET6, STM32G471CEU3, STM32G471CEU6, STM32G471MCT6, STM32G471MET3, STM32G471MET6, STM32G471MEY6TR, STM32G471QCT6, STM32G471QET3, STM32G471RCT6, STM32G471RET3, STM32G471RET6, STM32G471VCH6, STM32G471VCI6, STM32G471VCT6, STM32G471VEH3, STM32G471VEH6, STM32G471VEI3, STM32G471VEI6, STM32G471VET3, STM32G471VET6, STM32G473QET3Z, STM32G473RET3Z, STM32G474CCT6, STM32G491RET3Z, STM32H503CBT6, STM32H503CBU6, STM32H503EBY6TR, STM32H503KBU6, STM32H503RBT6, STM32H523CCT6, STM32H523CCU6, STM32H523CET6, STM32H523CEU6, STM32H523HEY6TR, STM32H523RCT6, STM32H523RET6, STM32H523VCI6, STM32H523VCT6, STM32H523VEI6, STM32H523VET6, STM32H523ZCJ6, STM32H523ZCT6, STM32H523ZEJ6, STM32H523ZET6, STM32H533CET6, STM32H533CEU6, STM32H533HEY6TR, STM32H533RET6, STM32H533VEI6, STM32H533VET6, STM32H533ZEJ6, STM32H533ZET6, STM32H562AGI6, STM32H562AII6, STM32H562IGK6, STM32H562IGT6, STM32H562IIK6, STM32H562IIT6, STM32H562RGT6, STM32H562RGV6, STM32H562RIT6, STM32H562RIV6, STM32H562VGT6, STM32H562VIT6, STM32H562ZGT6, STM32H562ZIT6, STM32H563AGI6, STM32H563AII3Q, STM32H563AII6, STM32H563IGK6, STM32H563IGT6, STM32H563IIK3Q, STM32H563IIK6, STM32H563IIT3Q, STM32H563IIT6, STM32H563MIY3QTR, STM32H563RGT6, STM32H563RGV6, STM32H563RIT6, STM32H563RIV6, STM32H563VGT6, STM32H563VIT3Q, STM32H563VIT6, STM32H563ZGT6, STM32H563ZIT3Q, STM32H563ZIT6, STM32H573AII3Q, STM32H573AII6, STM32H573I-DK, STM32H573IIK3Q, STM32H573IIK6, STM32H573IIT3Q, STM32H573IIT6, STM32H573MIY3QTR, STM32H573RIT6, STM32H573RIV6, STM32H573VIT3Q, STM32H573VIT6, STM32H573ZIT3Q, STM32H573ZIT6, STM32H7R3A8I6, STM32H7R3I8K6, STM32H7R3I8T6, STM32H7R3L8H6, STM32H7R3L8H6H, STM32H7R3R8V6, STM32H7R3V8H6, STM32H7R3V8T6, STM32H7R3V8Y6TR, STM32H7R3Z8J6, STM32H7R3Z8T6, STM32H7R7A8I6, STM32H7R7I8K6, STM32H7R7I8T6, STM32H7R7L8H6, STM32H7R7L8H6H, STM32H7R7Z8J6, STM32H7S3A8I6, STM32H7S3I8K6, STM32H7S3I8T6, STM32H7S3L8H6, STM32H7S3L8H6H, STM32H7S3R8V6, STM32H7S3V8H6, STM32H7S3V8T6, STM32H7S3V8Y6TR, STM32H7S3Z8J6, STM32H7S3Z8T6, STM32H7S78-DK, STM32H7S7A8I6, STM32H7S7I8K6, STM32H7S7I8T6, STM32H7S7L8H6, STM32H7S7L8H6H, STM32H7S7Z8J6, STM32L4R5QGI6STR, STM32MP131AAE3, STM32MP131AAF3, STM32MP131AAG3, STM32MP131CAE3, STM32MP131CAF3, STM32MP131CAG3, STM32MP131DAE7, STM32MP131DAF7, STM32MP131DAG7, STM32MP131FAE7, STM32MP131FAF7, STM32MP131FAG7, STM32MP133AAE3, STM32MP133AAF3, STM32MP133AAG3, STM32MP133CAE3, STM32MP133CAF3, STM32MP133CAG3, STM32MP133DAE7, STM32MP133DAF7, STM32MP133DAG7, STM32MP133FAE7, STM32MP133FAF7, STM32MP133FAG7, STM32MP135AAE3, STM32MP135AAF3, STM32MP135AAG3, STM32MP135CAE3, STM32MP135CAF3, STM32MP135CAG3, STM32MP135DAE7, STM32MP135DAF7, STM32MP135DAG7, STM32MP135F-DK, STM32MP135FAE7, STM32MP135FAF7, STM32MP135FAF7T, STM32MP135FAF7U, STM32MP135FAG7, STM32MP251AAI3, STM32MP251AAK3, STM32MP251AAL3, STM32MP251CAI3, STM32MP251CAK3, STM32MP251CAL3, STM32MP251DAI3, STM32MP251DAK3, STM32MP251DAL3, STM32MP251FAI3, STM32MP251FAK3, STM32MP251FAL3, STM32MP253AAI3, STM32MP253AAK3, STM32MP253AAL3, STM32MP253CAI3, STM32MP253CAK3, STM32MP253CAL3, STM32MP253DAI3, STM32MP253DAK3, STM32MP253DAL3, STM32MP253FAI3, STM32MP253FAK3, STM32MP253FAL3, STM32MP255AAI3, STM32MP255AAK3, STM32MP255AAL3, STM32MP255CAI3, STM32MP255CAK3, STM32MP255CAL3, STM32MP255DAI3, STM32MP255DAK3, STM32MP255DAL3, STM32MP255FAI3, STM32MP255FAK3, STM32MP255FAL3, STM32MP257AAI3, STM32MP257AAK3, STM32MP257AAL3, STM32MP257CAI3, STM32MP257CAK3, STM32MP257CAL3, STM32MP257DAI3, STM32MP257DAK3, STM32MP257DAL3, STM32MP257F-DK, STM32MP257F-EV1, STM32MP257FAI3, STM32MP257FAK3, STM32MP257FAL3, STM32U031C6T6, STM32U031C6U6, STM32U031C8T6, STM32U031C8U6, STM32U031F4P6, STM32U031F6P6, STM32U031F8P6, STM32U031G6Y6TR, STM32U031G8Y6TR, STM32U031K4U6, STM32U031K6U6, STM32U031K8U6, STM32U031R6I6, STM32U031R6T6, STM32U031R8I6, STM32U031R8T6, STM32U073C8T6, STM32U073C8U6, STM32U073CBT6, STM32U073CBU6, STM32U073CCT6, STM32U073CCU6, STM32U073H8Y6TR, STM32U073HBY6TR, STM32U073HCY6TR, STM32U073K8U6, STM32U073KBU6, STM32U073KCU6, STM32U073M8I6, STM32U073M8T6, STM32U073MBI6, STM32U073MBT6, STM32U073MCI6, STM32U073MCT6, STM32U073R8I6, STM32U073R8T6, STM32U073RBI6, STM32U073RBT6, STM32U073RCI6, STM32U073RCT6, STM32U083C-DK, STM32U083CCT6, STM32U083CCU6, STM32U083HCY6TR, STM32U083KCU6, STM32U083MCI6, STM32U083MCT6, STM32U083RCI6, STM32U083RCT6, STM32U535CBT6, STM32U535CBT6Q, STM32U535CBU6, STM32U535CBU6Q, STM32U535CCT6, STM32U535CCT6Q, STM32U535CCU6, STM32U535CCU6Q, STM32U535CET6, STM32U535CET6Q, STM32U535CEU6, STM32U535CEU6Q, STM32U535JEY6QTR, STM32U535NCY6QTR, STM32U535NEY6QTR, STM32U535RBI6, STM32U535RBI6Q, STM32U535RBT6, STM32U535RBT6Q, STM32U535RCI6, STM32U535RCI6Q, STM32U535RCT6, STM32U535RCT6Q, STM32U535REI6, STM32U535REI6Q, STM32U535RET6, STM32U535RET6Q, STM32U535VCI6, STM32U535VCI6Q, STM32U535VCT6, STM32U535VCT6Q, STM32U535VEI6, STM32U535VEI6Q, STM32U535VET6, STM32U535VET6Q, STM32U545CET6, STM32U545CET6Q, STM32U545CEU6, STM32U545CEU6Q, STM32U545JEY6QTR, STM32U545NEY6QTR, STM32U545REI6, STM32U545REI6Q, STM32U545RET6, STM32U545RET6Q, STM32U545VEI6, STM32U545VEI6Q, STM32U545VET6, STM32U545VET6Q, STM32U595AIH6, STM32U595AIH6Q, STM32U595AJH6, STM32U595AJH6Q, STM32U595QII6, STM32U595QII6Q, STM32U595QJI6, STM32U595QJI6Q, STM32U595RIT6, STM32U595RIT6Q, STM32U595RJT6, STM32U595RJT6Q, STM32U595VIT6, STM32U595VIT6Q, STM32U595VJT6, STM32U595VJT6Q, STM32U595ZIT6, STM32U595ZIT6Q, STM32U595ZIY6QTR, STM32U595ZJT6, STM32U595ZJT6Q, STM32U595ZJY6QTR, STM32U599BJY6QTR, STM32U599NIH6Q, STM32U599NJH6Q, STM32U599VIT6Q, STM32U599VJT6, STM32U599VJT6Q, STM32U599ZIT6Q, STM32U599ZIY6QTR, STM32U599ZJT6Q, STM32U599ZJY6QTR, STM32U5A5AJH6, STM32U5A5AJH6Q, STM32U5A5QII3Q , STM32U5A5QJI6, STM32U5A5QJI6Q, STM32U5A5RJT6, STM32U5A5RJT6Q, STM32U5A5VJT6, STM32U5A5VJT6Q, STM32U5A5ZJT6, STM32U5A5ZJT6Q, STM32U5A5ZJY6QTR, STM32U5A9BJY6QTR, STM32U5A9J-DK, STM32U5A9NJH6Q, STM32U5A9VJT6Q, STM32U5A9ZJT6Q, STM32U5A9ZJY6QTR, STM32U5F7VIT6, STM32U5F7VIT6Q, STM32U5F7VJT6, STM32U5F7VJT6Q, STM32U5F9BJY6QTR, STM32U5F9NJH6Q, STM32U5F9VIT6Q, STM32U5F9VJT6Q, STM32U5F9ZIJ6QTR, STM32U5F9ZIT6Q, STM32U5F9ZJJ6QTR, STM32U5F9ZJT6Q, STM32U5G7VJT6, STM32U5G7VJT6Q, STM32U5G9BJY6QTR, STM32U5G9J-DK1, STM32U5G9J-DK2, STM32U5G9NJH6Q, STM32U5G9VJT6Q, STM32U5G9ZJJ6QTR, STM32U5G9ZJT6Q, STM32WB05KZV6TR, STM32WB05KZV7TR, STM32WB05TZF6TR, STM32WB05TZF7TR, STM32WB06CCF6TR, STM32WB06CCF7TR, STM32WB06CCV6TR, STM32WB06CCV7TR, STM32WB06KCV6TR, STM32WB06KCV7TR, STM32WB07CCF6TR, STM32WB07CCF7TR, STM32WB07CCV6TR, STM32WB07CCV7TR, STM32WB07KCV6TR, STM32WB07KCV7TR, STM32WB09KEV6TR, STM32WB09KEV7TR, STM32WB09TEF6TR, STM32WB09TEF7TR, STM32WB1MMCH6, STM32WBA50KGU6, STM32WBA50KGU6TR, STM32WBA52CEU6, STM32WBA52CEU6TR, STM32WBA52CEU7, STM32WBA52CEU7TR, STM32WBA52CGU6, STM32WBA52CGU6TR, STM32WBA52CGU6U, STM32WBA52CGU7, STM32WBA52CGU7TR, STM32WBA52KEU6, STM32WBA52KEU6TR, STM32WBA52KGU6, STM32WBA52KGU6TR, STM32WBA54CEU6, STM32WBA54CEU6TR, STM32WBA54CEU7, STM32WBA54CEU7TR, STM32WBA54CGU6, STM32WBA54CGU6TR, STM32WBA54CGU7, STM32WBA54CGU7TR, STM32WBA54KEU6, STM32WBA54KEU6TR, STM32WBA54KEU7, STM32WBA54KEU7TR, STM32WBA54KGU6, STM32WBA54KGU6TR, STM32WBA54KGU7, STM32WBA54KGU7TR, STM32WBA55CEU6, STM32WBA55CEU6TR, STM32WBA55CEU7, STM32WBA55CEU7TR, STM32WBA55CGU6, STM32WBA55CGU6TR, STM32WBA55CGU6U, STM32WBA55CGU7, STM32WBA55CGU7TR, STM32WBA55G-DK1, STM32WBA55HEF6, STM32WBA55HEF7, STM32WBA55HGF6, STM32WBA55HGF7, STM32WBA55UEI6, STM32WBA55UEI6TR, STM32WBA55UEI7, STM32WBA55UEI7TR, STM32WBA55UGI6, STM32WBA55UGI6TR, STM32WBA55UGI7, STM32WBA55UGI7TR, STM32WL5MOCH6, STM32WL5MOCH6TR]
2024-11-08 15:25:53,169 [INFO] BoardInfo:889 - No configuration file found for board P-NUCLEO-WB55
2024-11-08 15:25:53,170 [INFO] DbBoards:161 - Kit is not supported: P-NUCLEO-WB55
2024-11-08 15:25:53,174 [INFO] BoardInfo:889 - No configuration file found for board STEVAL-BFA001V1B
2024-11-08 15:25:53,175 [INFO] DbBoards:161 - Kit is not supported: STEVAL-BFA001V1B
2024-11-08 15:25:53,176 [INFO] BoardInfo:889 - No configuration file found for board STEVAL-BFA001V2B
2024-11-08 15:25:53,176 [INFO] DbBoards:161 - Kit is not supported: STEVAL-BFA001V2B
2024-11-08 15:25:53,294 [INFO] DbBoards:168 - Found 201 boards, 198 are supported
2024-11-08 15:25:53,294 [INFO] DbBoards:169 - Found 201 boards, 25 of them is supported for  Bsp
2024-11-08 15:25:53,298 [INFO] ApiDb:668 - CubeFinder database Data Model version=2.1
2024-11-08 15:25:53,298 [INFO] ApiDb:669 - CubeFinder database Configuration version=3.0.39
2024-11-08 15:25:53,298 [INFO] ApiDb:670 - CubeFinder database generation date=2024-10-15 (1729006872)
2024-11-08 15:25:53,299 [INFO] ApiDb:671 - CubeFinder database FW Pack versions=[FP-ATR-ASTRA1_V2.0.0, FP-SNS-FLIGHT1_V5.0.2, FP-SNS-MOTENV1_V5.0.0, FP-SNS-MOTENVWB1_V1.4.0, FP-SNS-SMARTAG2_V1.2.0, FP-SNS-STBOX1_V2.0.0, STM32Cube_FW_C0_V1.2.0, STM32Cube_FW_F4_V1.28.1, STM32Cube_FW_F7_V1.17.2, STM32Cube_FW_G0_V1.6.2, STM32Cube_FW_G4_V1.6.0, STM32Cube_FW_H5_V1.3.0, STM32Cube_FW_H7RS_V1.1.0, STM32Cube_FW_H7_V1.11.2, STM32Cube_FW_L0_V1.12.2, STM32Cube_FW_L5_V1.5.1, STM32Cube_FW_U0_V1.1.0, STM32Cube_FW_U5_V1.6.0, STM32Cube_FW_WB0_V1.0.0, STM32Cube_FW_WBA_V1.4.1, STM32Cube_FW_WB_V1.20.0, STM32Cube_FW_WL_V1.3.0, X-CUBE-ALGOBUILD_V1.4.0, X-CUBE-ALS_V1.0.2, X-CUBE-AZRTOS-F4_V1.1.0, X-CUBE-AZRTOS-F7_V1.1.0, X-CUBE-AZRTOS-G0_V1.1.0, X-CUBE-AZRTOS-G4_V2.0.0, X-CUBE-AZRTOS-H7RS_V1.0.0, X-CUBE-AZRTOS-H7_V3.3.0, X-CUBE-AZRTOS-L4_V2.0.0, X-CUBE-AZRTOS-L5_V2.0.0, X-CUBE-AZRTOS-WB_V2.0.0, X-CUBE-AZRTOS-WL_V2.0.0, X-CUBE-BLE1_V7.0.0, X-CUBE-BLE2_V3.3.0, X-CUBE-BLEMGR_V3.1.0, X-CUBE-EEPRMA1_V5.1.0, X-CUBE-FREERTOS_V1.2.0, X-CUBE-GNSS1_V6.0.0, X-CUBE-MEMS1_V11.0.0, X-CUBE-NFC4_V3.0.0, X-CUBE-NFC7_V1.0.1, X-CUBE-SFXS2LP1_V4.0.0, X-CUBE-SUBG2_V5.0.0, X-CUBE-TOF1_V3.4.2]
2024-11-08 15:25:54,718 [INFO] ApiDb:240 - Found 646 in-development CPN: [B-G473E-ZEST1S, B-WB1M-WPAN1, B-WL5M-SUBG1, NUCLEO-C031C6, NUCLEO-C071RB, NUCLEO-H503RB, NUCLEO-H533RE, NUCLEO-H563ZI, NUCLEO-H7S3L8, NUCLEO-U031R8, NUCLEO-U083RC, NUCLEO-U545RE-Q, NUCLEO-U5A5ZJ-Q, NUCLEO-WB05KZ, NUCLEO-WB07CC, NUCLEO-WB09KE, NUCLEO-WBA52CG, NUCLEO-WBA55CG, STEVAL-PROTEUS1, STEVAL-SMARTAG2, STEVAL-STWINBX1, STM320518-EVAL, STM32C0116-DK, STM32C011D6Y3TR, STM32C011D6Y6TR, STM32C011F4P3, STM32C011F4P6, STM32C011F4U3, STM32C011F4U6TR, STM32C011F6P3, STM32C011F6P6, STM32C011F6U3, STM32C011F6U6TR, STM32C011J4M3, STM32C011J4M6, STM32C011J6M3, STM32C011J6M6, STM32C0316-DK, STM32C031C4T3, STM32C031C4T6, STM32C031C4U3, STM32C031C4U6, STM32C031C6T3, STM32C031C6T6, STM32C031C6U3, STM32C031C6U6, STM32C031F4P3, STM32C031F4P6, STM32C031F6P3, STM32C031F6P6, STM32C031G4U3, STM32C031G4U6, STM32C031G6U3, STM32C031G6U6, STM32C031K4T3, STM32C031K4T6, STM32C031K4U3, STM32C031K4U6, STM32C031K6T3, STM32C031K6T6, STM32C031K6U3, STM32C031K6U6, STM32C071C8T6, STM32C071C8T6N, STM32C071C8U6, STM32C071C8U6N, STM32C071CBT6, STM32C071CBT6N, STM32C071CBU6, STM32C071CBU6N, STM32C071F8P6, STM32C071F8P6N, STM32C071FBP6, STM32C071FBP6N, STM32C071FBY6TR, STM32C071G8U6, STM32C071G8U6N, STM32C071GBU6, STM32C071GBU6N, STM32C071K8T6, STM32C071K8T6N, STM32C071K8U6, STM32C071K8U6N, STM32C071KBT6, STM32C071KBT6N, STM32C071KBU6, STM32C071KBU6N, STM32C071R8T6, STM32C071R8T6N, STM32C071RBI6N, STM32C071RBT6, STM32C071RBT6N, STM32G071K8TXN, STM32G071K8UXN, STM32G081GBU6N, STM32G081KBT6N, STM32G081KBUXN, STM32G0B1CCT6N, STM32G0B1KCT6, STM32G0B1NEY6TR, STM32G0B1RCT6N, STM32G0C1CCT6, STM32G0C1CCT6N, STM32G0C1CCU6N, STM32G0C1CET6N, STM32G0C1CEU6N, STM32G0C1KCT6, STM32G0C1NEY6TR, STM32G0C1RCI6N, STM32G0C1RCT6N, STM32G0C1REI6N, STM32G0C1RET6N, STM32G0C1VCI6, STM32G0C1VEI6, STM32G411C6T3, STM32G411C6T6, STM32G411C6U3, STM32G411C6U6, STM32G411C8T3, STM32G411C8T6, STM32G411C8U3, STM32G411C8U6, STM32G411CBT3, STM32G411CBT6, STM32G411CBU3, STM32G411CBU6, STM32G411K6T3, STM32G411K6T6, STM32G411K6U3, STM32G411K6U6, STM32G411K8T3, STM32G411K8T6, STM32G411K8U3, STM32G411K8U6, STM32G411KBT3, STM32G411KBT6, STM32G411KBU3, STM32G411KBU6, STM32G411M6T3, STM32G411M6T6, STM32G411M8T3, STM32G411M8T6, STM32G411MBT3, STM32G411MBT6, STM32G411R6T3, STM32G411R6T6, STM32G411R8T3, STM32G411R8T6, STM32G411RBT3, STM32G411RBT6, STM32G414CBT3, STM32G414CBT6, STM32G414CBU3, STM32G414CBU6, STM32G414CCT3, STM32G414CCT6, STM32G414CCU3, STM32G414CCU6, STM32G414MBT3, STM32G414MBT6, STM32G414MCT3, STM32G414MCT6, STM32G414RBT3, STM32G414RBT6, STM32G414RCT3, STM32G414RCT6, STM32G414VBT3, STM32G414VBT6, STM32G414VCT3, STM32G414VCT6, STM32G431CBT3Z, STM32G431RBT3Z, STM32G471CCT6, STM32G471CCU6, STM32G471CET3, STM32G471CET6, STM32G471CEU3, STM32G471CEU6, STM32G471MCT6, STM32G471MET3, STM32G471MET6, STM32G471MEY6TR, STM32G471QCT6, STM32G471QET3, STM32G471RCT6, STM32G471RET3, STM32G471RET6, STM32G471VCH6, STM32G471VCI6, STM32G471VCT6, STM32G471VEH3, STM32G471VEH6, STM32G471VEI3, STM32G471VEI6, STM32G471VET3, STM32G471VET6, STM32G473QET3Z, STM32G473RET3Z, STM32G474CCT6, STM32G491RET3Z, STM32H503CBT6, STM32H503CBU6, STM32H503EBY6TR, STM32H503KBU6, STM32H503RBT6, STM32H523CCT6, STM32H523CCU6, STM32H523CET6, STM32H523CEU6, STM32H523HEY6TR, STM32H523RCT6, STM32H523RET6, STM32H523VCI6, STM32H523VCT6, STM32H523VEI6, STM32H523VET6, STM32H523ZCJ6, STM32H523ZCT6, STM32H523ZEJ6, STM32H523ZET6, STM32H533CET6, STM32H533CEU6, STM32H533HEY6TR, STM32H533RET6, STM32H533VEI6, STM32H533VET6, STM32H533ZEJ6, STM32H533ZET6, STM32H562AGI6, STM32H562AII6, STM32H562IGK6, STM32H562IGT6, STM32H562IIK6, STM32H562IIT6, STM32H562RGT6, STM32H562RGV6, STM32H562RIT6, STM32H562RIV6, STM32H562VGT6, STM32H562VIT6, STM32H562ZGT6, STM32H562ZIT6, STM32H563AGI6, STM32H563AII3Q, STM32H563AII6, STM32H563IGK6, STM32H563IGT6, STM32H563IIK3Q, STM32H563IIK6, STM32H563IIT3Q, STM32H563IIT6, STM32H563MIY3QTR, STM32H563RGT6, STM32H563RGV6, STM32H563RIT6, STM32H563RIV6, STM32H563VGT6, STM32H563VIT3Q, STM32H563VIT6, STM32H563ZGT6, STM32H563ZIT3Q, STM32H563ZIT6, STM32H573AII3Q, STM32H573AII6, STM32H573I-DK, STM32H573IIK3Q, STM32H573IIK6, STM32H573IIT3Q, STM32H573IIT6, STM32H573MIY3QTR, STM32H573RIT6, STM32H573RIV6, STM32H573VIT3Q, STM32H573VIT6, STM32H573ZIT3Q, STM32H573ZIT6, STM32H7R3A8I6, STM32H7R3I8K6, STM32H7R3I8T6, STM32H7R3L8H6, STM32H7R3L8H6H, STM32H7R3R8V6, STM32H7R3V8H6, STM32H7R3V8T6, STM32H7R3V8Y6TR, STM32H7R3Z8J6, STM32H7R3Z8T6, STM32H7R7A8I6, STM32H7R7I8K6, STM32H7R7I8T6, STM32H7R7L8H6, STM32H7R7L8H6H, STM32H7R7Z8J6, STM32H7S3A8I6, STM32H7S3I8K6, STM32H7S3I8T6, STM32H7S3L8H6, STM32H7S3L8H6H, STM32H7S3R8V6, STM32H7S3V8H6, STM32H7S3V8T6, STM32H7S3V8Y6TR, STM32H7S3Z8J6, STM32H7S3Z8T6, STM32H7S78-DK, STM32H7S7A8I6, STM32H7S7I8K6, STM32H7S7I8T6, STM32H7S7L8H6, STM32H7S7L8H6H, STM32H7S7Z8J6, STM32L4R5QGI6STR, STM32MP131AAE3, STM32MP131AAF3, STM32MP131AAG3, STM32MP131CAE3, STM32MP131CAF3, STM32MP131CAG3, STM32MP131DAE7, STM32MP131DAF7, STM32MP131DAG7, STM32MP131FAE7, STM32MP131FAF7, STM32MP131FAG7, STM32MP133AAE3, STM32MP133AAF3, STM32MP133AAG3, STM32MP133CAE3, STM32MP133CAF3, STM32MP133CAG3, STM32MP133DAE7, STM32MP133DAF7, STM32MP133DAG7, STM32MP133FAE7, STM32MP133FAF7, STM32MP133FAG7, STM32MP135AAE3, STM32MP135AAF3, STM32MP135AAG3, STM32MP135CAE3, STM32MP135CAF3, STM32MP135CAG3, STM32MP135DAE7, STM32MP135DAF7, STM32MP135DAG7, STM32MP135F-DK, STM32MP135FAE7, STM32MP135FAF7, STM32MP135FAF7T, STM32MP135FAF7U, STM32MP135FAG7, STM32MP251AAI3, STM32MP251AAK3, STM32MP251AAL3, STM32MP251CAI3, STM32MP251CAK3, STM32MP251CAL3, STM32MP251DAI3, STM32MP251DAK3, STM32MP251DAL3, STM32MP251FAI3, STM32MP251FAK3, STM32MP251FAL3, STM32MP253AAI3, STM32MP253AAK3, STM32MP253AAL3, STM32MP253CAI3, STM32MP253CAK3, STM32MP253CAL3, STM32MP253DAI3, STM32MP253DAK3, STM32MP253DAL3, STM32MP253FAI3, STM32MP253FAK3, STM32MP253FAL3, STM32MP255AAI3, STM32MP255AAK3, STM32MP255AAL3, STM32MP255CAI3, STM32MP255CAK3, STM32MP255CAL3, STM32MP255DAI3, STM32MP255DAK3, STM32MP255DAL3, STM32MP255FAI3, STM32MP255FAK3, STM32MP255FAL3, STM32MP257AAI3, STM32MP257AAK3, STM32MP257AAL3, STM32MP257CAI3, STM32MP257CAK3, STM32MP257CAL3, STM32MP257DAI3, STM32MP257DAK3, STM32MP257DAL3, STM32MP257F-DK, STM32MP257F-EV1, STM32MP257FAI3, STM32MP257FAK3, STM32MP257FAL3, STM32U031C6T6, STM32U031C6U6, STM32U031C8T6, STM32U031C8U6, STM32U031F4P6, STM32U031F6P6, STM32U031F8P6, STM32U031G6Y6TR, STM32U031G8Y6TR, STM32U031K4U6, STM32U031K6U6, STM32U031K8U6, STM32U031R6I6, STM32U031R6T6, STM32U031R8I6, STM32U031R8T6, STM32U073C8T6, STM32U073C8U6, STM32U073CBT6, STM32U073CBU6, STM32U073CCT6, STM32U073CCU6, STM32U073H8Y6TR, STM32U073HBY6TR, STM32U073HCY6TR, STM32U073K8U6, STM32U073KBU6, STM32U073KCU6, STM32U073M8I6, STM32U073M8T6, STM32U073MBI6, STM32U073MBT6, STM32U073MCI6, STM32U073MCT6, STM32U073R8I6, STM32U073R8T6, STM32U073RBI6, STM32U073RBT6, STM32U073RCI6, STM32U073RCT6, STM32U083C-DK, STM32U083CCT6, STM32U083CCU6, STM32U083HCY6TR, STM32U083KCU6, STM32U083MCI6, STM32U083MCT6, STM32U083RCI6, STM32U083RCT6, STM32U535CBT6, STM32U535CBT6Q, STM32U535CBU6, STM32U535CBU6Q, STM32U535CCT6, STM32U535CCT6Q, STM32U535CCU6, STM32U535CCU6Q, STM32U535CET6, STM32U535CET6Q, STM32U535CEU6, STM32U535CEU6Q, STM32U535JEY6QTR, STM32U535NCY6QTR, STM32U535NEY6QTR, STM32U535RBI6, STM32U535RBI6Q, STM32U535RBT6, STM32U535RBT6Q, STM32U535RCI6, STM32U535RCI6Q, STM32U535RCT6, STM32U535RCT6Q, STM32U535REI6, STM32U535REI6Q, STM32U535RET6, STM32U535RET6Q, STM32U535VCI6, STM32U535VCI6Q, STM32U535VCT6, STM32U535VCT6Q, STM32U535VEI6, STM32U535VEI6Q, STM32U535VET6, STM32U535VET6Q, STM32U545CET6, STM32U545CET6Q, STM32U545CEU6, STM32U545CEU6Q, STM32U545JEY6QTR, STM32U545NEY6QTR, STM32U545REI6, STM32U545REI6Q, STM32U545RET6, STM32U545RET6Q, STM32U545VEI6, STM32U545VEI6Q, STM32U545VET6, STM32U545VET6Q, STM32U595AIH6, STM32U595AIH6Q, STM32U595AJH6, STM32U595AJH6Q, STM32U595QII6, STM32U595QII6Q, STM32U595QJI6, STM32U595QJI6Q, STM32U595RIT6, STM32U595RIT6Q, STM32U595RJT6, STM32U595RJT6Q, STM32U595VIT6, STM32U595VIT6Q, STM32U595VJT6, STM32U595VJT6Q, STM32U595ZIT6, STM32U595ZIT6Q, STM32U595ZIY6QTR, STM32U595ZJT6, STM32U595ZJT6Q, STM32U595ZJY6QTR, STM32U599BJY6QTR, STM32U599NIH6Q, STM32U599NJH6Q, STM32U599VIT6Q, STM32U599VJT6, STM32U599VJT6Q, STM32U599ZIT6Q, STM32U599ZIY6QTR, STM32U599ZJT6Q, STM32U599ZJY6QTR, STM32U5A5AJH6, STM32U5A5AJH6Q, STM32U5A5QII3Q , STM32U5A5QJI6, STM32U5A5QJI6Q, STM32U5A5RJT6, STM32U5A5RJT6Q, STM32U5A5VJT6, STM32U5A5VJT6Q, STM32U5A5ZJT6, STM32U5A5ZJT6Q, STM32U5A5ZJY6QTR, STM32U5A9BJY6QTR, STM32U5A9J-DK, STM32U5A9NJH6Q, STM32U5A9VJT6Q, STM32U5A9ZJT6Q, STM32U5A9ZJY6QTR, STM32U5F7VIT6, STM32U5F7VIT6Q, STM32U5F7VJT6, STM32U5F7VJT6Q, STM32U5F9BJY6QTR, STM32U5F9NJH6Q, STM32U5F9VIT6Q, STM32U5F9VJT6Q, STM32U5F9ZIJ6QTR, STM32U5F9ZIT6Q, STM32U5F9ZJJ6QTR, STM32U5F9ZJT6Q, STM32U5G7VJT6, STM32U5G7VJT6Q, STM32U5G9BJY6QTR, STM32U5G9J-DK1, STM32U5G9J-DK2, STM32U5G9NJH6Q, STM32U5G9VJT6Q, STM32U5G9ZJJ6QTR, STM32U5G9ZJT6Q, STM32WB05KZV6TR, STM32WB05KZV7TR, STM32WB05TZF6TR, STM32WB05TZF7TR, STM32WB06CCF6TR, STM32WB06CCF7TR, STM32WB06CCV6TR, STM32WB06CCV7TR, STM32WB06KCV6TR, STM32WB06KCV7TR, STM32WB07CCF6TR, STM32WB07CCF7TR, STM32WB07CCV6TR, STM32WB07CCV7TR, STM32WB07KCV6TR, STM32WB07KCV7TR, STM32WB09KEV6TR, STM32WB09KEV7TR, STM32WB09TEF6TR, STM32WB09TEF7TR, STM32WB1MMCH6, STM32WBA50KGU6, STM32WBA50KGU6TR, STM32WBA52CEU6, STM32WBA52CEU6TR, STM32WBA52CEU7, STM32WBA52CEU7TR, STM32WBA52CGU6, STM32WBA52CGU6TR, STM32WBA52CGU6U, STM32WBA52CGU7, STM32WBA52CGU7TR, STM32WBA52KEU6, STM32WBA52KEU6TR, STM32WBA52KGU6, STM32WBA52KGU6TR, STM32WBA54CEU6, STM32WBA54CEU6TR, STM32WBA54CEU7, STM32WBA54CEU7TR, STM32WBA54CGU6, STM32WBA54CGU6TR, STM32WBA54CGU7, STM32WBA54CGU7TR, STM32WBA54KEU6, STM32WBA54KEU6TR, STM32WBA54KEU7, STM32WBA54KEU7TR, STM32WBA54KGU6, STM32WBA54KGU6TR, STM32WBA54KGU7, STM32WBA54KGU7TR, STM32WBA55CEU6, STM32WBA55CEU6TR, STM32WBA55CEU7, STM32WBA55CEU7TR, STM32WBA55CGU6, STM32WBA55CGU6TR, STM32WBA55CGU6U, STM32WBA55CGU7, STM32WBA55CGU7TR, STM32WBA55G-DK1, STM32WBA55HEF6, STM32WBA55HEF7, STM32WBA55HGF6, STM32WBA55HGF7, STM32WBA55UEI6, STM32WBA55UEI6TR, STM32WBA55UEI7, STM32WBA55UEI7TR, STM32WBA55UGI6, STM32WBA55UGI6TR, STM32WBA55UGI7, STM32WBA55UGI7TR, STM32WL5MOCH6, STM32WL5MOCH6TR]
2024-11-08 15:25:54,730 [INFO] DbMcus:218 - Found 4252 MCUs, 4252 are supported
2024-11-08 15:25:54,733 [INFO] ApiDb:423 - Load user favorites file /Users/mark/.stm32cubeide/favorites.mcus.txt: 0 item(s)
2024-11-08 15:25:54,733 [INFO] ApiDb:427 - User favorites MCUs=[]
2024-11-08 15:25:54,733 [INFO] DbMcus:224 - Set 0 / 0 favorites MCUs
2024-11-08 15:25:54,960 [INFO] ApiDb:423 - Load user favorites file /Users/mark/.stm32cubeide/favorites.boards.txt: 2 item(s)
2024-11-08 15:25:54,960 [INFO] ApiDb:427 - User favorites Boards=[NUCLEO-F303RE, NUCLEO-L496ZG-P]
2024-11-08 15:25:54,960 [INFO] DbBoards:198 - Set 2 / 2 favorites Boards
2024-11-08 15:25:55,084 [INFO] UtilMem:75 - End LoadConfig() Used Memory: 323845584 Bytes (564133888)
2024-11-08 15:25:55,256 [WARN] ThirdParty:833 - waiting for thirdparty lock release [change project]
2024-11-08 15:25:55,259 [INFO] ThirdParty:835 - entering critical section [change project]
2024-11-08 15:25:55,260 [INFO] ThirdParty:1030 - CMSIS Pack Vendor :STMicroelectronics USBPD 4.1
2024-11-08 15:25:55,260 [INFO] ThirdParty:1030 - CMSIS Pack Vendor :STMicroelectronics X-CUBE-GNSS1 6.0.0
2024-11-08 15:25:55,260 [INFO] ThirdParty:1030 - CMSIS Pack Vendor :STMicroelectronics USB_HOST 2.0.0
2024-11-08 15:25:55,260 [INFO] ThirdParty:1030 - CMSIS Pack Vendor :STMicroelectronics FP-SNS-MOTENVWB1 1.4.0
2024-11-08 15:25:55,260 [INFO] ThirdParty:1030 - CMSIS Pack Vendor :STMicroelectronics X-CUBE-AZRTOS-F4 1.1.0
2024-11-08 15:25:55,260 [INFO] ThirdParty:1030 - CMSIS Pack Vendor :STMicroelectronics LIBJPEG 8.0.0
2024-11-08 15:25:55,260 [INFO] ThirdParty:1030 - CMSIS Pack Vendor :STMicroelectronics X-CUBE-SMBUS 2.1.0
2024-11-08 15:25:55,260 [INFO] ThirdParty:1030 - CMSIS Pack Vendor :STMicroelectronics X-CUBE-WB05N 1.1.0
2024-11-08 15:25:55,260 [INFO] ThirdParty:1030 - CMSIS Pack Vendor :STMicroelectronics X-CUBE-ISPU 2.1.0
2024-11-08 15:25:55,260 [INFO] ThirdParty:1030 - CMSIS Pack Vendor :STMicroelectronics X-CUBE-FREERTOS 1.2.0
2024-11-08 15:25:55,260 [INFO] ThirdParty:1030 - CMSIS Pack Vendor :STMicroelectronics X-CUBE-TOUCHGFX 4.23.1
2024-11-08 15:25:55,260 [INFO] ThirdParty:1030 - CMSIS Pack Vendor :STMicroelectronics X-CUBE-TOUCHGFX 4.23.0
2024-11-08 15:25:55,260 [INFO] ThirdParty:1030 - CMSIS Pack Vendor :STMicroelectronics X-CUBE-TOUCHGFX 4.23.2
2024-11-08 15:25:55,260 [INFO] ThirdParty:1030 - CMSIS Pack Vendor :STMicroelectronics X-CUBE-AZRTOS-H7 1.1.0
2024-11-08 15:25:55,260 [INFO] ThirdParty:1030 - CMSIS Pack Vendor :STMicroelectronics X-CUBE-AZRTOS-F7 1.1.0
2024-11-08 15:25:55,260 [INFO] ThirdParty:1030 - CMSIS Pack Vendor :STMicroelectronics X-CUBE-AZRTOS-L5 2.0.0
2024-11-08 15:25:55,260 [INFO] ThirdParty:1030 - CMSIS Pack Vendor :STMicroelectronics USB_DEVICE 2.0.0
2024-11-08 15:25:55,260 [INFO] ThirdParty:1030 - CMSIS Pack Vendor :STMicroelectronics X-CUBE-MEMS1 9.6.0
2024-11-08 15:25:55,260 [INFO] ThirdParty:1030 - CMSIS Pack Vendor :STMicroelectronics X-CUBE-EEPRMA1 4.2.0
2024-11-08 15:25:55,260 [INFO] ThirdParty:1030 - CMSIS Pack Vendor :STMicroelectronics X-CUBE-NFC6 3.1.0
2024-11-08 15:25:55,260 [INFO] ThirdParty:1030 - CMSIS Pack Vendor :ITTIA_DB I-CUBE-ITTIADB 8.8.0
2024-11-08 15:25:55,260 [INFO] ThirdParty:1030 - CMSIS Pack Vendor :STMicroelectronics FP-SNS-MOTENV1 4.3.2
2024-11-08 15:25:55,260 [INFO] ThirdParty:1030 - CMSIS Pack Vendor :STMicroelectronics X-CUBE-MEMS1 11.0.0
2024-11-08 15:25:55,260 [INFO] ThirdParty:1030 - CMSIS Pack Vendor :STMicroelectronics X-CUBE-BLE1 6.2.4
2024-11-08 15:25:55,260 [INFO] ThirdParty:1030 - CMSIS Pack Vendor :STMicroelectronics FreeRTOS 0.0.1
2024-11-08 15:25:55,260 [INFO] ThirdParty:1030 - CMSIS Pack Vendor :emotas I-CUBE-CANOPEN 1.1.3
2024-11-08 15:25:55,260 [INFO] ThirdParty:1030 - CMSIS Pack Vendor :STMicroelectronics X-CUBE-BLEMGR 2.0.0
2024-11-08 15:25:55,260 [INFO] ThirdParty:1030 - CMSIS Pack Vendor :STMicroelectronics X-CUBE-DPower 1.2.0
2024-11-08 15:25:55,260 [INFO] ThirdParty:1030 - CMSIS Pack Vendor :STMicroelectronics X-CUBE-BLE1 6.2.1
2024-11-08 15:25:55,260 [INFO] ThirdParty:1030 - CMSIS Pack Vendor :STMicroelectronics X-CUBE-BLE1 6.2.2
2024-11-08 15:25:55,261 [INFO] ThirdParty:1030 - CMSIS Pack Vendor :STMicroelectronics X-CUBE-BLE2 3.2.1
2024-11-08 15:25:55,261 [INFO] ThirdParty:1030 - CMSIS Pack Vendor :STMicroelectronics FP-SNS-FLIGHT1 5.0.2
2024-11-08 15:25:55,261 [INFO] ThirdParty:1030 - CMSIS Pack Vendor :STMicroelectronics X-CUBE-NFC4 2.0.5
2024-11-08 15:25:55,261 [INFO] ThirdParty:1030 - CMSIS Pack Vendor :STMicroelectronics X-CUBE-BLE2 3.2.2
2024-11-08 15:25:55,261 [INFO] ThirdParty:1030 - CMSIS Pack Vendor :STMicroelectronics X-CUBE-NFC4 2.0.3
2024-11-08 15:25:55,261 [INFO] ThirdParty:1030 - CMSIS Pack Vendor :wolfSSL I-CUBE-wolfSSL 4.8.0
2024-11-08 15:25:55,261 [INFO] ThirdParty:1030 - CMSIS Pack Vendor :STMicroelectronics X-CUBE-AI 9.0.0
2024-11-08 15:25:55,261 [INFO] ThirdParty:1030 - CMSIS Pack Vendor :STMicroelectronics X-CUBE-AZRTOS-H7 3.1.0
2024-11-08 15:25:55,261 [INFO] ThirdParty:1030 - CMSIS Pack Vendor :STMicroelectronics PDM2PCM 3.3.0
2024-11-08 15:25:55,261 [INFO] ThirdParty:1030 - CMSIS Pack Vendor :STMicroelectronics X-CUBE-SFXS2LP1 3.1.0
2024-11-08 15:25:55,261 [INFO] ThirdParty:1030 - CMSIS Pack Vendor :STMicroelectronics X-CUBE-DISPLAY 3.0.0
2024-11-08 15:25:55,261 [INFO] ThirdParty:1030 - CMSIS Pack Vendor :STMicroelectronics X-CUBE-AZRTOS-F4 1.0.0
2024-11-08 15:25:55,261 [INFO] ThirdParty:1030 - CMSIS Pack Vendor :STMicroelectronics X-CUBE-BLE1 7.0.0
2024-11-08 15:25:55,261 [INFO] ThirdParty:1030 - CMSIS Pack Vendor :STMicroelectronics X-CUBE-NFC10 1.0.0
2024-11-08 15:25:55,261 [INFO] ThirdParty:1030 - CMSIS Pack Vendor :STMicroelectronics X-CUBE-TOF1 2.0.0
2024-11-08 15:25:55,261 [INFO] ThirdParty:1030 - CMSIS Pack Vendor :STMicroelectronics HAL Drivers 0.0.0
2024-11-08 15:25:55,261 [INFO] ThirdParty:1030 - CMSIS Pack Vendor :STMicroelectronics X-CUBE-TOUCHGFX 4.22.0
2024-11-08 15:25:55,261 [INFO] ThirdParty:1030 - CMSIS Pack Vendor :STMicroelectronics X-CUBE-NFC7 1.0.1
2024-11-08 15:25:55,261 [INFO] ThirdParty:1030 - CMSIS Pack Vendor :STMicroelectronics MBEDTLS 2.14.1
2024-11-08 15:25:55,261 [INFO] ThirdParty:1030 - CMSIS Pack Vendor :STMicroelectronics X-CUBE-NFC7 1.0.0
2024-11-08 15:25:55,261 [INFO] ThirdParty:1030 - CMSIS Pack Vendor :STMicroelectronics X-CUBE-TOUCHGFX 4.22.1
2024-11-08 15:25:55,261 [INFO] ThirdParty:1030 - CMSIS Pack Vendor :wolfSSL I-CUBE-wolfTPM 3.2.0
2024-11-08 15:25:55,261 [INFO] ThirdParty:1030 - CMSIS Pack Vendor :STMicroelectronics X-CUBE-SUBG2 4.2.0
2024-11-08 15:25:55,261 [INFO] ThirdParty:1030 - CMSIS Pack Vendor :STMicroelectronics X-CUBE-NFC6 3.0.0
2024-11-08 15:25:55,261 [INFO] ThirdParty:1030 - CMSIS Pack Vendor :STMicroelectronics X-CUBE-EEPRMA1 4.1.0
2024-11-08 15:25:55,261 [INFO] ThirdParty:1030 - CMSIS Pack Vendor :STMicroelectronics X-CUBE-BLEMGR 3.1.0
2024-11-08 15:25:55,261 [INFO] ThirdParty:1030 - CMSIS Pack Vendor :STMicroelectronics FP-SNS-SMARTAG2 1.2.0
2024-11-08 15:25:55,261 [INFO] ThirdParty:1030 - CMSIS Pack Vendor :STMicroelectronics X-CUBE-AZRTOS-WL 2.0.0
2024-11-08 15:25:55,261 [INFO] ThirdParty:1030 - CMSIS Pack Vendor :STMicroelectronics X-CUBE-ALGOBUILD 1.2.1
2024-11-08 15:25:55,261 [INFO] ThirdParty:1030 - CMSIS Pack Vendor :STMicroelectronics X-CUBE-DISPLAY 1.0.0
2024-11-08 15:25:55,261 [INFO] ThirdParty:1030 - CMSIS Pack Vendor :STMicroelectronics FP-SNS-MOTENV1 5.0.0
2024-11-08 15:25:55,261 [INFO] ThirdParty:1030 - CMSIS Pack Vendor :STMicroelectronics USB_DEVICE 1.0.0
2024-11-08 15:25:55,261 [INFO] ThirdParty:1030 - CMSIS Pack Vendor :STMicroelectronics X-CUBE-AI 8.1.0
2024-11-08 15:25:55,261 [INFO] ThirdParty:1030 - CMSIS Pack Vendor :STMicroelectronics X-CUBE-AZRTOS-G0 1.0.0
2024-11-08 15:25:55,261 [INFO] ThirdParty:1030 - CMSIS Pack Vendor :wolfSSL I-CUBE-wolfMQTT 1.19.0
2024-11-08 15:25:55,261 [INFO] ThirdParty:1030 - CMSIS Pack Vendor :STMicroelectronics X-CUBE-AZRTOS-L4 2.0.0
2024-11-08 15:25:55,261 [INFO] ThirdParty:1030 - CMSIS Pack Vendor :STMicroelectronics ThreadX 0.0.2
2024-11-08 15:25:55,261 [INFO] ThirdParty:1030 - CMSIS Pack Vendor :WES I-CUBE-Cesium 1.3.0
2024-11-08 15:25:55,261 [INFO] ThirdParty:1030 - CMSIS Pack Vendor :STMicroelectronics lwIP 2.1.2
2024-11-08 15:25:55,261 [INFO] ThirdParty:1030 - CMSIS Pack Vendor :STMicroelectronics X-CUBE-SFXS2LP1 4.0.0
2024-11-08 15:25:55,261 [INFO] ThirdParty:1030 - CMSIS Pack Vendor :STMicroelectronics X-CUBE-BLE2 3.3.0
2024-11-08 15:25:55,261 [INFO] ThirdParty:1030 - CMSIS Pack Vendor :STMicroelectronics X-CUBE-DISPLAY 2.2.0
2024-11-08 15:25:55,261 [INFO] ThirdParty:1030 - CMSIS Pack Vendor :STMicroelectronics X-CUBE-TOF1 3.2.0
2024-11-08 15:25:55,261 [INFO] ThirdParty:1030 - CMSIS Pack Vendor :STMicroelectronics PDM2PCM 3.2.0
2024-11-08 15:25:55,261 [INFO] ThirdParty:1030 - CMSIS Pack Vendor :STMicroelectronics X-CUBE-TOUCHGFX 4.18.1
2024-11-08 15:25:55,261 [INFO] ThirdParty:1030 - CMSIS Pack Vendor :STMicroelectronics X-CUBE-AZRTOS-H7 3.0.0
2024-11-08 15:25:55,261 [INFO] ThirdParty:1030 - CMSIS Pack Vendor :STMicroelectronics X-CUBE-ISPU 1.1.0
2024-11-08 15:25:55,261 [INFO] ThirdParty:1030 - CMSIS Pack Vendor :STMicroelectronics X-CUBE-AZRTOS-H7 3.3.0
2024-11-08 15:25:55,261 [INFO] ThirdParty:1030 - CMSIS Pack Vendor :RoweBots I-CUBE-UNISONRTOS 5.5.0-4
2024-11-08 15:25:55,261 [INFO] ThirdParty:1030 - CMSIS Pack Vendor :STMicroelectronics X-CUBE-NFC9 1.0.0
2024-11-08 15:25:55,261 [INFO] ThirdParty:1030 - CMSIS Pack Vendor :STMicroelectronics USB_DEVICE 3.0.0
2024-11-08 15:25:55,262 [INFO] ThirdParty:1030 - CMSIS Pack Vendor :STMicroelectronics X-CUBE-TCPP 4.1.0
2024-11-08 15:25:55,262 [INFO] ThirdParty:1030 - CMSIS Pack Vendor :STMicroelectronics X-CUBE-AI 8.0.0
2024-11-08 15:25:55,262 [INFO] ThirdParty:1030 - CMSIS Pack Vendor :STMicroelectronics X-CUBE-IPS 3.0.0
2024-11-08 15:25:55,262 [INFO] ThirdParty:1030 - CMSIS Pack Vendor :STMicroelectronics X-CUBE-AZRTOS-WB 2.0.0
2024-11-08 15:25:55,262 [INFO] ThirdParty:1030 - CMSIS Pack Vendor :STMicroelectronics X-CUBE-FREERTOS 1.0.1
2024-11-08 15:25:55,262 [INFO] ThirdParty:1030 - CMSIS Pack Vendor :STMicroelectronics X-CUBE-TOUCHGFX 4.21.1
2024-11-08 15:25:55,262 [INFO] ThirdParty:1030 - CMSIS Pack Vendor :STMicroelectronics X-CUBE-GNSS1 7.0.0
2024-11-08 15:25:55,262 [INFO] ThirdParty:1030 - CMSIS Pack Vendor :STMicroelectronics X-CUBE-TOUCHGFX 4.21.0
2024-11-08 15:25:55,262 [INFO] ThirdParty:1030 - CMSIS Pack Vendor :STMicroelectronics X-CUBE-TOUCHGFX 4.21.3
2024-11-08 15:25:55,262 [INFO] ThirdParty:1030 - CMSIS Pack Vendor :STMicroelectronics X-CUBE-MEMS1 9.0.0
2024-11-08 15:25:55,262 [INFO] ThirdParty:1030 - CMSIS Pack Vendor :STMicroelectronics X-CUBE-MEMS1 9.4.0
2024-11-08 15:25:55,262 [INFO] ThirdParty:1030 - CMSIS Pack Vendor :STMicroelectronics X-CUBE-AI 7.3.0
2024-11-08 15:25:55,262 [INFO] ThirdParty:1030 - CMSIS Pack Vendor :STMicroelectronics FP-SNS-STBOX1 2.0.0
2024-11-08 15:25:55,262 [INFO] ThirdParty:1030 - CMSIS Pack Vendor :STMicroelectronics X-CUBE-ALGOBUILD 1.3.0
2024-11-08 15:25:55,262 [INFO] ThirdParty:1030 - CMSIS Pack Vendor :STMicroelectronics X-CUBE-AZRTOS-L5 1.1.0
2024-11-08 15:25:55,262 [INFO] ThirdParty:1030 - CMSIS Pack Vendor :STMicroelectronics X-CUBE-AZRTOS-G0 1.1.0
2024-11-08 15:25:55,262 [INFO] ThirdParty:1030 - CMSIS Pack Vendor :STMicroelectronics X-CUBE-SAFEA1 1.2.2
2024-11-08 15:25:55,262 [INFO] ThirdParty:1030 - CMSIS Pack Vendor :STMicroelectronics X-CUBE-NFC4 3.0.0
2024-11-08 15:25:55,262 [INFO] ThirdParty:1030 - CMSIS Pack Vendor :SEGGER I-CUBE-embOS 1.2.0
2024-11-08 15:25:55,262 [INFO] ThirdParty:1030 - CMSIS Pack Vendor :STMicroelectronics X-CUBE-SUBG2 5.0.0
2024-11-08 15:25:55,262 [INFO] ThirdParty:1030 - CMSIS Pack Vendor :STMicroelectronics STM32_WPAN 1.0.0
2024-11-08 15:25:55,262 [INFO] ThirdParty:1030 - CMSIS Pack Vendor :wolfSSL I-CUBE-wolfMQTT 1.18.0
2024-11-08 15:25:55,262 [INFO] ThirdParty:1030 - CMSIS Pack Vendor :EmbeddedOffice I-CUBE-FS-RTOS 1.0.1
2024-11-08 15:25:55,262 [INFO] ThirdParty:1030 - CMSIS Pack Vendor :STMicroelectronics lwIP 2.0.3
2024-11-08 15:25:55,262 [INFO] ThirdParty:1030 - CMSIS Pack Vendor :STMicroelectronics USB_HOST 1.0.0
2024-11-08 15:25:55,262 [INFO] ThirdParty:1030 - CMSIS Pack Vendor :STMicroelectronics X-CUBE-TOF1 3.3.1
2024-11-08 15:25:55,263 [INFO] ThirdParty:1030 - CMSIS Pack Vendor :STMicroelectronics X-CUBE-AZRTOS-G4 2.0.0
2024-11-08 15:25:55,263 [INFO] ThirdParty:1030 - CMSIS Pack Vendor :STMicroelectronics X-CUBE-TOUCHGFX 4.17.0
2024-11-08 15:25:55,264 [INFO] ThirdParty:1030 - CMSIS Pack Vendor :STMicroelectronics PDM2PCM 3.1.0
2024-11-08 15:25:55,264 [INFO] ThirdParty:1030 - CMSIS Pack Vendor :STMicroelectronics X-CUBE-TOF1 3.3.0
2024-11-08 15:25:55,264 [INFO] ThirdParty:1030 - CMSIS Pack Vendor :STMicroelectronics FP-ATR-ASTRA1 1.1.1
2024-11-08 15:25:55,264 [INFO] ThirdParty:1030 - CMSIS Pack Vendor :Infineon AIROC-Wi-Fi-Bluetooth-STM32 1.5.1
2024-11-08 15:25:55,265 [INFO] ThirdParty:1030 - CMSIS Pack Vendor :STMicroelectronics X-CUBE-BLEMGR 3.0.0
2024-11-08 15:25:55,265 [INFO] ThirdParty:1030 - CMSIS Pack Vendor :STMicroelectronics X-CUBE-BLEMGR 1.3.0
2024-11-08 15:25:55,265 [INFO] ThirdParty:1030 - CMSIS Pack Vendor :RealThread X-CUBE-RT-Thread_Nano 4.1.1
2024-11-08 15:25:55,265 [INFO] ThirdParty:1030 - CMSIS Pack Vendor :STMicroelectronics X-CUBE-AZRTOS-H7 2.0.0
2024-11-08 15:25:55,265 [INFO] ThirdParty:1030 - CMSIS Pack Vendor :STMicroelectronics FP-SNS-MOTENVWB1 1.3.1
2024-11-08 15:25:55,265 [INFO] ThirdParty:1030 - CMSIS Pack Vendor :STMicroelectronics FP-ATR-SIGFOX1 3.2.0
2024-11-08 15:25:55,265 [INFO] ThirdParty:1030 - CMSIS Pack Vendor :STMicroelectronics X-CUBE-AZRTOS-G4 1.0.0
2024-11-08 15:25:55,265 [INFO] ThirdParty:1030 - CMSIS Pack Vendor :STMicroelectronics X-CUBE-AZRTOS-L4 1.0.0
2024-11-08 15:25:55,265 [INFO] ThirdParty:1030 - CMSIS Pack Vendor :STMicroelectronics X-CUBE-ISPU 2.0.0
2024-11-08 15:25:55,267 [INFO] ThirdParty:1030 - CMSIS Pack Vendor :STMicroelectronics X-CUBE-EEPRMA1 5.1.0
2024-11-08 15:25:55,267 [INFO] ThirdParty:1030 - CMSIS Pack Vendor :STMicroelectronics MBEDTLS 2.16.2
2024-11-08 15:25:55,267 [INFO] ThirdParty:1030 - CMSIS Pack Vendor :STMicroelectronics X-CUBE-ALS 1.0.2
2024-11-08 15:25:55,267 [INFO] ThirdParty:1030 - CMSIS Pack Vendor :STMicroelectronics X-CUBE-TOUCHGFX 4.20.0
2024-11-08 15:25:55,267 [INFO] ThirdParty:1030 - CMSIS Pack Vendor :STMicroelectronics X-CUBE-MEMS1 10.0.0
2024-11-08 15:25:55,267 [INFO] ThirdParty:1030 - CMSIS Pack Vendor :STMicroelectronics X-CUBE-FREERTOS 1.1.0
2024-11-08 15:25:55,267 [INFO] ThirdParty:1030 - CMSIS Pack Vendor :STMicroelectronics X-CUBE-TOUCHGFX 4.24.0
2024-11-08 15:25:55,267 [INFO] ThirdParty:1030 - CMSIS Pack Vendor :STMicroelectronics X-CUBE-AZRTOS-F7 1.0.0
2024-11-08 15:25:55,267 [INFO] ThirdParty:1030 - CMSIS Pack Vendor :STMicroelectronics X-CUBE-AZRTOS-WL 1.0.0
2024-11-08 15:25:55,267 [INFO] ThirdParty:1030 - CMSIS Pack Vendor :STMicroelectronics X-CUBE-TOUCHGFX 4.24.1
2024-11-08 15:25:55,267 [INFO] ThirdParty:1030 - CMSIS Pack Vendor :STMicroelectronics X-CUBE-MEMS1 9.1.0
2024-11-08 15:25:55,267 [INFO] ThirdParty:1030 - CMSIS Pack Vendor :portGmbH I-Cube-SoM-uGOAL 1.1.0
2024-11-08 15:25:55,267 [INFO] ThirdParty:1030 - CMSIS Pack Vendor :STMicroelectronics X-CUBE-ALS 1.0.1
2024-11-08 15:25:55,267 [INFO] ThirdParty:1030 - CMSIS Pack Vendor :STMicroelectronics X-CUBE-MEMS1 9.5.0
2024-11-08 15:25:55,267 [INFO] ThirdParty:1030 - CMSIS Pack Vendor :STMicroelectronics X-CUBE-AI 7.0.0
2024-11-08 15:25:55,267 [INFO] ThirdParty:1030 - CMSIS Pack Vendor :STMicroelectronics ThreadX 1.0.0
2024-11-08 15:25:55,267 [INFO] ThirdParty:1030 - CMSIS Pack Vendor :STMicroelectronics X-CUBE-AZRTOS-WB 1.1.0
2024-11-08 15:25:55,267 [INFO] ThirdParty:1030 - CMSIS Pack Vendor :SEGGER I-CUBE-embOS 1.3.1
2024-11-08 15:25:55,267 [INFO] ThirdParty:1030 - CMSIS Pack Vendor :STMicroelectronics X-CUBE-ALGOBUILD 1.4.0
2024-11-08 15:25:55,267 [INFO] ThirdParty:1030 - CMSIS Pack Vendor :STMicroelectronics X-CUBE-AZRTOS-L5 1.0.0
2024-11-08 15:25:55,267 [INFO] ThirdParty:1030 - CMSIS Pack Vendor :STMicroelectronics X-CUBE-EEPRMA1 3.1.0
2024-11-08 15:25:55,267 [INFO] ThirdParty:1030 - CMSIS Pack Vendor :STMicroelectronics X-CUBE-EEPRMA1 3.1.1
2024-11-08 15:25:55,267 [INFO] ThirdParty:1030 - CMSIS Pack Vendor :STMicroelectronics X-CUBE-AZRTOS-H7RS 1.0.0
2024-11-08 15:25:55,267 [INFO] ThirdParty:1030 - CMSIS Pack Vendor :STMicroelectronics X-CUBE-GNSS1 5.2.0
2024-11-08 15:25:55,267 [INFO] ThirdParty:1030 - CMSIS Pack Vendor :STMicroelectronics FP-ATR-ASTRA1 2.0.0
2024-11-08 15:25:55,268 [INFO] ThirdParty:1030 - CMSIS Pack Vendor :STMicroelectronics X-CUBE-TOF1 3.4.2
2024-11-08 15:25:55,268 [INFO] ThirdParty:1030 - CMSIS Pack Vendor :STMicroelectronics X-CUBE-DISPLAY 2.0.1
2024-11-08 15:25:55,268 [INFO] ThirdParty:1030 - CMSIS Pack Vendor :STMicroelectronics X-CUBE-AI 9.1.0
2024-11-08 15:25:55,268 [INFO] ThirdParty:1030 - CMSIS Pack Vendor :STMicroelectronics X-CUBE-TOF1 3.4.0
2024-11-08 15:25:55,268 [INFO] ThirdParty:1030 - CMSIS Pack Vendor :STMicroelectronics X-CUBE-TOF1 3.4.1
2024-11-08 15:25:55,268 [INFO] ThirdParty:1030 - CMSIS Pack Vendor :STMicroelectronics X-CUBE-AZRTOS-H7 3.2.0
2024-11-08 15:25:55,268 [INFO] ThirdParty:1030 - CMSIS Pack Vendor :wolfSSL I-CUBE-wolfSSH 1.4.17
2024-11-08 15:25:55,269 [INFO] ThirdParty:841 - exiting critical section [change project]
2024-11-08 15:25:56,241 [INFO] PinOutPanel:1561 - setPackage(No Configuration,No Configuration)
2024-11-08 15:25:56,249 [INFO] PinOutPanel:1561 - setPackage(STM32F303RETx,LQFP64)
2024-11-08 15:25:57,611 [INFO] UtilMem:75 - Before build in PCC Used Memory: 410344528 Bytes (564133888)
2024-11-08 15:25:59,021 [INFO] UtilMem:75 - After build in PCC Used Memory: 458031952 Bytes (564133888)
2024-11-08 15:25:59,140 [INFO] IPUIPlugin:80 - create IPUIPlugin
2024-11-08 15:25:59,141 [INFO] IPUIPlugin:80 - create IPUIPlugin
2024-11-08 15:25:59,141 [INFO] IPUIPlugin:80 - create IPUIPlugin
2024-11-08 15:25:59,141 [INFO] IPUIPlugin:80 - create IPUIPlugin
2024-11-08 15:25:59,142 [INFO] IPUIPlugin:80 - create IPUIPlugin
2024-11-08 15:25:59,142 [INFO] IPUIPlugin:80 - create IPUIPlugin
2024-11-08 15:25:59,143 [INFO] IPUIPlugin:80 - create IPUIPlugin
2024-11-08 15:25:59,143 [INFO] IPUIPlugin:80 - create IPUIPlugin
2024-11-08 15:25:59,143 [INFO] IPUIPlugin:80 - create IPUIPlugin
2024-11-08 15:25:59,143 [INFO] IPUIPlugin:80 - create IPUIPlugin
2024-11-08 15:25:59,143 [INFO] IPUIPlugin:80 - create IPUIPlugin
2024-11-08 15:25:59,144 [INFO] IPUIPlugin:80 - create IPUIPlugin
2024-11-08 15:25:59,144 [INFO] IPUIPlugin:80 - create IPUIPlugin
2024-11-08 15:25:59,144 [INFO] IPUIPlugin:80 - create IPUIPlugin
2024-11-08 15:25:59,144 [INFO] IPUIPlugin:80 - create IPUIPlugin
2024-11-08 15:25:59,144 [INFO] IPUIPlugin:80 - create IPUIPlugin
2024-11-08 15:25:59,145 [INFO] IPUIPlugin:80 - create IPUIPlugin
2024-11-08 15:25:59,152 [INFO] IPUIPlugin:80 - create IPUIPlugin
2024-11-08 15:25:59,153 [INFO] IPUIPlugin:80 - create IPUIPlugin
2024-11-08 15:25:59,225 [INFO] IPUIPlugin:80 - create IPUIPlugin
2024-11-08 15:25:59,233 [INFO] IPUIPlugin:80 - create IPUIPlugin
2024-11-08 15:25:59,234 [INFO] IPUIPlugin:80 - create IPUIPlugin
2024-11-08 15:25:59,235 [INFO] IPUIPlugin:80 - create IPUIPlugin
2024-11-08 15:25:59,236 [INFO] IPUIPlugin:80 - create IPUIPlugin
2024-11-08 15:25:59,236 [INFO] IPUIPlugin:80 - create IPUIPlugin
2024-11-08 15:25:59,237 [INFO] IPUIPlugin:80 - create IPUIPlugin
2024-11-08 15:25:59,237 [INFO] IPUIPlugin:80 - create IPUIPlugin
2024-11-08 15:25:59,238 [INFO] IPUIPlugin:80 - create IPUIPlugin
2024-11-08 15:25:59,238 [INFO] IPUIPlugin:80 - create IPUIPlugin
2024-11-08 15:25:59,238 [INFO] IPUIPlugin:80 - create IPUIPlugin
2024-11-08 15:25:59,239 [INFO] IPUIPlugin:80 - create IPUIPlugin
2024-11-08 15:25:59,239 [INFO] IPUIPlugin:80 - create IPUIPlugin
2024-11-08 15:25:59,239 [INFO] IPUIPlugin:80 - create IPUIPlugin
2024-11-08 15:25:59,239 [INFO] IPUIPlugin:80 - create IPUIPlugin
2024-11-08 15:25:59,239 [INFO] IPUIPlugin:80 - create IPUIPlugin
2024-11-08 15:25:59,239 [INFO] IPUIPlugin:80 - create IPUIPlugin
2024-11-08 15:25:59,239 [INFO] IPUIPlugin:80 - create IPUIPlugin
2024-11-08 15:25:59,239 [INFO] IPUIPlugin:80 - create IPUIPlugin
2024-11-08 15:25:59,239 [INFO] IPUIPlugin:80 - create IPUIPlugin
2024-11-08 15:25:59,239 [INFO] IPUIPlugin:80 - create IPUIPlugin
2024-11-08 15:25:59,240 [INFO] IPUIPlugin:80 - create IPUIPlugin
2024-11-08 15:25:59,240 [INFO] IPUIPlugin:80 - create IPUIPlugin
2024-11-08 15:25:59,240 [INFO] IPUIPlugin:80 - create IPUIPlugin
2024-11-08 15:25:59,240 [INFO] IPUIPlugin:80 - create IPUIPlugin
2024-11-08 15:25:59,240 [INFO] IPUIPlugin:80 - create IPUIPlugin
2024-11-08 15:25:59,240 [INFO] IPUIPlugin:80 - create IPUIPlugin
2024-11-08 15:25:59,240 [INFO] IPUIPlugin:80 - create IPUIPlugin
2024-11-08 15:25:59,244 [INFO] IPUIPlugin:80 - create IPUIPlugin
2024-11-08 15:25:59,244 [INFO] IPUIPlugin:80 - create IPUIPlugin
2024-11-08 15:25:59,245 [INFO] IPUIPlugin:80 - create IPUIPlugin
2024-11-08 15:25:59,245 [INFO] IPUIPlugin:80 - create IPUIPlugin
2024-11-08 15:25:59,245 [INFO] IPUIPlugin:80 - create IPUIPlugin
2024-11-08 15:25:59,245 [INFO] IPUIPlugin:80 - create IPUIPlugin
2024-11-08 15:25:59,245 [INFO] IPUIPlugin:80 - create IPUIPlugin
2024-11-08 15:25:59,246 [INFO] IPUIPlugin:80 - create IPUIPlugin
2024-11-08 15:25:59,246 [INFO] IPUIPlugin:80 - create IPUIPlugin
2024-11-08 15:25:59,303 [WARN] IP:2191 - AutoBaudRateEnableParam not found: check if there is a RefParameter without a condition.
2024-11-08 15:25:59,967 [INFO] CADModel:165 - CPN selected for project levelSTM32F303RET6
2024-11-08 15:25:59,970 [INFO] CADModel:114 - Register for checkConnection events
2024-11-08 15:26:00,023 [INFO] OpenFileManager:363 - Restore cursor
2024-11-08 15:26:00,424 [WARN] IP:2191 - AutoBaudRateEnableParam not found: check if there is a RefParameter without a condition.
2024-11-08 15:26:00,426 [WARN] IP:2191 - AutoBaudRateEnableParam not found: check if there is a RefParameter without a condition.
2024-11-08 16:37:05,227 [INFO] MainUpdater:2873 - connection check result : 10
2024-11-08 16:37:05,232 [INFO] MainUpdater:2873 - connection check result : 10
2024-11-08 16:37:05,837 [INFO] MicroXplorer:468 - Change Database Path : 
2024-11-08 16:37:05,837 [INFO] MicroXplorer:498 - Change Database Version : DB.6.0.121
2024-11-08 16:37:05,950 [ERROR] ProjectManagerView:394 - 
java.lang.NullPointerException: Cannot invoke "javax.swing.JTextField.getText()" because the return value of "java.util.List.get(int)" is null
	at com.st.microxplorer.plugins.projectmanager.gui.ProjectChoiceTab$10.caretUpdate(ProjectChoiceTab.java:2622) ~[filemanager.jar:?]
	at javax.swing.text.JTextComponent.fireCaretUpdate(JTextComponent.java:412) ~[?:?]
	at javax.swing.text.JTextComponent$MutableCaretEvent.fire(JTextComponent.java:4491) ~[?:?]
	at javax.swing.text.JTextComponent$MutableCaretEvent.stateChanged(JTextComponent.java:4513) ~[?:?]
	at javax.swing.text.DefaultCaret.fireStateChanged(DefaultCaret.java:842) ~[?:?]
	at javax.swing.text.DefaultCaret.changeCaretPosition(DefaultCaret.java:1313) ~[?:?]
	at javax.swing.text.DefaultCaret.handleSetDot(DefaultCaret.java:1212) ~[?:?]
	at javax.swing.text.DefaultCaret.setDot(DefaultCaret.java:1193) ~[?:?]
	at javax.swing.text.DefaultCaret$Handler.insertUpdate(DefaultCaret.java:1789) ~[?:?]
	at javax.swing.text.AbstractDocument.fireInsertUpdate(AbstractDocument.java:226) ~[?:?]
	at javax.swing.text.AbstractDocument.handleInsertString(AbstractDocument.java:780) ~[?:?]
	at javax.swing.text.AbstractDocument.insertString(AbstractDocument.java:739) ~[?:?]
	at javax.swing.text.PlainDocument.insertString(PlainDocument.java:131) ~[?:?]
	at javax.swing.text.AbstractDocument.replace(AbstractDocument.java:698) ~[?:?]
	at javax.swing.text.JTextComponent.setText(JTextComponent.java:1729) ~[?:?]
	at com.st.microxplorer.plugins.projectmanager.gui.ProjectChoiceTab.createHeapStackFields(ProjectChoiceTab.java:972) ~[filemanager.jar:?]
	at com.st.microxplorer.plugins.projectmanager.gui.ProjectChoiceTab.buildLinkSettingsPanel(ProjectChoiceTab.java:3597) ~[filemanager.jar:?]
	at com.st.microxplorer.plugins.projectmanager.gui.ProjectChoiceTab.defineWindowsFields(ProjectChoiceTab.java:1940) ~[filemanager.jar:?]
	at com.st.microxplorer.plugins.projectmanager.gui.ProjectChoiceTab.updateSettings(ProjectChoiceTab.java:550) ~[filemanager.jar:?]
	at com.st.microxplorer.plugins.projectmanager.gui.ProjectSettingsPanel.UpdateDialog(ProjectSettingsPanel.java:245) ~[filemanager.jar:?]
	at com.st.microxplorer.plugins.projectmanager.ProjectManagerView.propertyChange(ProjectManagerView.java:391) ~[filemanager.jar:?]
	at java.beans.PropertyChangeSupport.fire(PropertyChangeSupport.java:343) ~[?:?]
	at java.beans.PropertyChangeSupport.firePropertyChange(PropertyChangeSupport.java:335) ~[?:?]
	at java.beans.PropertyChangeSupport.firePropertyChange(PropertyChangeSupport.java:268) ~[?:?]
	at com.st.microxplorer.util.MXPropertyChangeSupport.firePropertyChange(MXPropertyChangeSupport.java:54) ~[STM32CubeMX.jar:?]
	at com.st.microxplorer.mxsystem.MxSystem.closeConfig(MxSystem.java:900) ~[STM32CubeMX.jar:?]
	at com.st.microxplorer.maingui.MainPanel.closeConfig(MainPanel.java:781) ~[STM32CubeMX.jar:?]
	at com.st.microxplorer.plugins.filemanager.engine.OpenFileManager.loadConfigurationFile(OpenFileManager.java:265) ~[filemanager.jar:?]
	at com.st.microxplorer.plugins.filemanager.engine.MainFileManager.userLoadConfig(MainFileManager.java:352) ~[filemanager.jar:?]
	at com.st.microxplorer.plugins.filemanager.engine.MainFileManager.userLoadConfig(MainFileManager.java:330) ~[filemanager.jar:?]
	at com.st.microxplorer.plugins.filemanager.FileManagerView.getSpecificTask(FileManagerView.java:246) ~[filemanager.jar:?]
	at com.st.stm32cube.common.mx.editor.CubeMxEditor.getMxTabbedPaneInstance(CubeMxEditor.java:1198) ~[com.st.stm32cube.common.mx_6.12.1.202409122256/:?]
	at com.st.stm32cube.common.mx.editor.CubeMxEditor$12$1.createSwingComponent(CubeMxEditor.java:1068) ~[com.st.stm32cube.common.mx_6.12.1.202409122256/:?]
	at com.st.stm32cube.common.mx.oss.core.awtswtbridge.EmbeddedSwingComposite.doComponentCreation(EmbeddedSwingComposite.java:492) ~[com.st.stm32cube.common.mx.oss_6.12.1.202409122256/:?]
	at com.st.stm32cube.common.mx.oss.core.awtswtbridge.EmbeddedSwingComposite$4.run(EmbeddedSwingComposite.java:291) ~[com.st.stm32cube.common.mx.oss_6.12.1.202409122256/:?]
	at com.st.stm32cube.common.mx.oss.core.awtswtbridge.AwtEnvironment$2.run(AwtEnvironment.java:166) ~[com.st.stm32cube.common.mx.oss_6.12.1.202409122256/:?]
	at java.awt.event.InvocationEvent.dispatch(InvocationEvent.java:318) ~[?:?]
	at java.awt.EventQueue.dispatchEventImpl(EventQueue.java:773) ~[?:?]
	at java.awt.EventQueue$4.run(EventQueue.java:720) ~[?:?]
	at java.awt.EventQueue$4.run(EventQueue.java:714) ~[?:?]
	at java.security.AccessController.doPrivileged(AccessController.java:399) ~[?:?]
	at java.security.ProtectionDomain$JavaSecurityAccessImpl.doIntersectionPrivilege(ProtectionDomain.java:86) ~[?:?]
	at java.awt.EventQueue.dispatchEvent(EventQueue.java:742) ~[?:?]
	at java.awt.EventDispatchThread.pumpOneEventForFilters(EventDispatchThread.java:203) ~[?:?]
	at java.awt.EventDispatchThread.pumpEventsForFilter(EventDispatchThread.java:124) ~[?:?]
	at java.awt.EventDispatchThread.pumpEventsForHierarchy(EventDispatchThread.java:113) ~[?:?]
	at java.awt.EventDispatchThread.pumpEvents(EventDispatchThread.java:109) ~[?:?]
	at java.awt.EventDispatchThread.pumpEvents(EventDispatchThread.java:101) ~[?:?]
	at java.awt.EventDispatchThread.run(EventDispatchThread.java:90) ~[?:?]
2024-11-08 16:37:05,961 [WARN] ThirdParty:871 - waiting for thirdparty lock release [close project]
2024-11-08 16:37:05,961 [INFO] ThirdParty:873 - entering critical section [close project]
2024-11-08 16:37:05,961 [INFO] ThirdParty:883 - exiting critical section [close project]
2024-11-08 16:37:05,965 [INFO] PinOutPanel:1561 - setPackage(No Configuration,No Configuration)
2024-11-08 16:37:05,996 [INFO] UtilMem:75 - Begin LoadConfig() Used Memory: 352329736 Bytes (564133888)
2024-11-08 16:37:05,997 [INFO] MicroXplorer:468 - Change Database Path : 
2024-11-08 16:37:05,997 [INFO] MicroXplorer:498 - Change Database Version : DB.6.0.121
2024-11-08 16:37:05,997 [INFO] OpenFileManager:332 - Change cursor
2024-11-08 16:37:06,046 [INFO] Mcu:2032 - Initializing MCU STM32F303R(D-E)Tx STM32F303RETx STM32F303RET6
2024-11-08 16:37:08,359 [INFO] Context:742 - Trying to add GPIOservice into a context  which must be forbidden
2024-11-08 16:37:09,306 [INFO] RtosManager:555 - Registered RTOS mode: class=CMSIS, group=RTOS, mode=CMSIS_V1, owner=FREERTOS
2024-11-08 16:37:09,306 [INFO] RtosManager:555 - Registered RTOS mode: class=CMSIS, group=RTOS2, mode=CMSIS_V2, owner=FREERTOS
2024-11-08 16:37:09,306 [INFO] RtosManager:555 - Registered RTOS mode: class=RTOS, group=Core, mode=CMSIS_V1, owner=FREERTOS
2024-11-08 16:37:09,306 [INFO] RtosManager:555 - Registered RTOS mode: class=RTOS, group=Core, mode=CMSIS_V2, owner=FREERTOS
2024-11-08 16:37:09,306 [WARN] ModelIntegratedComponent:184 - Missing modes for component STMicroelectronics:FreeRTOS:0.0.1:STMicroelectronics:RTOS:FreeRTOS:Core:::10.2.0:
2024-11-08 16:37:09,312 [WARN] ModelIntegratedComponent:63 - No mode defined for component null
2024-11-08 16:37:09,312 [WARN] ModelIntegratedComponent:63 - No mode defined for component null
2024-11-08 16:37:09,313 [WARN] ModelIntegratedComponent:63 - No mode defined for component null
2024-11-08 16:37:09,313 [WARN] ModelIntegratedComponent:63 - No mode defined for component null
2024-11-08 16:37:09,313 [WARN] ModelIntegratedComponent:63 - No mode defined for component null
2024-11-08 16:37:09,313 [WARN] ModelIntegratedComponent:63 - No mode defined for component null
2024-11-08 16:37:09,313 [WARN] ModelIntegratedComponent:63 - No mode defined for component null
2024-11-08 16:37:09,313 [WARN] ModelIntegratedComponent:63 - No mode defined for component null
2024-11-08 16:37:09,313 [WARN] ModelIntegratedComponent:63 - No mode defined for component null
2024-11-08 16:37:09,313 [WARN] ModelIntegratedComponent:63 - No mode defined for component null
2024-11-08 16:37:09,313 [WARN] ModelIntegratedComponent:63 - No mode defined for component null
2024-11-08 16:37:09,313 [WARN] ModelIntegratedComponent:63 - No mode defined for component null
2024-11-08 16:37:09,313 [WARN] ModelIntegratedComponent:63 - No mode defined for component null
2024-11-08 16:37:09,313 [WARN] ModelIntegratedComponent:63 - No mode defined for component null
2024-11-08 16:37:09,313 [WARN] ModelIntegratedComponent:63 - No mode defined for component null
2024-11-08 16:37:09,313 [WARN] ModelIntegratedComponent:63 - No mode defined for component null
2024-11-08 16:37:09,313 [WARN] ModelIntegratedComponent:63 - No mode defined for component null
2024-11-08 16:37:09,313 [WARN] ModelIntegratedComponent:63 - No mode defined for component null
2024-11-08 16:37:09,313 [WARN] ModelIntegratedComponent:63 - No mode defined for component null
2024-11-08 16:37:09,313 [WARN] ModelIntegratedComponent:63 - No mode defined for component null
2024-11-08 16:37:09,313 [WARN] ModelIntegratedComponent:63 - No mode defined for component null
2024-11-08 16:37:09,313 [WARN] ModelIntegratedComponent:63 - No mode defined for component null
2024-11-08 16:37:09,313 [WARN] ModelIntegratedComponent:63 - No mode defined for component null
2024-11-08 16:37:09,313 [WARN] ModelIntegratedComponent:63 - No mode defined for component null
2024-11-08 16:37:09,313 [WARN] ModelIntegratedComponent:63 - No mode defined for component null
2024-11-08 16:37:09,313 [WARN] ModelIntegratedComponent:63 - No mode defined for component null
2024-11-08 16:37:09,313 [WARN] ModelIntegratedComponent:63 - No mode defined for component null
2024-11-08 16:37:09,313 [WARN] ModelIntegratedComponent:63 - No mode defined for component null
2024-11-08 16:37:09,313 [WARN] ModelIntegratedComponent:63 - No mode defined for component null
2024-11-08 16:37:09,313 [WARN] ModelIntegratedComponent:63 - No mode defined for component null
2024-11-08 16:37:09,314 [WARN] ModelIntegratedComponent:63 - No mode defined for component null
2024-11-08 16:37:09,314 [WARN] ModelIntegratedComponent:63 - No mode defined for component null
2024-11-08 16:37:09,314 [WARN] ModelIntegratedComponent:63 - No mode defined for component null
2024-11-08 16:37:09,314 [WARN] ModelIntegratedComponent:63 - No mode defined for component null
2024-11-08 16:37:09,314 [WARN] ModelIntegratedComponent:63 - No mode defined for component null
2024-11-08 16:37:09,316 [WARN] ModelPack:524 - Component already loaded: STMicroelectronics:HAL Drivers:0.0.0:STMicroelectronics:Device:STMicro_Driver:XSPI:HAL::0.0.1:HAL_XSPI
2024-11-08 16:37:09,650 [INFO] ThirdPartyModel:298 - Start build external matchings
2024-11-08 16:37:13,508 [INFO] ThirdPartyModel:316 - End build external matchings
2024-11-08 16:37:13,607 [INFO] ImportTextPane:205 - (OptionalMessage_ERROR) IP (DMA) : Parameter (Instance) has Id (UART4_RX) currently not set
2024-11-08 16:37:13,608 [INFO] ImportTextPane:205 - (OptionalMessage_ERROR) IP (DMA) : Parameter (Direction) has Id (UART4_RX) currently not set
2024-11-08 16:37:13,608 [INFO] ImportTextPane:205 - (OptionalMessage_ERROR) IP (DMA) : Parameter (PeriphInc) has Id (UART4_RX) currently not set
2024-11-08 16:37:13,608 [INFO] ImportTextPane:205 - (OptionalMessage_ERROR) IP (DMA) : Parameter (MemInc) has Id (UART4_RX) currently not set
2024-11-08 16:37:13,608 [INFO] ImportTextPane:205 - (OptionalMessage_ERROR) IP (DMA) : Parameter (PeriphDataAlignment) has Id (UART4_RX) currently not set
2024-11-08 16:37:13,609 [INFO] ImportTextPane:205 - (OptionalMessage_ERROR) IP (DMA) : Parameter (MemDataAlignment) has Id (UART4_RX) currently not set
2024-11-08 16:37:13,609 [INFO] ImportTextPane:205 - (OptionalMessage_ERROR) IP (DMA) : Parameter (Mode) has Id (UART4_RX) currently not set
2024-11-08 16:37:13,609 [INFO] ImportTextPane:205 - (OptionalMessage_ERROR) IP (DMA) : Parameter (Priority) has Id (UART4_RX) currently not set
2024-11-08 16:37:13,619 [INFO] ImportTextPane:205 - (OptionalMessage_ERROR) IP (RCC) : Invalid parameter (FamilyName)
2024-11-08 16:37:13,622 [INFO] ImportTextPane:205 - (OptionalMessage_ERROR) IP (RCC) : Invalid parameter (PLLM)
2024-11-08 16:37:13,622 [INFO] ImportTextPane:205 - (OptionalMessage_ERROR) IP (RCC) : Invalid parameter (PLLN)
2024-11-08 16:37:13,622 [INFO] ImportTextPane:205 - (OptionalMessage_ERROR) IP (RCC) : Invalid parameter (PLLP)
2024-11-08 16:37:13,622 [INFO] ImportTextPane:205 - (OptionalMessage_ERROR) IP (RCC) : Invalid parameter (PLLQ)
2024-11-08 16:37:13,622 [INFO] ImportTextPane:205 - (OptionalMessage_ERROR) IP (RCC) : Invalid parameter (RCC_PLLsource_Clock_Source_FROM_HSE)
2024-11-08 16:37:13,623 [INFO] ImportTextPane:205 - (OptionalMessage_ERROR) IP (RCC) : Parameter (USBFreq_Value) has invalid value (72000000)
2024-11-08 16:37:14,353 [INFO] UtilMem:75 - End LoadConfig() Used Memory: 336736792 Bytes (602931200)
2024-11-08 16:37:14,479 [WARN] ThirdParty:833 - waiting for thirdparty lock release [change project]
2024-11-08 16:37:14,483 [INFO] ThirdParty:835 - entering critical section [change project]
2024-11-08 16:37:14,484 [INFO] ThirdParty:1030 - CMSIS Pack Vendor :STMicroelectronics USBPD 4.1
2024-11-08 16:37:14,484 [INFO] ThirdParty:1030 - CMSIS Pack Vendor :STMicroelectronics X-CUBE-GNSS1 6.0.0
2024-11-08 16:37:14,484 [INFO] ThirdParty:1030 - CMSIS Pack Vendor :STMicroelectronics USB_HOST 2.0.0
2024-11-08 16:37:14,484 [INFO] ThirdParty:1030 - CMSIS Pack Vendor :STMicroelectronics FP-SNS-MOTENVWB1 1.4.0
2024-11-08 16:37:14,484 [INFO] ThirdParty:1030 - CMSIS Pack Vendor :STMicroelectronics X-CUBE-AZRTOS-F4 1.1.0
2024-11-08 16:37:14,484 [INFO] ThirdParty:1030 - CMSIS Pack Vendor :STMicroelectronics LIBJPEG 8.0.0
2024-11-08 16:37:14,484 [INFO] ThirdParty:1030 - CMSIS Pack Vendor :STMicroelectronics X-CUBE-SMBUS 2.1.0
2024-11-08 16:37:14,484 [INFO] ThirdParty:1030 - CMSIS Pack Vendor :STMicroelectronics X-CUBE-WB05N 1.1.0
2024-11-08 16:37:14,484 [INFO] ThirdParty:1030 - CMSIS Pack Vendor :STMicroelectronics X-CUBE-ISPU 2.1.0
2024-11-08 16:37:14,484 [INFO] ThirdParty:1030 - CMSIS Pack Vendor :STMicroelectronics X-CUBE-FREERTOS 1.2.0
2024-11-08 16:37:14,484 [INFO] ThirdParty:1030 - CMSIS Pack Vendor :STMicroelectronics X-CUBE-TOUCHGFX 4.23.1
2024-11-08 16:37:14,484 [INFO] ThirdParty:1030 - CMSIS Pack Vendor :STMicroelectronics X-CUBE-TOUCHGFX 4.23.0
2024-11-08 16:37:14,484 [INFO] ThirdParty:1030 - CMSIS Pack Vendor :STMicroelectronics X-CUBE-TOUCHGFX 4.23.2
2024-11-08 16:37:14,484 [INFO] ThirdParty:1030 - CMSIS Pack Vendor :STMicroelectronics X-CUBE-AZRTOS-H7 1.1.0
2024-11-08 16:37:14,484 [INFO] ThirdParty:1030 - CMSIS Pack Vendor :STMicroelectronics X-CUBE-AZRTOS-F7 1.1.0
2024-11-08 16:37:14,484 [INFO] ThirdParty:1030 - CMSIS Pack Vendor :STMicroelectronics X-CUBE-AZRTOS-L5 2.0.0
2024-11-08 16:37:14,484 [INFO] ThirdParty:1030 - CMSIS Pack Vendor :STMicroelectronics USB_DEVICE 2.0.0
2024-11-08 16:37:14,484 [INFO] ThirdParty:1030 - CMSIS Pack Vendor :STMicroelectronics X-CUBE-MEMS1 9.6.0
2024-11-08 16:37:14,485 [INFO] ThirdParty:1030 - CMSIS Pack Vendor :STMicroelectronics X-CUBE-EEPRMA1 4.2.0
2024-11-08 16:37:14,485 [INFO] ThirdParty:1030 - CMSIS Pack Vendor :STMicroelectronics X-CUBE-NFC6 3.1.0
2024-11-08 16:37:14,485 [INFO] ThirdParty:1030 - CMSIS Pack Vendor :ITTIA_DB I-CUBE-ITTIADB 8.8.0
2024-11-08 16:37:14,485 [INFO] ThirdParty:1030 - CMSIS Pack Vendor :STMicroelectronics FP-SNS-MOTENV1 4.3.2
2024-11-08 16:37:14,485 [INFO] ThirdParty:1030 - CMSIS Pack Vendor :STMicroelectronics X-CUBE-MEMS1 11.0.0
2024-11-08 16:37:14,485 [INFO] ThirdParty:1030 - CMSIS Pack Vendor :STMicroelectronics X-CUBE-BLE1 6.2.4
2024-11-08 16:37:14,485 [INFO] ThirdParty:1030 - CMSIS Pack Vendor :STMicroelectronics FreeRTOS 0.0.1
2024-11-08 16:37:14,485 [INFO] ThirdParty:1030 - CMSIS Pack Vendor :emotas I-CUBE-CANOPEN 1.1.3
2024-11-08 16:37:14,485 [INFO] ThirdParty:1030 - CMSIS Pack Vendor :STMicroelectronics X-CUBE-BLEMGR 2.0.0
2024-11-08 16:37:14,485 [INFO] ThirdParty:1030 - CMSIS Pack Vendor :STMicroelectronics X-CUBE-DPower 1.2.0
2024-11-08 16:37:14,485 [INFO] ThirdParty:1030 - CMSIS Pack Vendor :STMicroelectronics X-CUBE-BLE1 6.2.1
2024-11-08 16:37:14,485 [INFO] ThirdParty:1030 - CMSIS Pack Vendor :STMicroelectronics X-CUBE-BLE1 6.2.2
2024-11-08 16:37:14,485 [INFO] ThirdParty:1030 - CMSIS Pack Vendor :STMicroelectronics X-CUBE-BLE2 3.2.1
2024-11-08 16:37:14,485 [INFO] ThirdParty:1030 - CMSIS Pack Vendor :STMicroelectronics FP-SNS-FLIGHT1 5.0.2
2024-11-08 16:37:14,485 [INFO] ThirdParty:1030 - CMSIS Pack Vendor :STMicroelectronics X-CUBE-NFC4 2.0.5
2024-11-08 16:37:14,485 [INFO] ThirdParty:1030 - CMSIS Pack Vendor :STMicroelectronics X-CUBE-BLE2 3.2.2
2024-11-08 16:37:14,485 [INFO] ThirdParty:1030 - CMSIS Pack Vendor :STMicroelectronics X-CUBE-NFC4 2.0.3
2024-11-08 16:37:14,485 [INFO] ThirdParty:1030 - CMSIS Pack Vendor :wolfSSL I-CUBE-wolfSSL 4.8.0
2024-11-08 16:37:14,486 [INFO] ThirdParty:1030 - CMSIS Pack Vendor :STMicroelectronics X-CUBE-AI 9.0.0
2024-11-08 16:37:14,486 [INFO] ThirdParty:1030 - CMSIS Pack Vendor :STMicroelectronics X-CUBE-AZRTOS-H7 3.1.0
2024-11-08 16:37:14,486 [INFO] ThirdParty:1030 - CMSIS Pack Vendor :STMicroelectronics PDM2PCM 3.3.0
2024-11-08 16:37:14,486 [INFO] ThirdParty:1030 - CMSIS Pack Vendor :STMicroelectronics X-CUBE-SFXS2LP1 3.1.0
2024-11-08 16:37:14,486 [INFO] ThirdParty:1030 - CMSIS Pack Vendor :STMicroelectronics X-CUBE-DISPLAY 3.0.0
2024-11-08 16:37:14,486 [INFO] ThirdParty:1030 - CMSIS Pack Vendor :STMicroelectronics X-CUBE-AZRTOS-F4 1.0.0
2024-11-08 16:37:14,486 [INFO] ThirdParty:1030 - CMSIS Pack Vendor :STMicroelectronics X-CUBE-BLE1 7.0.0
2024-11-08 16:37:14,486 [INFO] ThirdParty:1030 - CMSIS Pack Vendor :STMicroelectronics X-CUBE-NFC10 1.0.0
2024-11-08 16:37:14,486 [INFO] ThirdParty:1030 - CMSIS Pack Vendor :STMicroelectronics X-CUBE-TOF1 2.0.0
2024-11-08 16:37:14,486 [INFO] ThirdParty:1030 - CMSIS Pack Vendor :STMicroelectronics HAL Drivers 0.0.0
2024-11-08 16:37:14,486 [INFO] ThirdParty:1030 - CMSIS Pack Vendor :STMicroelectronics X-CUBE-TOUCHGFX 4.22.0
2024-11-08 16:37:14,486 [INFO] ThirdParty:1030 - CMSIS Pack Vendor :STMicroelectronics X-CUBE-NFC7 1.0.1
2024-11-08 16:37:14,486 [INFO] ThirdParty:1030 - CMSIS Pack Vendor :STMicroelectronics MBEDTLS 2.14.1
2024-11-08 16:37:14,486 [INFO] ThirdParty:1030 - CMSIS Pack Vendor :STMicroelectronics X-CUBE-NFC7 1.0.0
2024-11-08 16:37:14,486 [INFO] ThirdParty:1030 - CMSIS Pack Vendor :STMicroelectronics X-CUBE-TOUCHGFX 4.22.1
2024-11-08 16:37:14,486 [INFO] ThirdParty:1030 - CMSIS Pack Vendor :wolfSSL I-CUBE-wolfTPM 3.2.0
2024-11-08 16:37:14,486 [INFO] ThirdParty:1030 - CMSIS Pack Vendor :STMicroelectronics X-CUBE-SUBG2 4.2.0
2024-11-08 16:37:14,486 [INFO] ThirdParty:1030 - CMSIS Pack Vendor :STMicroelectronics X-CUBE-NFC6 3.0.0
2024-11-08 16:37:14,486 [INFO] ThirdParty:1030 - CMSIS Pack Vendor :STMicroelectronics X-CUBE-EEPRMA1 4.1.0
2024-11-08 16:37:14,487 [INFO] ThirdParty:1030 - CMSIS Pack Vendor :STMicroelectronics X-CUBE-BLEMGR 3.1.0
2024-11-08 16:37:14,487 [INFO] ThirdParty:1030 - CMSIS Pack Vendor :STMicroelectronics FP-SNS-SMARTAG2 1.2.0
2024-11-08 16:37:14,487 [INFO] ThirdParty:1030 - CMSIS Pack Vendor :STMicroelectronics X-CUBE-AZRTOS-WL 2.0.0
2024-11-08 16:37:14,487 [INFO] ThirdParty:1030 - CMSIS Pack Vendor :STMicroelectronics X-CUBE-ALGOBUILD 1.2.1
2024-11-08 16:37:14,487 [INFO] ThirdParty:1030 - CMSIS Pack Vendor :STMicroelectronics X-CUBE-DISPLAY 1.0.0
2024-11-08 16:37:14,487 [INFO] ThirdParty:1030 - CMSIS Pack Vendor :STMicroelectronics FP-SNS-MOTENV1 5.0.0
2024-11-08 16:37:14,487 [INFO] ThirdParty:1030 - CMSIS Pack Vendor :STMicroelectronics USB_DEVICE 1.0.0
2024-11-08 16:37:14,487 [INFO] ThirdParty:1030 - CMSIS Pack Vendor :STMicroelectronics X-CUBE-AI 8.1.0
2024-11-08 16:37:14,487 [INFO] ThirdParty:1030 - CMSIS Pack Vendor :STMicroelectronics X-CUBE-AZRTOS-G0 1.0.0
2024-11-08 16:37:14,487 [INFO] ThirdParty:1030 - CMSIS Pack Vendor :wolfSSL I-CUBE-wolfMQTT 1.19.0
2024-11-08 16:37:14,488 [INFO] ThirdParty:1030 - CMSIS Pack Vendor :STMicroelectronics X-CUBE-AZRTOS-L4 2.0.0
2024-11-08 16:37:14,495 [INFO] ThirdParty:1030 - CMSIS Pack Vendor :STMicroelectronics ThreadX 0.0.2
2024-11-08 16:37:14,497 [INFO] ThirdParty:1030 - CMSIS Pack Vendor :WES I-CUBE-Cesium 1.3.0
2024-11-08 16:37:14,498 [INFO] ThirdParty:1030 - CMSIS Pack Vendor :STMicroelectronics lwIP 2.1.2
2024-11-08 16:37:14,498 [INFO] ThirdParty:1030 - CMSIS Pack Vendor :STMicroelectronics X-CUBE-SFXS2LP1 4.0.0
2024-11-08 16:37:14,498 [INFO] ThirdParty:1030 - CMSIS Pack Vendor :STMicroelectronics X-CUBE-BLE2 3.3.0
2024-11-08 16:37:14,498 [INFO] ThirdParty:1030 - CMSIS Pack Vendor :STMicroelectronics X-CUBE-DISPLAY 2.2.0
2024-11-08 16:37:14,498 [INFO] ThirdParty:1030 - CMSIS Pack Vendor :STMicroelectronics X-CUBE-TOF1 3.2.0
2024-11-08 16:37:14,498 [INFO] ThirdParty:1030 - CMSIS Pack Vendor :STMicroelectronics PDM2PCM 3.2.0
2024-11-08 16:37:14,498 [INFO] ThirdParty:1030 - CMSIS Pack Vendor :STMicroelectronics X-CUBE-TOUCHGFX 4.18.1
2024-11-08 16:37:14,498 [INFO] ThirdParty:1030 - CMSIS Pack Vendor :STMicroelectronics X-CUBE-AZRTOS-H7 3.0.0
2024-11-08 16:37:14,498 [INFO] ThirdParty:1030 - CMSIS Pack Vendor :STMicroelectronics X-CUBE-ISPU 1.1.0
2024-11-08 16:37:14,498 [INFO] ThirdParty:1030 - CMSIS Pack Vendor :STMicroelectronics X-CUBE-AZRTOS-H7 3.3.0
2024-11-08 16:37:14,498 [INFO] ThirdParty:1030 - CMSIS Pack Vendor :RoweBots I-CUBE-UNISONRTOS 5.5.0-4
2024-11-08 16:37:14,498 [INFO] ThirdParty:1030 - CMSIS Pack Vendor :STMicroelectronics X-CUBE-NFC9 1.0.0
2024-11-08 16:37:14,498 [INFO] ThirdParty:1030 - CMSIS Pack Vendor :STMicroelectronics USB_DEVICE 3.0.0
2024-11-08 16:37:14,498 [INFO] ThirdParty:1030 - CMSIS Pack Vendor :STMicroelectronics X-CUBE-TCPP 4.1.0
2024-11-08 16:37:14,498 [INFO] ThirdParty:1030 - CMSIS Pack Vendor :STMicroelectronics X-CUBE-AI 8.0.0
2024-11-08 16:37:14,498 [INFO] ThirdParty:1030 - CMSIS Pack Vendor :STMicroelectronics X-CUBE-IPS 3.0.0
2024-11-08 16:37:14,498 [INFO] ThirdParty:1030 - CMSIS Pack Vendor :STMicroelectronics X-CUBE-AZRTOS-WB 2.0.0
2024-11-08 16:37:14,498 [INFO] ThirdParty:1030 - CMSIS Pack Vendor :STMicroelectronics X-CUBE-FREERTOS 1.0.1
2024-11-08 16:37:14,499 [INFO] ThirdParty:1030 - CMSIS Pack Vendor :STMicroelectronics X-CUBE-TOUCHGFX 4.21.1
2024-11-08 16:37:14,499 [INFO] ThirdParty:1030 - CMSIS Pack Vendor :STMicroelectronics X-CUBE-GNSS1 7.0.0
2024-11-08 16:37:14,499 [INFO] ThirdParty:1030 - CMSIS Pack Vendor :STMicroelectronics X-CUBE-TOUCHGFX 4.21.0
2024-11-08 16:37:14,499 [INFO] ThirdParty:1030 - CMSIS Pack Vendor :STMicroelectronics X-CUBE-TOUCHGFX 4.21.3
2024-11-08 16:37:14,499 [INFO] ThirdParty:1030 - CMSIS Pack Vendor :STMicroelectronics X-CUBE-MEMS1 9.0.0
2024-11-08 16:37:14,499 [INFO] ThirdParty:1030 - CMSIS Pack Vendor :STMicroelectronics X-CUBE-MEMS1 9.4.0
2024-11-08 16:37:14,499 [INFO] ThirdParty:1030 - CMSIS Pack Vendor :STMicroelectronics X-CUBE-AI 7.3.0
2024-11-08 16:37:14,499 [INFO] ThirdParty:1030 - CMSIS Pack Vendor :STMicroelectronics FP-SNS-STBOX1 2.0.0
2024-11-08 16:37:14,499 [INFO] ThirdParty:1030 - CMSIS Pack Vendor :STMicroelectronics X-CUBE-ALGOBUILD 1.3.0
2024-11-08 16:37:14,499 [INFO] ThirdParty:1030 - CMSIS Pack Vendor :STMicroelectronics X-CUBE-AZRTOS-L5 1.1.0
2024-11-08 16:37:14,499 [INFO] ThirdParty:1030 - CMSIS Pack Vendor :STMicroelectronics X-CUBE-AZRTOS-G0 1.1.0
2024-11-08 16:37:14,499 [INFO] ThirdParty:1030 - CMSIS Pack Vendor :STMicroelectronics X-CUBE-SAFEA1 1.2.2
2024-11-08 16:37:14,499 [INFO] ThirdParty:1030 - CMSIS Pack Vendor :STMicroelectronics X-CUBE-NFC4 3.0.0
2024-11-08 16:37:14,499 [INFO] ThirdParty:1030 - CMSIS Pack Vendor :SEGGER I-CUBE-embOS 1.2.0
2024-11-08 16:37:14,499 [INFO] ThirdParty:1030 - CMSIS Pack Vendor :STMicroelectronics X-CUBE-SUBG2 5.0.0
2024-11-08 16:37:14,499 [INFO] ThirdParty:1030 - CMSIS Pack Vendor :STMicroelectronics STM32_WPAN 1.0.0
2024-11-08 16:37:14,499 [INFO] ThirdParty:1030 - CMSIS Pack Vendor :wolfSSL I-CUBE-wolfMQTT 1.18.0
2024-11-08 16:37:14,499 [INFO] ThirdParty:1030 - CMSIS Pack Vendor :EmbeddedOffice I-CUBE-FS-RTOS 1.0.1
2024-11-08 16:37:14,499 [INFO] ThirdParty:1030 - CMSIS Pack Vendor :STMicroelectronics lwIP 2.0.3
2024-11-08 16:37:14,499 [INFO] ThirdParty:1030 - CMSIS Pack Vendor :STMicroelectronics USB_HOST 1.0.0
2024-11-08 16:37:14,499 [INFO] ThirdParty:1030 - CMSIS Pack Vendor :STMicroelectronics X-CUBE-TOF1 3.3.1
2024-11-08 16:37:14,499 [INFO] ThirdParty:1030 - CMSIS Pack Vendor :STMicroelectronics X-CUBE-AZRTOS-G4 2.0.0
2024-11-08 16:37:14,499 [INFO] ThirdParty:1030 - CMSIS Pack Vendor :STMicroelectronics X-CUBE-TOUCHGFX 4.17.0
2024-11-08 16:37:14,499 [INFO] ThirdParty:1030 - CMSIS Pack Vendor :STMicroelectronics PDM2PCM 3.1.0
2024-11-08 16:37:14,500 [INFO] ThirdParty:1030 - CMSIS Pack Vendor :STMicroelectronics X-CUBE-TOF1 3.3.0
2024-11-08 16:37:14,500 [INFO] ThirdParty:1030 - CMSIS Pack Vendor :STMicroelectronics FP-ATR-ASTRA1 1.1.1
2024-11-08 16:37:14,500 [INFO] ThirdParty:1030 - CMSIS Pack Vendor :Infineon AIROC-Wi-Fi-Bluetooth-STM32 1.5.1
2024-11-08 16:37:14,500 [INFO] ThirdParty:1030 - CMSIS Pack Vendor :STMicroelectronics X-CUBE-BLEMGR 3.0.0
2024-11-08 16:37:14,500 [INFO] ThirdParty:1030 - CMSIS Pack Vendor :STMicroelectronics X-CUBE-BLEMGR 1.3.0
2024-11-08 16:37:14,500 [INFO] ThirdParty:1030 - CMSIS Pack Vendor :RealThread X-CUBE-RT-Thread_Nano 4.1.1
2024-11-08 16:37:14,500 [INFO] ThirdParty:1030 - CMSIS Pack Vendor :STMicroelectronics X-CUBE-AZRTOS-H7 2.0.0
2024-11-08 16:37:14,500 [INFO] ThirdParty:1030 - CMSIS Pack Vendor :STMicroelectronics FP-SNS-MOTENVWB1 1.3.1
2024-11-08 16:37:14,500 [INFO] ThirdParty:1030 - CMSIS Pack Vendor :STMicroelectronics FP-ATR-SIGFOX1 3.2.0
2024-11-08 16:37:14,500 [INFO] ThirdParty:1030 - CMSIS Pack Vendor :STMicroelectronics X-CUBE-AZRTOS-G4 1.0.0
2024-11-08 16:37:14,500 [INFO] ThirdParty:1030 - CMSIS Pack Vendor :STMicroelectronics X-CUBE-AZRTOS-L4 1.0.0
2024-11-08 16:37:14,500 [INFO] ThirdParty:1030 - CMSIS Pack Vendor :STMicroelectronics X-CUBE-ISPU 2.0.0
2024-11-08 16:37:14,500 [INFO] ThirdParty:1030 - CMSIS Pack Vendor :STMicroelectronics X-CUBE-EEPRMA1 5.1.0
2024-11-08 16:37:14,500 [INFO] ThirdParty:1030 - CMSIS Pack Vendor :STMicroelectronics MBEDTLS 2.16.2
2024-11-08 16:37:14,500 [INFO] ThirdParty:1030 - CMSIS Pack Vendor :STMicroelectronics X-CUBE-ALS 1.0.2
2024-11-08 16:37:14,500 [INFO] ThirdParty:1030 - CMSIS Pack Vendor :STMicroelectronics X-CUBE-TOUCHGFX 4.20.0
2024-11-08 16:37:14,500 [INFO] ThirdParty:1030 - CMSIS Pack Vendor :STMicroelectronics X-CUBE-MEMS1 10.0.0
2024-11-08 16:37:14,500 [INFO] ThirdParty:1030 - CMSIS Pack Vendor :STMicroelectronics X-CUBE-FREERTOS 1.1.0
2024-11-08 16:37:14,500 [INFO] ThirdParty:1030 - CMSIS Pack Vendor :STMicroelectronics X-CUBE-TOUCHGFX 4.24.0
2024-11-08 16:37:14,500 [INFO] ThirdParty:1030 - CMSIS Pack Vendor :STMicroelectronics X-CUBE-AZRTOS-F7 1.0.0
2024-11-08 16:37:14,500 [INFO] ThirdParty:1030 - CMSIS Pack Vendor :STMicroelectronics X-CUBE-AZRTOS-WL 1.0.0
2024-11-08 16:37:14,500 [INFO] ThirdParty:1030 - CMSIS Pack Vendor :STMicroelectronics X-CUBE-TOUCHGFX 4.24.1
2024-11-08 16:37:14,500 [INFO] ThirdParty:1030 - CMSIS Pack Vendor :STMicroelectronics X-CUBE-MEMS1 9.1.0
2024-11-08 16:37:14,500 [INFO] ThirdParty:1030 - CMSIS Pack Vendor :portGmbH I-Cube-SoM-uGOAL 1.1.0
2024-11-08 16:37:14,500 [INFO] ThirdParty:1030 - CMSIS Pack Vendor :STMicroelectronics X-CUBE-ALS 1.0.1
2024-11-08 16:37:14,500 [INFO] ThirdParty:1030 - CMSIS Pack Vendor :STMicroelectronics X-CUBE-MEMS1 9.5.0
2024-11-08 16:37:14,500 [INFO] ThirdParty:1030 - CMSIS Pack Vendor :STMicroelectronics X-CUBE-AI 7.0.0
2024-11-08 16:37:14,501 [INFO] ThirdParty:1030 - CMSIS Pack Vendor :STMicroelectronics ThreadX 1.0.0
2024-11-08 16:37:14,501 [INFO] ThirdParty:1030 - CMSIS Pack Vendor :STMicroelectronics X-CUBE-AZRTOS-WB 1.1.0
2024-11-08 16:37:14,501 [INFO] ThirdParty:1030 - CMSIS Pack Vendor :SEGGER I-CUBE-embOS 1.3.1
2024-11-08 16:37:14,501 [INFO] ThirdParty:1030 - CMSIS Pack Vendor :STMicroelectronics X-CUBE-ALGOBUILD 1.4.0
2024-11-08 16:37:14,501 [INFO] ThirdParty:1030 - CMSIS Pack Vendor :STMicroelectronics X-CUBE-AZRTOS-L5 1.0.0
2024-11-08 16:37:14,501 [INFO] ThirdParty:1030 - CMSIS Pack Vendor :STMicroelectronics X-CUBE-EEPRMA1 3.1.0
2024-11-08 16:37:14,501 [INFO] ThirdParty:1030 - CMSIS Pack Vendor :STMicroelectronics X-CUBE-EEPRMA1 3.1.1
2024-11-08 16:37:14,501 [INFO] ThirdParty:1030 - CMSIS Pack Vendor :STMicroelectronics X-CUBE-AZRTOS-H7RS 1.0.0
2024-11-08 16:37:14,501 [INFO] ThirdParty:1030 - CMSIS Pack Vendor :STMicroelectronics X-CUBE-GNSS1 5.2.0
2024-11-08 16:37:14,501 [INFO] ThirdParty:1030 - CMSIS Pack Vendor :STMicroelectronics FP-ATR-ASTRA1 2.0.0
2024-11-08 16:37:14,501 [INFO] ThirdParty:1030 - CMSIS Pack Vendor :STMicroelectronics X-CUBE-TOF1 3.4.2
2024-11-08 16:37:14,501 [INFO] ThirdParty:1030 - CMSIS Pack Vendor :STMicroelectronics X-CUBE-DISPLAY 2.0.1
2024-11-08 16:37:14,501 [INFO] ThirdParty:1030 - CMSIS Pack Vendor :STMicroelectronics X-CUBE-AI 9.1.0
2024-11-08 16:37:14,501 [INFO] ThirdParty:1030 - CMSIS Pack Vendor :STMicroelectronics X-CUBE-TOF1 3.4.0
2024-11-08 16:37:14,501 [INFO] ThirdParty:1030 - CMSIS Pack Vendor :STMicroelectronics X-CUBE-TOF1 3.4.1
2024-11-08 16:37:14,501 [INFO] ThirdParty:1030 - CMSIS Pack Vendor :STMicroelectronics X-CUBE-AZRTOS-H7 3.2.0
2024-11-08 16:37:14,501 [INFO] ThirdParty:1030 - CMSIS Pack Vendor :wolfSSL I-CUBE-wolfSSH 1.4.17
2024-11-08 16:37:14,504 [INFO] ThirdParty:841 - exiting critical section [change project]
2024-11-08 16:37:15,334 [INFO] PinOutPanel:1561 - setPackage(No Configuration,No Configuration)
2024-11-08 16:37:15,342 [INFO] PinOutPanel:1561 - setPackage(STM32F303RETx,LQFP64)
2024-11-08 16:37:16,650 [INFO] UtilMem:75 - Before build in PCC Used Memory: 361216768 Bytes (602931200)
2024-11-08 16:37:17,250 [INFO] UtilMem:75 - After build in PCC Used Memory: 407354112 Bytes (602931200)
2024-11-08 16:37:17,314 [INFO] IPUIPlugin:80 - create IPUIPlugin
2024-11-08 16:37:17,314 [INFO] IPUIPlugin:80 - create IPUIPlugin
2024-11-08 16:37:17,314 [INFO] IPUIPlugin:80 - create IPUIPlugin
2024-11-08 16:37:17,314 [INFO] IPUIPlugin:80 - create IPUIPlugin
2024-11-08 16:37:17,315 [INFO] IPUIPlugin:80 - create IPUIPlugin
2024-11-08 16:37:17,315 [INFO] IPUIPlugin:80 - create IPUIPlugin
2024-11-08 16:37:17,315 [INFO] IPUIPlugin:80 - create IPUIPlugin
2024-11-08 16:37:17,315 [INFO] IPUIPlugin:80 - create IPUIPlugin
2024-11-08 16:37:17,315 [INFO] IPUIPlugin:80 - create IPUIPlugin
2024-11-08 16:37:17,315 [INFO] IPUIPlugin:80 - create IPUIPlugin
2024-11-08 16:37:17,315 [INFO] IPUIPlugin:80 - create IPUIPlugin
2024-11-08 16:37:17,315 [INFO] IPUIPlugin:80 - create IPUIPlugin
2024-11-08 16:37:17,316 [INFO] IPUIPlugin:80 - create IPUIPlugin
2024-11-08 16:37:17,316 [INFO] IPUIPlugin:80 - create IPUIPlugin
2024-11-08 16:37:17,316 [INFO] IPUIPlugin:80 - create IPUIPlugin
2024-11-08 16:37:17,316 [INFO] IPUIPlugin:80 - create IPUIPlugin
2024-11-08 16:37:17,316 [INFO] IPUIPlugin:80 - create IPUIPlugin
2024-11-08 16:37:17,316 [INFO] IPUIPlugin:80 - create IPUIPlugin
2024-11-08 16:37:17,317 [INFO] IPUIPlugin:80 - create IPUIPlugin
2024-11-08 16:37:17,317 [INFO] IPUIPlugin:80 - create IPUIPlugin
2024-11-08 16:37:17,317 [INFO] IPUIPlugin:80 - create IPUIPlugin
2024-11-08 16:37:17,318 [INFO] IPUIPlugin:80 - create IPUIPlugin
2024-11-08 16:37:17,319 [INFO] IPUIPlugin:80 - create IPUIPlugin
2024-11-08 16:37:17,320 [INFO] IPUIPlugin:80 - create IPUIPlugin
2024-11-08 16:37:17,323 [INFO] IPUIPlugin:80 - create IPUIPlugin
2024-11-08 16:37:17,324 [INFO] IPUIPlugin:80 - create IPUIPlugin
2024-11-08 16:37:17,330 [INFO] IPUIPlugin:80 - create IPUIPlugin
2024-11-08 16:37:17,331 [INFO] IPUIPlugin:80 - create IPUIPlugin
2024-11-08 16:37:17,331 [INFO] IPUIPlugin:80 - create IPUIPlugin
2024-11-08 16:37:17,331 [INFO] IPUIPlugin:80 - create IPUIPlugin
2024-11-08 16:37:17,331 [INFO] IPUIPlugin:80 - create IPUIPlugin
2024-11-08 16:37:17,332 [INFO] IPUIPlugin:80 - create IPUIPlugin
2024-11-08 16:37:17,332 [INFO] IPUIPlugin:80 - create IPUIPlugin
2024-11-08 16:37:17,332 [INFO] IPUIPlugin:80 - create IPUIPlugin
2024-11-08 16:37:17,332 [INFO] IPUIPlugin:80 - create IPUIPlugin
2024-11-08 16:37:17,332 [INFO] IPUIPlugin:80 - create IPUIPlugin
2024-11-08 16:37:17,332 [INFO] IPUIPlugin:80 - create IPUIPlugin
2024-11-08 16:37:17,332 [INFO] IPUIPlugin:80 - create IPUIPlugin
2024-11-08 16:37:17,332 [INFO] IPUIPlugin:80 - create IPUIPlugin
2024-11-08 16:37:17,333 [INFO] IPUIPlugin:80 - create IPUIPlugin
2024-11-08 16:37:17,333 [INFO] IPUIPlugin:80 - create IPUIPlugin
2024-11-08 16:37:17,333 [INFO] IPUIPlugin:80 - create IPUIPlugin
2024-11-08 16:37:17,333 [INFO] IPUIPlugin:80 - create IPUIPlugin
2024-11-08 16:37:17,333 [INFO] IPUIPlugin:80 - create IPUIPlugin
2024-11-08 16:37:17,333 [INFO] IPUIPlugin:80 - create IPUIPlugin
2024-11-08 16:37:17,333 [INFO] IPUIPlugin:80 - create IPUIPlugin
2024-11-08 16:37:17,333 [INFO] IPUIPlugin:80 - create IPUIPlugin
2024-11-08 16:37:17,334 [INFO] IPUIPlugin:80 - create IPUIPlugin
2024-11-08 16:37:17,334 [INFO] IPUIPlugin:80 - create IPUIPlugin
2024-11-08 16:37:17,334 [INFO] IPUIPlugin:80 - create IPUIPlugin
2024-11-08 16:37:17,334 [INFO] IPUIPlugin:80 - create IPUIPlugin
2024-11-08 16:37:17,334 [INFO] IPUIPlugin:80 - create IPUIPlugin
2024-11-08 16:37:17,335 [INFO] IPUIPlugin:80 - create IPUIPlugin
2024-11-08 16:37:17,335 [INFO] IPUIPlugin:80 - create IPUIPlugin
2024-11-08 16:37:17,335 [INFO] IPUIPlugin:80 - create IPUIPlugin
2024-11-08 16:37:17,336 [INFO] IPUIPlugin:80 - create IPUIPlugin
2024-11-08 16:37:17,344 [WARN] IP:2191 - AutoBaudRateEnableParam not found: check if there is a RefParameter without a condition.
2024-11-08 16:37:17,528 [INFO] CADModel:165 - CPN selected for project levelSTM32F303RET6
2024-11-08 16:37:17,529 [INFO] CADModel:114 - Register for checkConnection events
2024-11-08 16:37:17,581 [INFO] OpenFileManager:363 - Restore cursor
2024-11-08 16:37:18,066 [WARN] IP:2191 - AutoBaudRateEnableParam not found: check if there is a RefParameter without a condition.
2024-11-08 16:37:18,068 [WARN] IP:2191 - AutoBaudRateEnableParam not found: check if there is a RefParameter without a condition.
2024-11-08 16:37:31,504 [WARN] IP:2191 - AutoBaudRateEnableParam not found: check if there is a RefParameter without a condition.
2024-11-08 16:37:54,503 [WARN] IP:2191 - AutoBaudRateEnableParam not found: check if there is a RefParameter without a condition.
2024-11-08 16:37:54,508 [WARN] IP:2191 - AutoBaudRateEnableParam not found: check if there is a RefParameter without a condition.
2024-11-08 16:37:54,604 [INFO] NvicIntPanel:101 - NVIC parent = com.st.microxplorer.plugins.ip.nvic.MultiNvicIntPanel[,0,0,0x0,invalid,layout=javax.swing.BoxLayout,alignmentX=0.0,alignmentY=0.0,border=,flags=9,maximumSize=,minimumSize=,preferredSize=]
2024-11-08 16:38:12,670 [INFO] UtilMem:75 - End SaveConfig() Used Memory: 277942952 Bytes (825229312)
2024-11-08 16:38:17,757 [INFO] UtilMem:75 - End SaveConfig() Used Memory: 381827608 Bytes (825229312)
2024-11-08 16:38:19,239 [INFO] BlockDiagram:2766 - set Specific Code input for plugin: TIM1_8F3
2024-11-08 16:38:19,244 [INFO] BlockDiagram:2766 - set Specific Code input for plugin: SYS
2024-11-08 16:38:19,244 [INFO] BlockDiagram:2766 - set Specific Code input for plugin: RCC
2024-11-08 16:38:19,244 [INFO] BlockDiagram:2766 - set Specific Code input for plugin: NVIC
2024-11-08 16:38:19,244 [INFO] BlockDiagram:2766 - set Specific Code input for plugin: USART
2024-11-08 16:38:19,244 [INFO] BlockDiagram:2766 - set Specific Code input for plugin: DMA
2024-11-08 16:38:19,244 [INFO] BlockDiagram:2766 - set Specific Code input for plugin: UART
2024-11-08 16:38:19,245 [INFO] BlockDiagram:2766 - set Specific Code input for plugin: GPIO
2024-11-08 16:38:19,247 [INFO] CodeGenerator:807 - code generatio: config db path: /Applications/STM32CubeIDE.app/Contents/Eclipse/plugins/com.st.stm32cube.common.mx_6.12.1.202409122256//db/
2024-11-08 16:38:19,346 [WARN] IP:2191 - AutoBaudRateEnableParam not found: check if there is a RefParameter without a condition.
2024-11-08 16:38:19,639 [INFO] CodeEngine:255 - oldGeneratedFile, /Users/mark/Documents/Courses/F24/Project-V/Proj-5/MXTmpFiles/license.tmp_save
2024-11-08 16:38:20,851 [INFO] CodeEngine:279 - Generated code: /Users/mark/Documents/Courses/F24/Project-V/Proj-5/MXTmpFiles/license.tmp
2024-11-08 16:38:21,201 [INFO] CodeEngine:255 - oldGeneratedFile, /Users/mark/Documents/Courses/F24/Project-V/Proj-5/Core/Src/gpio.c_save
2024-11-08 16:38:21,645 [INFO] CodeEngine:279 - Generated code: /Users/mark/Documents/Courses/F24/Project-V/Proj-5/Core/Src/gpio.c
2024-11-08 16:38:21,652 [INFO] CodeEngine:255 - oldGeneratedFile, /Users/mark/Documents/Courses/F24/Project-V/Proj-5/Core/Inc/gpio.h_save
2024-11-08 16:38:21,868 [INFO] CodeEngine:279 - Generated code: /Users/mark/Documents/Courses/F24/Project-V/Proj-5/Core/Inc/gpio.h
2024-11-08 16:38:22,743 [INFO] CodeEngine:255 - oldGeneratedFile, /Users/mark/Documents/Courses/F24/Project-V/Proj-5/Core/Src/dma.c_save
2024-11-08 16:38:22,952 [INFO] CodeEngine:279 - Generated code: /Users/mark/Documents/Courses/F24/Project-V/Proj-5/Core/Src/dma.c
2024-11-08 16:38:22,957 [INFO] CodeEngine:255 - oldGeneratedFile, /Users/mark/Documents/Courses/F24/Project-V/Proj-5/Core/Inc/dma.h_save
2024-11-08 16:38:23,113 [INFO] CodeEngine:279 - Generated code: /Users/mark/Documents/Courses/F24/Project-V/Proj-5/Core/Inc/dma.h
2024-11-08 16:38:23,123 [INFO] CodeEngine:255 - oldGeneratedFile, /Users/mark/Documents/Courses/F24/Project-V/Proj-5/Core/Src/tim.c_save
2024-11-08 16:38:23,545 [INFO] CodeEngine:279 - Generated code: /Users/mark/Documents/Courses/F24/Project-V/Proj-5/Core/Src/tim.c
2024-11-08 16:38:23,561 [INFO] CodeEngine:255 - oldGeneratedFile, /Users/mark/Documents/Courses/F24/Project-V/Proj-5/Core/Inc/tim.h_save
2024-11-08 16:38:23,867 [INFO] CodeEngine:279 - Generated code: /Users/mark/Documents/Courses/F24/Project-V/Proj-5/Core/Inc/tim.h
2024-11-08 16:38:23,909 [INFO] CodeEngine:255 - oldGeneratedFile, /Users/mark/Documents/Courses/F24/Project-V/Proj-5/Core/Src/usart.c_save
2024-11-08 16:38:24,225 [INFO] CodeEngine:279 - Generated code: /Users/mark/Documents/Courses/F24/Project-V/Proj-5/Core/Src/usart.c
2024-11-08 16:38:24,229 [INFO] CodeEngine:255 - oldGeneratedFile, /Users/mark/Documents/Courses/F24/Project-V/Proj-5/Core/Inc/usart.h_save
2024-11-08 16:38:24,355 [INFO] CodeEngine:279 - Generated code: /Users/mark/Documents/Courses/F24/Project-V/Proj-5/Core/Inc/usart.h
2024-11-08 16:38:24,393 [INFO] CodeEngine:255 - oldGeneratedFile, /Users/mark/Documents/Courses/F24/Project-V/Proj-5/Core/Src/stm32f3xx_it.c_save
2024-11-08 16:38:24,756 [INFO] CodeEngine:279 - Generated code: /Users/mark/Documents/Courses/F24/Project-V/Proj-5/Core/Src/stm32f3xx_it.c
2024-11-08 16:38:24,763 [INFO] CodeEngine:255 - oldGeneratedFile, /Users/mark/Documents/Courses/F24/Project-V/Proj-5/Core/Inc/stm32f3xx_it.h_save
2024-11-08 16:38:25,021 [INFO] CodeEngine:279 - Generated code: /Users/mark/Documents/Courses/F24/Project-V/Proj-5/Core/Inc/stm32f3xx_it.h
2024-11-08 16:38:25,056 [INFO] CodeEngine:255 - oldGeneratedFile, /Users/mark/Documents/Courses/F24/Project-V/Proj-5/Core/Src/stm32f3xx_hal_msp.c_save
2024-11-08 16:38:25,329 [INFO] CodeEngine:279 - Generated code: /Users/mark/Documents/Courses/F24/Project-V/Proj-5/Core/Src/stm32f3xx_hal_msp.c
2024-11-08 16:38:25,337 [INFO] CodeEngine:255 - oldGeneratedFile, /Users/mark/Documents/Courses/F24/Project-V/Proj-5/MXTmpFiles/system.tmp_save
2024-11-08 16:38:25,464 [INFO] CodeEngine:279 - Generated code: /Users/mark/Documents/Courses/F24/Project-V/Proj-5/MXTmpFiles/system.tmp
2024-11-08 16:38:25,485 [INFO] CodeEngine:311 - oldGeneratedFile, /Users/mark/Documents/Courses/F24/Project-V/Proj-5/Core/Inc/stm32f3xx_hal_conf.h_save
2024-11-08 16:38:25,620 [INFO] CodeEngine:335 - Generated code: /Users/mark/Documents/Courses/F24/Project-V/Proj-5/Core/Inc/stm32f3xx_hal_conf.h
2024-11-08 16:38:25,861 [INFO] CodeEngine:255 - oldGeneratedFile, /Users/mark/Documents/Courses/F24/Project-V/Proj-5/Core/Inc/main.h_save
2024-11-08 16:38:26,227 [INFO] CodeEngine:279 - Generated code: /Users/mark/Documents/Courses/F24/Project-V/Proj-5/Core/Inc/main.h
2024-11-08 16:38:26,257 [INFO] CodeEngine:255 - oldGeneratedFile, /Users/mark/Documents/Courses/F24/Project-V/Proj-5/Core/Src/main.c_save
2024-11-08 16:38:26,893 [INFO] CodeEngine:279 - Generated code: /Users/mark/Documents/Courses/F24/Project-V/Proj-5/Core/Src/main.c
2024-11-08 16:38:28,079 [INFO] ProjectBuilder:3249 - Time for Copy HAL[1] : 114mS.
2024-11-08 16:38:28,100 [INFO] ProjectBuilder:4828 - Project Generator version: 4.5.0-B34
2024-11-08 16:38:28,344 [INFO] ConfigFileManager:1531 - The Die is : DIE446
2024-11-08 16:38:28,378 [INFO] ApiDbMcu:508 - Load IP Config File for FATFS
2024-11-08 16:38:28,397 [INFO] ApiDbMcu:508 - Load IP Config File for FREERTOS
2024-11-08 16:38:28,441 [INFO] ApiDbMcu:508 - Load IP Config File for TOUCHSENSING
2024-11-08 16:38:28,469 [INFO] ApiDbMcu:508 - Load IP Config File for USB_DEVICE
2024-11-08 16:38:29,958 [INFO] LogOutputStream:77 - [STDOUT_REDIRECT] 
2024-11-08 16:38:32,849 [INFO] ProjectBuilder:5097 - Time for Generating toolchain IDE Files: 4726mS.
2024-11-08 16:38:32,859 [INFO] ProjectBuilder:3107 - Time for Copy CMSIS : 4mS.
2024-11-08 16:38:32,862 [INFO] ProjectBuilder:3107 - Time for Copy CMSIS : 0mS.
2024-11-08 16:40:27,628 [WARN] IP:2191 - AutoBaudRateEnableParam not found: check if there is a RefParameter without a condition.
2024-11-08 16:40:27,634 [WARN] IP:2191 - AutoBaudRateEnableParam not found: check if there is a RefParameter without a condition.
2024-11-08 16:40:27,755 [INFO] NvicIntPanel:101 - NVIC parent = com.st.microxplorer.plugins.ip.nvic.MultiNvicIntPanel[,0,0,0x0,invalid,layout=javax.swing.BoxLayout,alignmentX=0.0,alignmentY=0.0,border=,flags=9,maximumSize=,minimumSize=,preferredSize=]
2024-11-08 16:40:32,560 [INFO] UtilMem:75 - End SaveConfig() Used Memory: 355317888 Bytes (825229312)
2024-11-08 16:40:33,610 [INFO] UtilMem:75 - End SaveConfig() Used Memory: 427147392 Bytes (825229312)
2024-11-08 16:40:34,100 [INFO] BlockDiagram:2766 - set Specific Code input for plugin: TIM1_8F3
2024-11-08 16:40:34,100 [INFO] BlockDiagram:2766 - set Specific Code input for plugin: SYS
2024-11-08 16:40:34,100 [INFO] BlockDiagram:2766 - set Specific Code input for plugin: RCC
2024-11-08 16:40:34,101 [INFO] BlockDiagram:2766 - set Specific Code input for plugin: NVIC
2024-11-08 16:40:34,101 [INFO] BlockDiagram:2766 - set Specific Code input for plugin: USART
2024-11-08 16:40:34,101 [INFO] BlockDiagram:2766 - set Specific Code input for plugin: DMA
2024-11-08 16:40:34,101 [INFO] BlockDiagram:2766 - set Specific Code input for plugin: UART
2024-11-08 16:40:34,114 [INFO] BlockDiagram:2766 - set Specific Code input for plugin: GPIO
2024-11-08 16:40:34,115 [INFO] CodeGenerator:807 - code generatio: config db path: /Applications/STM32CubeIDE.app/Contents/Eclipse/plugins/com.st.stm32cube.common.mx_6.12.1.202409122256//db/
2024-11-08 16:40:34,412 [WARN] IP:2191 - AutoBaudRateEnableParam not found: check if there is a RefParameter without a condition.
2024-11-08 16:40:34,440 [INFO] Argument:325 - Argument : hdmavalue: null
2024-11-08 16:40:34,440 [INFO] Argument:327 - 	 sub Args: 
2024-11-08 16:40:34,440 [INFO] Argument:325 - Argument : Instancevalue: DMA2_Channel3
2024-11-08 16:40:34,441 [INFO] Argument:335 - Argument : Instancevalue: DMA2_Channel3
2024-11-08 16:40:34,441 [INFO] Argument:325 - Argument : Initvalue: null
2024-11-08 16:40:34,441 [INFO] Argument:327 - 	 sub Args: 
2024-11-08 16:40:34,441 [INFO] Argument:325 - Argument : Directionvalue: DMA_PERIPH_TO_MEMORY
2024-11-08 16:40:34,441 [INFO] Argument:335 - Argument : Directionvalue: DMA_PERIPH_TO_MEMORY
2024-11-08 16:40:34,441 [INFO] Argument:325 - Argument : PeriphIncvalue: DMA_PINC_DISABLE
2024-11-08 16:40:34,441 [INFO] Argument:335 - Argument : PeriphIncvalue: DMA_PINC_DISABLE
2024-11-08 16:40:34,441 [INFO] Argument:325 - Argument : MemIncvalue: DMA_MINC_ENABLE
2024-11-08 16:40:34,441 [INFO] Argument:335 - Argument : MemIncvalue: DMA_MINC_ENABLE
2024-11-08 16:40:34,442 [INFO] Argument:325 - Argument : PeriphDataAlignmentvalue: DMA_PDATAALIGN_BYTE
2024-11-08 16:40:34,442 [INFO] Argument:335 - Argument : PeriphDataAlignmentvalue: DMA_PDATAALIGN_BYTE
2024-11-08 16:40:34,442 [INFO] Argument:325 - Argument : MemDataAlignmentvalue: DMA_MDATAALIGN_BYTE
2024-11-08 16:40:34,442 [INFO] Argument:335 - Argument : MemDataAlignmentvalue: DMA_MDATAALIGN_BYTE
2024-11-08 16:40:34,442 [INFO] Argument:325 - Argument : Modevalue: DMA_NORMAL
2024-11-08 16:40:34,442 [INFO] Argument:335 - Argument : Modevalue: DMA_NORMAL
2024-11-08 16:40:34,442 [INFO] Argument:325 - Argument : Priorityvalue: DMA_PRIORITY_LOW
2024-11-08 16:40:34,442 [INFO] Argument:335 - Argument : Priorityvalue: DMA_PRIORITY_LOW
2024-11-08 16:40:34,443 [INFO] Argument:325 - Argument : Lockvalue: null
2024-11-08 16:40:34,444 [INFO] Argument:335 - Argument : Lockvalue: null
2024-11-08 16:40:34,445 [INFO] Argument:325 - Argument : Statevalue: null
2024-11-08 16:40:34,445 [INFO] Argument:335 - Argument : Statevalue: null
2024-11-08 16:40:34,445 [INFO] Argument:325 - Argument : Parentvalue: null
2024-11-08 16:40:34,445 [INFO] Argument:335 - Argument : Parentvalue: null
2024-11-08 16:40:34,445 [INFO] Argument:325 - Argument : XferCpltCallbackvalue: null
2024-11-08 16:40:34,445 [INFO] Argument:335 - Argument : XferCpltCallbackvalue: null
2024-11-08 16:40:34,445 [INFO] Argument:325 - Argument : XferHalfCpltCallbackvalue: null
2024-11-08 16:40:34,445 [INFO] Argument:335 - Argument : XferHalfCpltCallbackvalue: null
2024-11-08 16:40:34,445 [INFO] Argument:325 - Argument : XferErrorCallbackvalue: null
2024-11-08 16:40:34,445 [INFO] Argument:335 - Argument : XferErrorCallbackvalue: null
2024-11-08 16:40:34,445 [INFO] Argument:325 - Argument : ErrorCodevalue: null
2024-11-08 16:40:34,445 [INFO] Argument:335 - Argument : ErrorCodevalue: null
2024-11-08 16:40:34,445 [INFO] Argument:325 - Argument : DMA_Remapvalue: null
2024-11-08 16:40:34,445 [INFO] Argument:335 - Argument : DMA_Remapvalue: null
2024-11-08 16:40:34,461 [INFO] Argument:325 - Argument : hdmavalue: null
2024-11-08 16:40:34,461 [INFO] Argument:327 - 	 sub Args: 
2024-11-08 16:40:34,461 [INFO] Argument:325 - Argument : Instancevalue: DMA1_Channel6
2024-11-08 16:40:34,461 [INFO] Argument:335 - Argument : Instancevalue: DMA1_Channel6
2024-11-08 16:40:34,461 [INFO] Argument:325 - Argument : Initvalue: null
2024-11-08 16:40:34,461 [INFO] Argument:327 - 	 sub Args: 
2024-11-08 16:40:34,462 [INFO] Argument:325 - Argument : Directionvalue: DMA_PERIPH_TO_MEMORY
2024-11-08 16:40:34,462 [INFO] Argument:335 - Argument : Directionvalue: DMA_PERIPH_TO_MEMORY
2024-11-08 16:40:34,462 [INFO] Argument:325 - Argument : PeriphIncvalue: DMA_PINC_DISABLE
2024-11-08 16:40:34,462 [INFO] Argument:335 - Argument : PeriphIncvalue: DMA_PINC_DISABLE
2024-11-08 16:40:34,462 [INFO] Argument:325 - Argument : MemIncvalue: DMA_MINC_ENABLE
2024-11-08 16:40:34,462 [INFO] Argument:335 - Argument : MemIncvalue: DMA_MINC_ENABLE
2024-11-08 16:40:34,462 [INFO] Argument:325 - Argument : PeriphDataAlignmentvalue: DMA_PDATAALIGN_BYTE
2024-11-08 16:40:34,462 [INFO] Argument:335 - Argument : PeriphDataAlignmentvalue: DMA_PDATAALIGN_BYTE
2024-11-08 16:40:34,462 [INFO] Argument:325 - Argument : MemDataAlignmentvalue: DMA_MDATAALIGN_BYTE
2024-11-08 16:40:34,462 [INFO] Argument:335 - Argument : MemDataAlignmentvalue: DMA_MDATAALIGN_BYTE
2024-11-08 16:40:34,462 [INFO] Argument:325 - Argument : Modevalue: DMA_NORMAL
2024-11-08 16:40:34,462 [INFO] Argument:335 - Argument : Modevalue: DMA_NORMAL
2024-11-08 16:40:34,462 [INFO] Argument:325 - Argument : Priorityvalue: DMA_PRIORITY_LOW
2024-11-08 16:40:34,462 [INFO] Argument:335 - Argument : Priorityvalue: DMA_PRIORITY_LOW
2024-11-08 16:40:34,462 [INFO] Argument:325 - Argument : Lockvalue: null
2024-11-08 16:40:34,462 [INFO] Argument:335 - Argument : Lockvalue: null
2024-11-08 16:40:34,462 [INFO] Argument:325 - Argument : Statevalue: null
2024-11-08 16:40:34,462 [INFO] Argument:335 - Argument : Statevalue: null
2024-11-08 16:40:34,462 [INFO] Argument:325 - Argument : Parentvalue: null
2024-11-08 16:40:34,462 [INFO] Argument:335 - Argument : Parentvalue: null
2024-11-08 16:40:34,462 [INFO] Argument:325 - Argument : XferCpltCallbackvalue: null
2024-11-08 16:40:34,462 [INFO] Argument:335 - Argument : XferCpltCallbackvalue: null
2024-11-08 16:40:34,462 [INFO] Argument:325 - Argument : XferHalfCpltCallbackvalue: null
2024-11-08 16:40:34,462 [INFO] Argument:335 - Argument : XferHalfCpltCallbackvalue: null
2024-11-08 16:40:34,462 [INFO] Argument:325 - Argument : XferErrorCallbackvalue: null
2024-11-08 16:40:34,462 [INFO] Argument:335 - Argument : XferErrorCallbackvalue: null
2024-11-08 16:40:34,463 [INFO] Argument:325 - Argument : ErrorCodevalue: null
2024-11-08 16:40:34,463 [INFO] Argument:335 - Argument : ErrorCodevalue: null
2024-11-08 16:40:34,463 [INFO] Argument:325 - Argument : DMA_Remapvalue: null
2024-11-08 16:40:34,463 [INFO] Argument:335 - Argument : DMA_Remapvalue: null
2024-11-08 16:40:34,678 [INFO] CodeEngine:255 - oldGeneratedFile, /Users/mark/Documents/Courses/F24/Project-V/Proj-5/MXTmpFiles/license.tmp_save
2024-11-08 16:40:34,915 [INFO] CodeEngine:279 - Generated code: /Users/mark/Documents/Courses/F24/Project-V/Proj-5/MXTmpFiles/license.tmp
2024-11-08 16:40:35,030 [INFO] CodeEngine:255 - oldGeneratedFile, /Users/mark/Documents/Courses/F24/Project-V/Proj-5/Core/Src/gpio.c_save
2024-11-08 16:40:35,193 [INFO] CodeEngine:279 - Generated code: /Users/mark/Documents/Courses/F24/Project-V/Proj-5/Core/Src/gpio.c
2024-11-08 16:40:35,198 [INFO] CodeEngine:255 - oldGeneratedFile, /Users/mark/Documents/Courses/F24/Project-V/Proj-5/Core/Inc/gpio.h_save
2024-11-08 16:40:35,329 [INFO] CodeEngine:279 - Generated code: /Users/mark/Documents/Courses/F24/Project-V/Proj-5/Core/Inc/gpio.h
2024-11-08 16:40:35,971 [INFO] CodeEngine:255 - oldGeneratedFile, /Users/mark/Documents/Courses/F24/Project-V/Proj-5/Core/Src/dma.c_save
2024-11-08 16:40:36,086 [INFO] CodeEngine:279 - Generated code: /Users/mark/Documents/Courses/F24/Project-V/Proj-5/Core/Src/dma.c
2024-11-08 16:40:36,089 [INFO] CodeEngine:255 - oldGeneratedFile, /Users/mark/Documents/Courses/F24/Project-V/Proj-5/Core/Inc/dma.h_save
2024-11-08 16:40:36,183 [INFO] CodeEngine:279 - Generated code: /Users/mark/Documents/Courses/F24/Project-V/Proj-5/Core/Inc/dma.h
2024-11-08 16:40:36,189 [INFO] CodeEngine:255 - oldGeneratedFile, /Users/mark/Documents/Courses/F24/Project-V/Proj-5/Core/Src/tim.c_save
2024-11-08 16:40:36,379 [INFO] CodeEngine:279 - Generated code: /Users/mark/Documents/Courses/F24/Project-V/Proj-5/Core/Src/tim.c
2024-11-08 16:40:36,386 [INFO] CodeEngine:255 - oldGeneratedFile, /Users/mark/Documents/Courses/F24/Project-V/Proj-5/Core/Inc/tim.h_save
2024-11-08 16:40:36,607 [INFO] CodeEngine:279 - Generated code: /Users/mark/Documents/Courses/F24/Project-V/Proj-5/Core/Inc/tim.h
2024-11-08 16:40:36,615 [INFO] CodeEngine:255 - oldGeneratedFile, /Users/mark/Documents/Courses/F24/Project-V/Proj-5/Core/Src/usart.c_save
2024-11-08 16:40:36,799 [INFO] CodeEngine:279 - Generated code: /Users/mark/Documents/Courses/F24/Project-V/Proj-5/Core/Src/usart.c
2024-11-08 16:40:36,804 [INFO] CodeEngine:255 - oldGeneratedFile, /Users/mark/Documents/Courses/F24/Project-V/Proj-5/Core/Inc/usart.h_save
2024-11-08 16:40:36,910 [INFO] CodeEngine:279 - Generated code: /Users/mark/Documents/Courses/F24/Project-V/Proj-5/Core/Inc/usart.h
2024-11-08 16:40:36,937 [INFO] CodeEngine:255 - oldGeneratedFile, /Users/mark/Documents/Courses/F24/Project-V/Proj-5/Core/Src/stm32f3xx_it.c_save
2024-11-08 16:40:37,091 [INFO] CodeEngine:279 - Generated code: /Users/mark/Documents/Courses/F24/Project-V/Proj-5/Core/Src/stm32f3xx_it.c
2024-11-08 16:40:37,095 [INFO] CodeEngine:255 - oldGeneratedFile, /Users/mark/Documents/Courses/F24/Project-V/Proj-5/Core/Inc/stm32f3xx_it.h_save
2024-11-08 16:40:37,192 [INFO] CodeEngine:279 - Generated code: /Users/mark/Documents/Courses/F24/Project-V/Proj-5/Core/Inc/stm32f3xx_it.h
2024-11-08 16:40:37,212 [INFO] CodeEngine:255 - oldGeneratedFile, /Users/mark/Documents/Courses/F24/Project-V/Proj-5/Core/Src/stm32f3xx_hal_msp.c_save
2024-11-08 16:40:37,355 [INFO] CodeEngine:279 - Generated code: /Users/mark/Documents/Courses/F24/Project-V/Proj-5/Core/Src/stm32f3xx_hal_msp.c
2024-11-08 16:40:37,360 [INFO] CodeEngine:255 - oldGeneratedFile, /Users/mark/Documents/Courses/F24/Project-V/Proj-5/MXTmpFiles/system.tmp_save
2024-11-08 16:40:37,454 [INFO] CodeEngine:279 - Generated code: /Users/mark/Documents/Courses/F24/Project-V/Proj-5/MXTmpFiles/system.tmp
2024-11-08 16:40:37,461 [INFO] CodeEngine:311 - oldGeneratedFile, /Users/mark/Documents/Courses/F24/Project-V/Proj-5/Core/Inc/stm32f3xx_hal_conf.h_save
2024-11-08 16:40:37,559 [INFO] CodeEngine:335 - Generated code: /Users/mark/Documents/Courses/F24/Project-V/Proj-5/Core/Inc/stm32f3xx_hal_conf.h
2024-11-08 16:40:37,612 [INFO] CodeEngine:255 - oldGeneratedFile, /Users/mark/Documents/Courses/F24/Project-V/Proj-5/Core/Inc/main.h_save
2024-11-08 16:40:37,719 [INFO] CodeEngine:279 - Generated code: /Users/mark/Documents/Courses/F24/Project-V/Proj-5/Core/Inc/main.h
2024-11-08 16:40:37,721 [INFO] CodeEngine:255 - oldGeneratedFile, /Users/mark/Documents/Courses/F24/Project-V/Proj-5/Core/Src/main.c_save
2024-11-08 16:40:37,872 [INFO] CodeEngine:279 - Generated code: /Users/mark/Documents/Courses/F24/Project-V/Proj-5/Core/Src/main.c
2024-11-08 16:40:38,682 [INFO] ProjectBuilder:3249 - Time for Copy HAL[1] : 83mS.
2024-11-08 16:40:38,697 [INFO] ProjectBuilder:4828 - Project Generator version: 4.5.0-B34
2024-11-08 16:40:38,885 [INFO] ConfigFileManager:1531 - The Die is : DIE446
2024-11-08 16:40:40,606 [INFO] ProjectBuilder:5097 - Time for Generating toolchain IDE Files: 1908mS.
2024-11-08 16:40:40,606 [INFO] ProjectBuilder:3107 - Time for Copy CMSIS : 0mS.
2024-11-08 16:40:40,608 [INFO] ProjectBuilder:3107 - Time for Copy CMSIS : 0mS.
2024-11-08 17:18:11,261 [INFO] MainUpdater:2873 - connection check result : 10
2024-11-08 17:18:11,266 [INFO] MainUpdater:2873 - connection check result : 10
2024-11-08 17:18:12,183 [INFO] MicroXplorer:468 - Change Database Path : 
2024-11-08 17:18:12,190 [INFO] MicroXplorer:498 - Change Database Version : DB.6.0.121
2024-11-08 17:18:12,326 [ERROR] ProjectManagerView:394 - 
java.lang.NullPointerException: Cannot invoke "javax.swing.JTextField.getText()" because the return value of "java.util.List.get(int)" is null
	at com.st.microxplorer.plugins.projectmanager.gui.ProjectChoiceTab$10.caretUpdate(ProjectChoiceTab.java:2622) ~[filemanager.jar:?]
	at javax.swing.text.JTextComponent.fireCaretUpdate(JTextComponent.java:412) ~[?:?]
	at javax.swing.text.JTextComponent$MutableCaretEvent.fire(JTextComponent.java:4491) ~[?:?]
	at javax.swing.text.JTextComponent$MutableCaretEvent.stateChanged(JTextComponent.java:4513) ~[?:?]
	at javax.swing.text.DefaultCaret.fireStateChanged(DefaultCaret.java:842) ~[?:?]
	at javax.swing.text.DefaultCaret.changeCaretPosition(DefaultCaret.java:1313) ~[?:?]
	at javax.swing.text.DefaultCaret.handleSetDot(DefaultCaret.java:1212) ~[?:?]
	at javax.swing.text.DefaultCaret.setDot(DefaultCaret.java:1193) ~[?:?]
	at javax.swing.text.DefaultCaret$Handler.insertUpdate(DefaultCaret.java:1789) ~[?:?]
	at javax.swing.text.AbstractDocument.fireInsertUpdate(AbstractDocument.java:226) ~[?:?]
	at javax.swing.text.AbstractDocument.handleInsertString(AbstractDocument.java:780) ~[?:?]
	at javax.swing.text.AbstractDocument.insertString(AbstractDocument.java:739) ~[?:?]
	at javax.swing.text.PlainDocument.insertString(PlainDocument.java:131) ~[?:?]
	at javax.swing.text.AbstractDocument.replace(AbstractDocument.java:698) ~[?:?]
	at javax.swing.text.JTextComponent.setText(JTextComponent.java:1729) ~[?:?]
	at com.st.microxplorer.plugins.projectmanager.gui.ProjectChoiceTab.createHeapStackFields(ProjectChoiceTab.java:972) ~[filemanager.jar:?]
	at com.st.microxplorer.plugins.projectmanager.gui.ProjectChoiceTab.buildLinkSettingsPanel(ProjectChoiceTab.java:3597) ~[filemanager.jar:?]
	at com.st.microxplorer.plugins.projectmanager.gui.ProjectChoiceTab.defineWindowsFields(ProjectChoiceTab.java:1940) ~[filemanager.jar:?]
	at com.st.microxplorer.plugins.projectmanager.gui.ProjectChoiceTab.updateSettings(ProjectChoiceTab.java:550) ~[filemanager.jar:?]
	at com.st.microxplorer.plugins.projectmanager.gui.ProjectSettingsPanel.UpdateDialog(ProjectSettingsPanel.java:245) ~[filemanager.jar:?]
	at com.st.microxplorer.plugins.projectmanager.ProjectManagerView.propertyChange(ProjectManagerView.java:391) ~[filemanager.jar:?]
	at java.beans.PropertyChangeSupport.fire(PropertyChangeSupport.java:343) ~[?:?]
	at java.beans.PropertyChangeSupport.firePropertyChange(PropertyChangeSupport.java:335) ~[?:?]
	at java.beans.PropertyChangeSupport.firePropertyChange(PropertyChangeSupport.java:268) ~[?:?]
	at com.st.microxplorer.util.MXPropertyChangeSupport.firePropertyChange(MXPropertyChangeSupport.java:54) ~[STM32CubeMX.jar:?]
	at com.st.microxplorer.mxsystem.MxSystem.closeConfig(MxSystem.java:900) ~[STM32CubeMX.jar:?]
	at com.st.microxplorer.maingui.MainPanel.closeConfig(MainPanel.java:781) ~[STM32CubeMX.jar:?]
	at com.st.microxplorer.plugins.filemanager.engine.OpenFileManager.loadConfigurationFile(OpenFileManager.java:265) ~[filemanager.jar:?]
	at com.st.microxplorer.plugins.filemanager.engine.MainFileManager.userLoadConfig(MainFileManager.java:352) ~[filemanager.jar:?]
	at com.st.microxplorer.plugins.filemanager.engine.MainFileManager.userLoadConfig(MainFileManager.java:330) ~[filemanager.jar:?]
	at com.st.microxplorer.plugins.filemanager.FileManagerView.getSpecificTask(FileManagerView.java:246) ~[filemanager.jar:?]
	at com.st.stm32cube.common.mx.editor.CubeMxEditor.getMxTabbedPaneInstance(CubeMxEditor.java:1198) ~[com.st.stm32cube.common.mx_6.12.1.202409122256/:?]
	at com.st.stm32cube.common.mx.editor.CubeMxEditor$12$1.createSwingComponent(CubeMxEditor.java:1068) ~[com.st.stm32cube.common.mx_6.12.1.202409122256/:?]
	at com.st.stm32cube.common.mx.oss.core.awtswtbridge.EmbeddedSwingComposite.doComponentCreation(EmbeddedSwingComposite.java:492) ~[com.st.stm32cube.common.mx.oss_6.12.1.202409122256/:?]
	at com.st.stm32cube.common.mx.oss.core.awtswtbridge.EmbeddedSwingComposite$4.run(EmbeddedSwingComposite.java:291) ~[com.st.stm32cube.common.mx.oss_6.12.1.202409122256/:?]
	at com.st.stm32cube.common.mx.oss.core.awtswtbridge.AwtEnvironment$2.run(AwtEnvironment.java:166) ~[com.st.stm32cube.common.mx.oss_6.12.1.202409122256/:?]
	at java.awt.event.InvocationEvent.dispatch(InvocationEvent.java:318) ~[?:?]
	at java.awt.EventQueue.dispatchEventImpl(EventQueue.java:773) ~[?:?]
	at java.awt.EventQueue$4.run(EventQueue.java:720) ~[?:?]
	at java.awt.EventQueue$4.run(EventQueue.java:714) ~[?:?]
	at java.security.AccessController.doPrivileged(AccessController.java:399) ~[?:?]
	at java.security.ProtectionDomain$JavaSecurityAccessImpl.doIntersectionPrivilege(ProtectionDomain.java:86) ~[?:?]
	at java.awt.EventQueue.dispatchEvent(EventQueue.java:742) ~[?:?]
	at java.awt.EventDispatchThread.pumpOneEventForFilters(EventDispatchThread.java:203) ~[?:?]
	at java.awt.EventDispatchThread.pumpEventsForFilter(EventDispatchThread.java:124) ~[?:?]
	at java.awt.EventDispatchThread.pumpEventsForHierarchy(EventDispatchThread.java:113) ~[?:?]
	at java.awt.EventDispatchThread.pumpEvents(EventDispatchThread.java:109) ~[?:?]
	at java.awt.EventDispatchThread.pumpEvents(EventDispatchThread.java:101) ~[?:?]
	at java.awt.EventDispatchThread.run(EventDispatchThread.java:90) ~[?:?]
2024-11-08 17:18:12,331 [WARN] ThirdParty:871 - waiting for thirdparty lock release [close project]
2024-11-08 17:18:12,331 [INFO] ThirdParty:873 - entering critical section [close project]
2024-11-08 17:18:12,331 [INFO] ThirdParty:883 - exiting critical section [close project]
2024-11-08 17:18:12,341 [INFO] PinOutPanel:1561 - setPackage(No Configuration,No Configuration)
2024-11-08 17:18:12,355 [INFO] UtilMem:75 - Begin LoadConfig() Used Memory: 355489240 Bytes (825229312)
2024-11-08 17:18:12,359 [INFO] MicroXplorer:468 - Change Database Path : 
2024-11-08 17:18:12,362 [INFO] MicroXplorer:498 - Change Database Version : DB.6.0.121
2024-11-08 17:18:12,362 [INFO] OpenFileManager:332 - Change cursor
2024-11-08 17:18:12,450 [INFO] RulesReader:64 - Compatibility file has been processed (297 Rules)
2024-11-08 17:18:12,475 [INFO] Mcu:2032 - Initializing MCU STM32F303R(D-E)Tx STM32F303RETx STM32F303RET6
2024-11-08 17:18:14,253 [INFO] Context:742 - Trying to add GPIOservice into a context  which must be forbidden
2024-11-08 17:18:15,094 [INFO] RtosManager:555 - Registered RTOS mode: class=CMSIS, group=RTOS, mode=CMSIS_V1, owner=FREERTOS
2024-11-08 17:18:15,095 [INFO] RtosManager:555 - Registered RTOS mode: class=CMSIS, group=RTOS2, mode=CMSIS_V2, owner=FREERTOS
2024-11-08 17:18:15,095 [INFO] RtosManager:555 - Registered RTOS mode: class=RTOS, group=Core, mode=CMSIS_V1, owner=FREERTOS
2024-11-08 17:18:15,095 [INFO] RtosManager:555 - Registered RTOS mode: class=RTOS, group=Core, mode=CMSIS_V2, owner=FREERTOS
2024-11-08 17:18:15,095 [WARN] ModelIntegratedComponent:184 - Missing modes for component STMicroelectronics:FreeRTOS:0.0.1:STMicroelectronics:RTOS:FreeRTOS:Core:::10.2.0:
2024-11-08 17:18:15,102 [WARN] ModelIntegratedComponent:63 - No mode defined for component null
2024-11-08 17:18:15,103 [WARN] ModelIntegratedComponent:63 - No mode defined for component null
2024-11-08 17:18:15,103 [WARN] ModelIntegratedComponent:63 - No mode defined for component null
2024-11-08 17:18:15,103 [WARN] ModelIntegratedComponent:63 - No mode defined for component null
2024-11-08 17:18:15,103 [WARN] ModelIntegratedComponent:63 - No mode defined for component null
2024-11-08 17:18:15,103 [WARN] ModelIntegratedComponent:63 - No mode defined for component null
2024-11-08 17:18:15,103 [WARN] ModelIntegratedComponent:63 - No mode defined for component null
2024-11-08 17:18:15,103 [WARN] ModelIntegratedComponent:63 - No mode defined for component null
2024-11-08 17:18:15,103 [WARN] ModelIntegratedComponent:63 - No mode defined for component null
2024-11-08 17:18:15,103 [WARN] ModelIntegratedComponent:63 - No mode defined for component null
2024-11-08 17:18:15,103 [WARN] ModelIntegratedComponent:63 - No mode defined for component null
2024-11-08 17:18:15,103 [WARN] ModelIntegratedComponent:63 - No mode defined for component null
2024-11-08 17:18:15,103 [WARN] ModelIntegratedComponent:63 - No mode defined for component null
2024-11-08 17:18:15,103 [WARN] ModelIntegratedComponent:63 - No mode defined for component null
2024-11-08 17:18:15,103 [WARN] ModelIntegratedComponent:63 - No mode defined for component null
2024-11-08 17:18:15,103 [WARN] ModelIntegratedComponent:63 - No mode defined for component null
2024-11-08 17:18:15,103 [WARN] ModelIntegratedComponent:63 - No mode defined for component null
2024-11-08 17:18:15,103 [WARN] ModelIntegratedComponent:63 - No mode defined for component null
2024-11-08 17:18:15,103 [WARN] ModelIntegratedComponent:63 - No mode defined for component null
2024-11-08 17:18:15,103 [WARN] ModelIntegratedComponent:63 - No mode defined for component null
2024-11-08 17:18:15,103 [WARN] ModelIntegratedComponent:63 - No mode defined for component null
2024-11-08 17:18:15,103 [WARN] ModelIntegratedComponent:63 - No mode defined for component null
2024-11-08 17:18:15,103 [WARN] ModelIntegratedComponent:63 - No mode defined for component null
2024-11-08 17:18:15,103 [WARN] ModelIntegratedComponent:63 - No mode defined for component null
2024-11-08 17:18:15,103 [WARN] ModelIntegratedComponent:63 - No mode defined for component null
2024-11-08 17:18:15,104 [WARN] ModelIntegratedComponent:63 - No mode defined for component null
2024-11-08 17:18:15,104 [WARN] ModelIntegratedComponent:63 - No mode defined for component null
2024-11-08 17:18:15,104 [WARN] ModelIntegratedComponent:63 - No mode defined for component null
2024-11-08 17:18:15,104 [WARN] ModelIntegratedComponent:63 - No mode defined for component null
2024-11-08 17:18:15,104 [WARN] ModelIntegratedComponent:63 - No mode defined for component null
2024-11-08 17:18:15,104 [WARN] ModelIntegratedComponent:63 - No mode defined for component null
2024-11-08 17:18:15,104 [WARN] ModelIntegratedComponent:63 - No mode defined for component null
2024-11-08 17:18:15,104 [WARN] ModelIntegratedComponent:63 - No mode defined for component null
2024-11-08 17:18:15,104 [WARN] ModelIntegratedComponent:63 - No mode defined for component null
2024-11-08 17:18:15,104 [WARN] ModelIntegratedComponent:63 - No mode defined for component null
2024-11-08 17:18:15,104 [WARN] ModelPack:524 - Component already loaded: STMicroelectronics:HAL Drivers:0.0.0:STMicroelectronics:Device:STMicro_Driver:XSPI:HAL::0.0.1:HAL_XSPI
2024-11-08 17:18:15,448 [INFO] ThirdPartyModel:298 - Start build external matchings
2024-11-08 17:18:19,421 [INFO] ThirdPartyModel:316 - End build external matchings
2024-11-08 17:18:19,505 [INFO] ImportTextPane:205 - (OptionalMessage_ERROR) IP (DMA) : Parameter (Instance) has Id (UART4_RX) currently not set
2024-11-08 17:18:19,506 [INFO] ImportTextPane:205 - (OptionalMessage_ERROR) IP (DMA) : Parameter (Direction) has Id (UART4_RX) currently not set
2024-11-08 17:18:19,506 [INFO] ImportTextPane:205 - (OptionalMessage_ERROR) IP (DMA) : Parameter (PeriphInc) has Id (UART4_RX) currently not set
2024-11-08 17:18:19,506 [INFO] ImportTextPane:205 - (OptionalMessage_ERROR) IP (DMA) : Parameter (MemInc) has Id (UART4_RX) currently not set
2024-11-08 17:18:19,506 [INFO] ImportTextPane:205 - (OptionalMessage_ERROR) IP (DMA) : Parameter (PeriphDataAlignment) has Id (UART4_RX) currently not set
2024-11-08 17:18:19,506 [INFO] ImportTextPane:205 - (OptionalMessage_ERROR) IP (DMA) : Parameter (MemDataAlignment) has Id (UART4_RX) currently not set
2024-11-08 17:18:19,506 [INFO] ImportTextPane:205 - (OptionalMessage_ERROR) IP (DMA) : Parameter (Mode) has Id (UART4_RX) currently not set
2024-11-08 17:18:19,506 [INFO] ImportTextPane:205 - (OptionalMessage_ERROR) IP (DMA) : Parameter (Priority) has Id (UART4_RX) currently not set
2024-11-08 17:18:19,506 [INFO] ImportTextPane:205 - (OptionalMessage_ERROR) IP (DMA) : Parameter (Instance) has Id (USART2_RX) currently not set
2024-11-08 17:18:19,507 [INFO] ImportTextPane:205 - (OptionalMessage_ERROR) IP (DMA) : Parameter (Direction) has Id (USART2_RX) currently not set
2024-11-08 17:18:19,507 [INFO] ImportTextPane:205 - (OptionalMessage_ERROR) IP (DMA) : Parameter (PeriphInc) has Id (USART2_RX) currently not set
2024-11-08 17:18:19,507 [INFO] ImportTextPane:205 - (OptionalMessage_ERROR) IP (DMA) : Parameter (MemInc) has Id (USART2_RX) currently not set
2024-11-08 17:18:19,507 [INFO] ImportTextPane:205 - (OptionalMessage_ERROR) IP (DMA) : Parameter (PeriphDataAlignment) has Id (USART2_RX) currently not set
2024-11-08 17:18:19,507 [INFO] ImportTextPane:205 - (OptionalMessage_ERROR) IP (DMA) : Parameter (MemDataAlignment) has Id (USART2_RX) currently not set
2024-11-08 17:18:19,507 [INFO] ImportTextPane:205 - (OptionalMessage_ERROR) IP (DMA) : Parameter (Mode) has Id (USART2_RX) currently not set
2024-11-08 17:18:19,507 [INFO] ImportTextPane:205 - (OptionalMessage_ERROR) IP (DMA) : Parameter (Priority) has Id (USART2_RX) currently not set
2024-11-08 17:18:19,507 [INFO] ImportTextPane:205 - (OptionalMessage_ERROR) IP (DMA) : Parameter (Instance) has Id (USART2_TX) currently not set
2024-11-08 17:18:19,507 [INFO] ImportTextPane:205 - (OptionalMessage_ERROR) IP (DMA) : Parameter (Direction) has Id (USART2_TX) currently not set
2024-11-08 17:18:19,507 [INFO] ImportTextPane:205 - (OptionalMessage_ERROR) IP (DMA) : Parameter (PeriphInc) has Id (USART2_TX) currently not set
2024-11-08 17:18:19,507 [INFO] ImportTextPane:205 - (OptionalMessage_ERROR) IP (DMA) : Parameter (MemInc) has Id (USART2_TX) currently not set
2024-11-08 17:18:19,507 [INFO] ImportTextPane:205 - (OptionalMessage_ERROR) IP (DMA) : Parameter (PeriphDataAlignment) has Id (USART2_TX) currently not set
2024-11-08 17:18:19,507 [INFO] ImportTextPane:205 - (OptionalMessage_ERROR) IP (DMA) : Parameter (MemDataAlignment) has Id (USART2_TX) currently not set
2024-11-08 17:18:19,507 [INFO] ImportTextPane:205 - (OptionalMessage_ERROR) IP (DMA) : Parameter (Mode) has Id (USART2_TX) currently not set
2024-11-08 17:18:19,507 [INFO] ImportTextPane:205 - (OptionalMessage_ERROR) IP (DMA) : Parameter (Priority) has Id (USART2_TX) currently not set
2024-11-08 17:18:19,514 [INFO] ImportTextPane:205 - (OptionalMessage_ERROR) IP (RCC) : Invalid parameter (FamilyName)
2024-11-08 17:18:19,515 [INFO] ImportTextPane:205 - (OptionalMessage_ERROR) IP (RCC) : Invalid parameter (PLLM)
2024-11-08 17:18:19,515 [INFO] ImportTextPane:205 - (OptionalMessage_ERROR) IP (RCC) : Invalid parameter (PLLN)
2024-11-08 17:18:19,515 [INFO] ImportTextPane:205 - (OptionalMessage_ERROR) IP (RCC) : Invalid parameter (PLLP)
2024-11-08 17:18:19,515 [INFO] ImportTextPane:205 - (OptionalMessage_ERROR) IP (RCC) : Invalid parameter (PLLQ)
2024-11-08 17:18:19,515 [INFO] ImportTextPane:205 - (OptionalMessage_ERROR) IP (RCC) : Invalid parameter (RCC_PLLsource_Clock_Source_FROM_HSE)
2024-11-08 17:18:19,516 [INFO] ImportTextPane:205 - (OptionalMessage_ERROR) IP (RCC) : Parameter (USBFreq_Value) has invalid value (72000000)
2024-11-08 17:18:19,962 [INFO] UtilMem:75 - End LoadConfig() Used Memory: 572444112 Bytes (825229312)
2024-11-08 17:18:20,151 [WARN] ThirdParty:833 - waiting for thirdparty lock release [change project]
2024-11-08 17:18:20,156 [INFO] ThirdParty:835 - entering critical section [change project]
2024-11-08 17:18:20,156 [INFO] ThirdParty:1030 - CMSIS Pack Vendor :STMicroelectronics USBPD 4.1
2024-11-08 17:18:20,157 [INFO] ThirdParty:1030 - CMSIS Pack Vendor :STMicroelectronics X-CUBE-GNSS1 6.0.0
2024-11-08 17:18:20,157 [INFO] ThirdParty:1030 - CMSIS Pack Vendor :STMicroelectronics USB_HOST 2.0.0
2024-11-08 17:18:20,157 [INFO] ThirdParty:1030 - CMSIS Pack Vendor :STMicroelectronics FP-SNS-MOTENVWB1 1.4.0
2024-11-08 17:18:20,157 [INFO] ThirdParty:1030 - CMSIS Pack Vendor :STMicroelectronics X-CUBE-AZRTOS-F4 1.1.0
2024-11-08 17:18:20,157 [INFO] ThirdParty:1030 - CMSIS Pack Vendor :STMicroelectronics LIBJPEG 8.0.0
2024-11-08 17:18:20,157 [INFO] ThirdParty:1030 - CMSIS Pack Vendor :STMicroelectronics X-CUBE-SMBUS 2.1.0
2024-11-08 17:18:20,157 [INFO] ThirdParty:1030 - CMSIS Pack Vendor :STMicroelectronics X-CUBE-WB05N 1.1.0
2024-11-08 17:18:20,157 [INFO] ThirdParty:1030 - CMSIS Pack Vendor :STMicroelectronics X-CUBE-ISPU 2.1.0
2024-11-08 17:18:20,157 [INFO] ThirdParty:1030 - CMSIS Pack Vendor :STMicroelectronics X-CUBE-FREERTOS 1.2.0
2024-11-08 17:18:20,157 [INFO] ThirdParty:1030 - CMSIS Pack Vendor :STMicroelectronics X-CUBE-TOUCHGFX 4.23.1
2024-11-08 17:18:20,157 [INFO] ThirdParty:1030 - CMSIS Pack Vendor :STMicroelectronics X-CUBE-TOUCHGFX 4.23.0
2024-11-08 17:18:20,157 [INFO] ThirdParty:1030 - CMSIS Pack Vendor :STMicroelectronics X-CUBE-TOUCHGFX 4.23.2
2024-11-08 17:18:20,157 [INFO] ThirdParty:1030 - CMSIS Pack Vendor :STMicroelectronics X-CUBE-AZRTOS-H7 1.1.0
2024-11-08 17:18:20,157 [INFO] ThirdParty:1030 - CMSIS Pack Vendor :STMicroelectronics X-CUBE-AZRTOS-F7 1.1.0
2024-11-08 17:18:20,157 [INFO] ThirdParty:1030 - CMSIS Pack Vendor :STMicroelectronics X-CUBE-AZRTOS-L5 2.0.0
2024-11-08 17:18:20,157 [INFO] ThirdParty:1030 - CMSIS Pack Vendor :STMicroelectronics USB_DEVICE 2.0.0
2024-11-08 17:18:20,157 [INFO] ThirdParty:1030 - CMSIS Pack Vendor :STMicroelectronics X-CUBE-MEMS1 9.6.0
2024-11-08 17:18:20,157 [INFO] ThirdParty:1030 - CMSIS Pack Vendor :STMicroelectronics X-CUBE-EEPRMA1 4.2.0
2024-11-08 17:18:20,157 [INFO] ThirdParty:1030 - CMSIS Pack Vendor :STMicroelectronics X-CUBE-NFC6 3.1.0
2024-11-08 17:18:20,157 [INFO] ThirdParty:1030 - CMSIS Pack Vendor :ITTIA_DB I-CUBE-ITTIADB 8.8.0
2024-11-08 17:18:20,157 [INFO] ThirdParty:1030 - CMSIS Pack Vendor :STMicroelectronics FP-SNS-MOTENV1 4.3.2
2024-11-08 17:18:20,157 [INFO] ThirdParty:1030 - CMSIS Pack Vendor :STMicroelectronics X-CUBE-MEMS1 11.0.0
2024-11-08 17:18:20,157 [INFO] ThirdParty:1030 - CMSIS Pack Vendor :STMicroelectronics X-CUBE-BLE1 6.2.4
2024-11-08 17:18:20,157 [INFO] ThirdParty:1030 - CMSIS Pack Vendor :STMicroelectronics FreeRTOS 0.0.1
2024-11-08 17:18:20,157 [INFO] ThirdParty:1030 - CMSIS Pack Vendor :emotas I-CUBE-CANOPEN 1.1.3
2024-11-08 17:18:20,157 [INFO] ThirdParty:1030 - CMSIS Pack Vendor :STMicroelectronics X-CUBE-BLEMGR 2.0.0
2024-11-08 17:18:20,157 [INFO] ThirdParty:1030 - CMSIS Pack Vendor :STMicroelectronics X-CUBE-DPower 1.2.0
2024-11-08 17:18:20,157 [INFO] ThirdParty:1030 - CMSIS Pack Vendor :STMicroelectronics X-CUBE-BLE1 6.2.1
2024-11-08 17:18:20,157 [INFO] ThirdParty:1030 - CMSIS Pack Vendor :STMicroelectronics X-CUBE-BLE1 6.2.2
2024-11-08 17:18:20,157 [INFO] ThirdParty:1030 - CMSIS Pack Vendor :STMicroelectronics X-CUBE-BLE2 3.2.1
2024-11-08 17:18:20,157 [INFO] ThirdParty:1030 - CMSIS Pack Vendor :STMicroelectronics FP-SNS-FLIGHT1 5.0.2
2024-11-08 17:18:20,157 [INFO] ThirdParty:1030 - CMSIS Pack Vendor :STMicroelectronics X-CUBE-NFC4 2.0.5
2024-11-08 17:18:20,158 [INFO] ThirdParty:1030 - CMSIS Pack Vendor :STMicroelectronics X-CUBE-BLE2 3.2.2
2024-11-08 17:18:20,158 [INFO] ThirdParty:1030 - CMSIS Pack Vendor :STMicroelectronics X-CUBE-NFC4 2.0.3
2024-11-08 17:18:20,158 [INFO] ThirdParty:1030 - CMSIS Pack Vendor :wolfSSL I-CUBE-wolfSSL 4.8.0
2024-11-08 17:18:20,158 [INFO] ThirdParty:1030 - CMSIS Pack Vendor :STMicroelectronics X-CUBE-AI 9.0.0
2024-11-08 17:18:20,158 [INFO] ThirdParty:1030 - CMSIS Pack Vendor :STMicroelectronics X-CUBE-AZRTOS-H7 3.1.0
2024-11-08 17:18:20,158 [INFO] ThirdParty:1030 - CMSIS Pack Vendor :STMicroelectronics PDM2PCM 3.3.0
2024-11-08 17:18:20,158 [INFO] ThirdParty:1030 - CMSIS Pack Vendor :STMicroelectronics X-CUBE-SFXS2LP1 3.1.0
2024-11-08 17:18:20,158 [INFO] ThirdParty:1030 - CMSIS Pack Vendor :STMicroelectronics X-CUBE-DISPLAY 3.0.0
2024-11-08 17:18:20,158 [INFO] ThirdParty:1030 - CMSIS Pack Vendor :STMicroelectronics X-CUBE-AZRTOS-F4 1.0.0
2024-11-08 17:18:20,158 [INFO] ThirdParty:1030 - CMSIS Pack Vendor :STMicroelectronics X-CUBE-BLE1 7.0.0
2024-11-08 17:18:20,158 [INFO] ThirdParty:1030 - CMSIS Pack Vendor :STMicroelectronics X-CUBE-NFC10 1.0.0
2024-11-08 17:18:20,158 [INFO] ThirdParty:1030 - CMSIS Pack Vendor :STMicroelectronics X-CUBE-TOF1 2.0.0
2024-11-08 17:18:20,158 [INFO] ThirdParty:1030 - CMSIS Pack Vendor :STMicroelectronics HAL Drivers 0.0.0
2024-11-08 17:18:20,158 [INFO] ThirdParty:1030 - CMSIS Pack Vendor :STMicroelectronics X-CUBE-TOUCHGFX 4.22.0
2024-11-08 17:18:20,158 [INFO] ThirdParty:1030 - CMSIS Pack Vendor :STMicroelectronics X-CUBE-NFC7 1.0.1
2024-11-08 17:18:20,158 [INFO] ThirdParty:1030 - CMSIS Pack Vendor :STMicroelectronics MBEDTLS 2.14.1
2024-11-08 17:18:20,158 [INFO] ThirdParty:1030 - CMSIS Pack Vendor :STMicroelectronics X-CUBE-NFC7 1.0.0
2024-11-08 17:18:20,158 [INFO] ThirdParty:1030 - CMSIS Pack Vendor :STMicroelectronics X-CUBE-TOUCHGFX 4.22.1
2024-11-08 17:18:20,158 [INFO] ThirdParty:1030 - CMSIS Pack Vendor :wolfSSL I-CUBE-wolfTPM 3.2.0
2024-11-08 17:18:20,158 [INFO] ThirdParty:1030 - CMSIS Pack Vendor :STMicroelectronics X-CUBE-SUBG2 4.2.0
2024-11-08 17:18:20,158 [INFO] ThirdParty:1030 - CMSIS Pack Vendor :STMicroelectronics X-CUBE-NFC6 3.0.0
2024-11-08 17:18:20,158 [INFO] ThirdParty:1030 - CMSIS Pack Vendor :STMicroelectronics X-CUBE-EEPRMA1 4.1.0
2024-11-08 17:18:20,158 [INFO] ThirdParty:1030 - CMSIS Pack Vendor :STMicroelectronics X-CUBE-BLEMGR 3.1.0
2024-11-08 17:18:20,158 [INFO] ThirdParty:1030 - CMSIS Pack Vendor :STMicroelectronics FP-SNS-SMARTAG2 1.2.0
2024-11-08 17:18:20,158 [INFO] ThirdParty:1030 - CMSIS Pack Vendor :STMicroelectronics X-CUBE-AZRTOS-WL 2.0.0
2024-11-08 17:18:20,158 [INFO] ThirdParty:1030 - CMSIS Pack Vendor :STMicroelectronics X-CUBE-ALGOBUILD 1.2.1
2024-11-08 17:18:20,158 [INFO] ThirdParty:1030 - CMSIS Pack Vendor :STMicroelectronics X-CUBE-DISPLAY 1.0.0
2024-11-08 17:18:20,158 [INFO] ThirdParty:1030 - CMSIS Pack Vendor :STMicroelectronics FP-SNS-MOTENV1 5.0.0
2024-11-08 17:18:20,158 [INFO] ThirdParty:1030 - CMSIS Pack Vendor :STMicroelectronics USB_DEVICE 1.0.0
2024-11-08 17:18:20,158 [INFO] ThirdParty:1030 - CMSIS Pack Vendor :STMicroelectronics X-CUBE-AI 8.1.0
2024-11-08 17:18:20,158 [INFO] ThirdParty:1030 - CMSIS Pack Vendor :STMicroelectronics X-CUBE-AZRTOS-G0 1.0.0
2024-11-08 17:18:20,158 [INFO] ThirdParty:1030 - CMSIS Pack Vendor :wolfSSL I-CUBE-wolfMQTT 1.19.0
2024-11-08 17:18:20,158 [INFO] ThirdParty:1030 - CMSIS Pack Vendor :STMicroelectronics X-CUBE-AZRTOS-L4 2.0.0
2024-11-08 17:18:20,159 [INFO] ThirdParty:1030 - CMSIS Pack Vendor :STMicroelectronics ThreadX 0.0.2
2024-11-08 17:18:20,159 [INFO] ThirdParty:1030 - CMSIS Pack Vendor :WES I-CUBE-Cesium 1.3.0
2024-11-08 17:18:20,159 [INFO] ThirdParty:1030 - CMSIS Pack Vendor :STMicroelectronics lwIP 2.1.2
2024-11-08 17:18:20,159 [INFO] ThirdParty:1030 - CMSIS Pack Vendor :STMicroelectronics X-CUBE-SFXS2LP1 4.0.0
2024-11-08 17:18:20,159 [INFO] ThirdParty:1030 - CMSIS Pack Vendor :STMicroelectronics X-CUBE-BLE2 3.3.0
2024-11-08 17:18:20,159 [INFO] ThirdParty:1030 - CMSIS Pack Vendor :STMicroelectronics X-CUBE-DISPLAY 2.2.0
2024-11-08 17:18:20,159 [INFO] ThirdParty:1030 - CMSIS Pack Vendor :STMicroelectronics X-CUBE-TOF1 3.2.0
2024-11-08 17:18:20,159 [INFO] ThirdParty:1030 - CMSIS Pack Vendor :STMicroelectronics PDM2PCM 3.2.0
2024-11-08 17:18:20,159 [INFO] ThirdParty:1030 - CMSIS Pack Vendor :STMicroelectronics X-CUBE-TOUCHGFX 4.18.1
2024-11-08 17:18:20,159 [INFO] ThirdParty:1030 - CMSIS Pack Vendor :STMicroelectronics X-CUBE-AZRTOS-H7 3.0.0
2024-11-08 17:18:20,159 [INFO] ThirdParty:1030 - CMSIS Pack Vendor :STMicroelectronics X-CUBE-ISPU 1.1.0
2024-11-08 17:18:20,159 [INFO] ThirdParty:1030 - CMSIS Pack Vendor :STMicroelectronics X-CUBE-AZRTOS-H7 3.3.0
2024-11-08 17:18:20,159 [INFO] ThirdParty:1030 - CMSIS Pack Vendor :RoweBots I-CUBE-UNISONRTOS 5.5.0-4
2024-11-08 17:18:20,159 [INFO] ThirdParty:1030 - CMSIS Pack Vendor :STMicroelectronics X-CUBE-NFC9 1.0.0
2024-11-08 17:18:20,159 [INFO] ThirdParty:1030 - CMSIS Pack Vendor :STMicroelectronics USB_DEVICE 3.0.0
2024-11-08 17:18:20,159 [INFO] ThirdParty:1030 - CMSIS Pack Vendor :STMicroelectronics X-CUBE-TCPP 4.1.0
2024-11-08 17:18:20,159 [INFO] ThirdParty:1030 - CMSIS Pack Vendor :STMicroelectronics X-CUBE-AI 8.0.0
2024-11-08 17:18:20,159 [INFO] ThirdParty:1030 - CMSIS Pack Vendor :STMicroelectronics X-CUBE-IPS 3.0.0
2024-11-08 17:18:20,159 [INFO] ThirdParty:1030 - CMSIS Pack Vendor :STMicroelectronics X-CUBE-AZRTOS-WB 2.0.0
2024-11-08 17:18:20,159 [INFO] ThirdParty:1030 - CMSIS Pack Vendor :STMicroelectronics X-CUBE-FREERTOS 1.0.1
2024-11-08 17:18:20,159 [INFO] ThirdParty:1030 - CMSIS Pack Vendor :STMicroelectronics X-CUBE-TOUCHGFX 4.21.1
2024-11-08 17:18:20,159 [INFO] ThirdParty:1030 - CMSIS Pack Vendor :STMicroelectronics X-CUBE-GNSS1 7.0.0
2024-11-08 17:18:20,159 [INFO] ThirdParty:1030 - CMSIS Pack Vendor :STMicroelectronics X-CUBE-TOUCHGFX 4.21.0
2024-11-08 17:18:20,159 [INFO] ThirdParty:1030 - CMSIS Pack Vendor :STMicroelectronics X-CUBE-TOUCHGFX 4.21.3
2024-11-08 17:18:20,159 [INFO] ThirdParty:1030 - CMSIS Pack Vendor :STMicroelectronics X-CUBE-MEMS1 9.0.0
2024-11-08 17:18:20,159 [INFO] ThirdParty:1030 - CMSIS Pack Vendor :STMicroelectronics X-CUBE-MEMS1 9.4.0
2024-11-08 17:18:20,159 [INFO] ThirdParty:1030 - CMSIS Pack Vendor :STMicroelectronics X-CUBE-AI 7.3.0
2024-11-08 17:18:20,159 [INFO] ThirdParty:1030 - CMSIS Pack Vendor :STMicroelectronics FP-SNS-STBOX1 2.0.0
2024-11-08 17:18:20,159 [INFO] ThirdParty:1030 - CMSIS Pack Vendor :STMicroelectronics X-CUBE-ALGOBUILD 1.3.0
2024-11-08 17:18:20,159 [INFO] ThirdParty:1030 - CMSIS Pack Vendor :STMicroelectronics X-CUBE-AZRTOS-L5 1.1.0
2024-11-08 17:18:20,159 [INFO] ThirdParty:1030 - CMSIS Pack Vendor :STMicroelectronics X-CUBE-AZRTOS-G0 1.1.0
2024-11-08 17:18:20,159 [INFO] ThirdParty:1030 - CMSIS Pack Vendor :STMicroelectronics X-CUBE-SAFEA1 1.2.2
2024-11-08 17:18:20,159 [INFO] ThirdParty:1030 - CMSIS Pack Vendor :STMicroelectronics X-CUBE-NFC4 3.0.0
2024-11-08 17:18:20,160 [INFO] ThirdParty:1030 - CMSIS Pack Vendor :SEGGER I-CUBE-embOS 1.2.0
2024-11-08 17:18:20,160 [INFO] ThirdParty:1030 - CMSIS Pack Vendor :STMicroelectronics X-CUBE-SUBG2 5.0.0
2024-11-08 17:18:20,160 [INFO] ThirdParty:1030 - CMSIS Pack Vendor :STMicroelectronics STM32_WPAN 1.0.0
2024-11-08 17:18:20,160 [INFO] ThirdParty:1030 - CMSIS Pack Vendor :wolfSSL I-CUBE-wolfMQTT 1.18.0
2024-11-08 17:18:20,160 [INFO] ThirdParty:1030 - CMSIS Pack Vendor :EmbeddedOffice I-CUBE-FS-RTOS 1.0.1
2024-11-08 17:18:20,160 [INFO] ThirdParty:1030 - CMSIS Pack Vendor :STMicroelectronics lwIP 2.0.3
2024-11-08 17:18:20,160 [INFO] ThirdParty:1030 - CMSIS Pack Vendor :STMicroelectronics USB_HOST 1.0.0
2024-11-08 17:18:20,160 [INFO] ThirdParty:1030 - CMSIS Pack Vendor :STMicroelectronics X-CUBE-TOF1 3.3.1
2024-11-08 17:18:20,160 [INFO] ThirdParty:1030 - CMSIS Pack Vendor :STMicroelectronics X-CUBE-AZRTOS-G4 2.0.0
2024-11-08 17:18:20,160 [INFO] ThirdParty:1030 - CMSIS Pack Vendor :STMicroelectronics X-CUBE-TOUCHGFX 4.17.0
2024-11-08 17:18:20,160 [INFO] ThirdParty:1030 - CMSIS Pack Vendor :STMicroelectronics PDM2PCM 3.1.0
2024-11-08 17:18:20,160 [INFO] ThirdParty:1030 - CMSIS Pack Vendor :STMicroelectronics X-CUBE-TOF1 3.3.0
2024-11-08 17:18:20,160 [INFO] ThirdParty:1030 - CMSIS Pack Vendor :STMicroelectronics FP-ATR-ASTRA1 1.1.1
2024-11-08 17:18:20,160 [INFO] ThirdParty:1030 - CMSIS Pack Vendor :Infineon AIROC-Wi-Fi-Bluetooth-STM32 1.5.1
2024-11-08 17:18:20,160 [INFO] ThirdParty:1030 - CMSIS Pack Vendor :STMicroelectronics X-CUBE-BLEMGR 3.0.0
2024-11-08 17:18:20,160 [INFO] ThirdParty:1030 - CMSIS Pack Vendor :STMicroelectronics X-CUBE-BLEMGR 1.3.0
2024-11-08 17:18:20,160 [INFO] ThirdParty:1030 - CMSIS Pack Vendor :RealThread X-CUBE-RT-Thread_Nano 4.1.1
2024-11-08 17:18:20,160 [INFO] ThirdParty:1030 - CMSIS Pack Vendor :STMicroelectronics X-CUBE-AZRTOS-H7 2.0.0
2024-11-08 17:18:20,160 [INFO] ThirdParty:1030 - CMSIS Pack Vendor :STMicroelectronics FP-SNS-MOTENVWB1 1.3.1
2024-11-08 17:18:20,160 [INFO] ThirdParty:1030 - CMSIS Pack Vendor :STMicroelectronics FP-ATR-SIGFOX1 3.2.0
2024-11-08 17:18:20,160 [INFO] ThirdParty:1030 - CMSIS Pack Vendor :STMicroelectronics X-CUBE-AZRTOS-G4 1.0.0
2024-11-08 17:18:20,160 [INFO] ThirdParty:1030 - CMSIS Pack Vendor :STMicroelectronics X-CUBE-AZRTOS-L4 1.0.0
2024-11-08 17:18:20,160 [INFO] ThirdParty:1030 - CMSIS Pack Vendor :STMicroelectronics X-CUBE-ISPU 2.0.0
2024-11-08 17:18:20,160 [INFO] ThirdParty:1030 - CMSIS Pack Vendor :STMicroelectronics X-CUBE-EEPRMA1 5.1.0
2024-11-08 17:18:20,160 [INFO] ThirdParty:1030 - CMSIS Pack Vendor :STMicroelectronics MBEDTLS 2.16.2
2024-11-08 17:18:20,160 [INFO] ThirdParty:1030 - CMSIS Pack Vendor :STMicroelectronics X-CUBE-ALS 1.0.2
2024-11-08 17:18:20,160 [INFO] ThirdParty:1030 - CMSIS Pack Vendor :STMicroelectronics X-CUBE-TOUCHGFX 4.20.0
2024-11-08 17:18:20,160 [INFO] ThirdParty:1030 - CMSIS Pack Vendor :STMicroelectronics X-CUBE-MEMS1 10.0.0
2024-11-08 17:18:20,160 [INFO] ThirdParty:1030 - CMSIS Pack Vendor :STMicroelectronics X-CUBE-FREERTOS 1.1.0
2024-11-08 17:18:20,160 [INFO] ThirdParty:1030 - CMSIS Pack Vendor :STMicroelectronics X-CUBE-TOUCHGFX 4.24.0
2024-11-08 17:18:20,160 [INFO] ThirdParty:1030 - CMSIS Pack Vendor :STMicroelectronics X-CUBE-AZRTOS-F7 1.0.0
2024-11-08 17:18:20,160 [INFO] ThirdParty:1030 - CMSIS Pack Vendor :STMicroelectronics X-CUBE-AZRTOS-WL 1.0.0
2024-11-08 17:18:20,160 [INFO] ThirdParty:1030 - CMSIS Pack Vendor :STMicroelectronics X-CUBE-TOUCHGFX 4.24.1
2024-11-08 17:18:20,161 [INFO] ThirdParty:1030 - CMSIS Pack Vendor :STMicroelectronics X-CUBE-MEMS1 9.1.0
2024-11-08 17:18:20,161 [INFO] ThirdParty:1030 - CMSIS Pack Vendor :portGmbH I-Cube-SoM-uGOAL 1.1.0
2024-11-08 17:18:20,161 [INFO] ThirdParty:1030 - CMSIS Pack Vendor :STMicroelectronics X-CUBE-ALS 1.0.1
2024-11-08 17:18:20,161 [INFO] ThirdParty:1030 - CMSIS Pack Vendor :STMicroelectronics X-CUBE-MEMS1 9.5.0
2024-11-08 17:18:20,161 [INFO] ThirdParty:1030 - CMSIS Pack Vendor :STMicroelectronics X-CUBE-AI 7.0.0
2024-11-08 17:18:20,161 [INFO] ThirdParty:1030 - CMSIS Pack Vendor :STMicroelectronics ThreadX 1.0.0
2024-11-08 17:18:20,161 [INFO] ThirdParty:1030 - CMSIS Pack Vendor :STMicroelectronics X-CUBE-AZRTOS-WB 1.1.0
2024-11-08 17:18:20,161 [INFO] ThirdParty:1030 - CMSIS Pack Vendor :SEGGER I-CUBE-embOS 1.3.1
2024-11-08 17:18:20,161 [INFO] ThirdParty:1030 - CMSIS Pack Vendor :STMicroelectronics X-CUBE-ALGOBUILD 1.4.0
2024-11-08 17:18:20,161 [INFO] ThirdParty:1030 - CMSIS Pack Vendor :STMicroelectronics X-CUBE-AZRTOS-L5 1.0.0
2024-11-08 17:18:20,161 [INFO] ThirdParty:1030 - CMSIS Pack Vendor :STMicroelectronics X-CUBE-EEPRMA1 3.1.0
2024-11-08 17:18:20,161 [INFO] ThirdParty:1030 - CMSIS Pack Vendor :STMicroelectronics X-CUBE-EEPRMA1 3.1.1
2024-11-08 17:18:20,161 [INFO] ThirdParty:1030 - CMSIS Pack Vendor :STMicroelectronics X-CUBE-AZRTOS-H7RS 1.0.0
2024-11-08 17:18:20,161 [INFO] ThirdParty:1030 - CMSIS Pack Vendor :STMicroelectronics X-CUBE-GNSS1 5.2.0
2024-11-08 17:18:20,161 [INFO] ThirdParty:1030 - CMSIS Pack Vendor :STMicroelectronics FP-ATR-ASTRA1 2.0.0
2024-11-08 17:18:20,161 [INFO] ThirdParty:1030 - CMSIS Pack Vendor :STMicroelectronics X-CUBE-TOF1 3.4.2
2024-11-08 17:18:20,161 [INFO] ThirdParty:1030 - CMSIS Pack Vendor :STMicroelectronics X-CUBE-DISPLAY 2.0.1
2024-11-08 17:18:20,161 [INFO] ThirdParty:1030 - CMSIS Pack Vendor :STMicroelectronics X-CUBE-AI 9.1.0
2024-11-08 17:18:20,161 [INFO] ThirdParty:1030 - CMSIS Pack Vendor :STMicroelectronics X-CUBE-TOF1 3.4.0
2024-11-08 17:18:20,161 [INFO] ThirdParty:1030 - CMSIS Pack Vendor :STMicroelectronics X-CUBE-TOF1 3.4.1
2024-11-08 17:18:20,161 [INFO] ThirdParty:1030 - CMSIS Pack Vendor :STMicroelectronics X-CUBE-AZRTOS-H7 3.2.0
2024-11-08 17:18:20,161 [INFO] ThirdParty:1030 - CMSIS Pack Vendor :wolfSSL I-CUBE-wolfSSH 1.4.17
2024-11-08 17:18:20,166 [INFO] ThirdParty:841 - exiting critical section [change project]
2024-11-08 17:18:20,860 [INFO] PinOutPanel:1561 - setPackage(No Configuration,No Configuration)
2024-11-08 17:18:20,863 [INFO] PinOutPanel:1561 - setPackage(STM32F303RETx,LQFP64)
2024-11-08 17:18:21,694 [INFO] UtilMem:75 - Before build in PCC Used Memory: 407758648 Bytes (882900992)
2024-11-08 17:18:22,206 [INFO] UtilMem:75 - After build in PCC Used Memory: 453895992 Bytes (882900992)
2024-11-08 17:18:22,252 [INFO] IPUIPlugin:80 - create IPUIPlugin
2024-11-08 17:18:22,252 [INFO] IPUIPlugin:80 - create IPUIPlugin
2024-11-08 17:18:22,252 [INFO] IPUIPlugin:80 - create IPUIPlugin
2024-11-08 17:18:22,252 [INFO] IPUIPlugin:80 - create IPUIPlugin
2024-11-08 17:18:22,252 [INFO] IPUIPlugin:80 - create IPUIPlugin
2024-11-08 17:18:22,252 [INFO] IPUIPlugin:80 - create IPUIPlugin
2024-11-08 17:18:22,252 [INFO] IPUIPlugin:80 - create IPUIPlugin
2024-11-08 17:18:22,252 [INFO] IPUIPlugin:80 - create IPUIPlugin
2024-11-08 17:18:22,252 [INFO] IPUIPlugin:80 - create IPUIPlugin
2024-11-08 17:18:22,253 [INFO] IPUIPlugin:80 - create IPUIPlugin
2024-11-08 17:18:22,253 [INFO] IPUIPlugin:80 - create IPUIPlugin
2024-11-08 17:18:22,253 [INFO] IPUIPlugin:80 - create IPUIPlugin
2024-11-08 17:18:22,253 [INFO] IPUIPlugin:80 - create IPUIPlugin
2024-11-08 17:18:22,253 [INFO] IPUIPlugin:80 - create IPUIPlugin
2024-11-08 17:18:22,253 [INFO] IPUIPlugin:80 - create IPUIPlugin
2024-11-08 17:18:22,254 [INFO] IPUIPlugin:80 - create IPUIPlugin
2024-11-08 17:18:22,254 [INFO] IPUIPlugin:80 - create IPUIPlugin
2024-11-08 17:18:22,254 [INFO] IPUIPlugin:80 - create IPUIPlugin
2024-11-08 17:18:22,254 [INFO] IPUIPlugin:80 - create IPUIPlugin
2024-11-08 17:18:22,254 [INFO] IPUIPlugin:80 - create IPUIPlugin
2024-11-08 17:18:22,255 [INFO] IPUIPlugin:80 - create IPUIPlugin
2024-11-08 17:18:22,257 [INFO] IPUIPlugin:80 - create IPUIPlugin
2024-11-08 17:18:22,258 [INFO] IPUIPlugin:80 - create IPUIPlugin
2024-11-08 17:18:22,259 [INFO] IPUIPlugin:80 - create IPUIPlugin
2024-11-08 17:18:22,259 [INFO] IPUIPlugin:80 - create IPUIPlugin
2024-11-08 17:18:22,259 [INFO] IPUIPlugin:80 - create IPUIPlugin
2024-11-08 17:18:22,259 [INFO] IPUIPlugin:80 - create IPUIPlugin
2024-11-08 17:18:22,260 [INFO] IPUIPlugin:80 - create IPUIPlugin
2024-11-08 17:18:22,260 [INFO] IPUIPlugin:80 - create IPUIPlugin
2024-11-08 17:18:22,260 [INFO] IPUIPlugin:80 - create IPUIPlugin
2024-11-08 17:18:22,260 [INFO] IPUIPlugin:80 - create IPUIPlugin
2024-11-08 17:18:22,260 [INFO] IPUIPlugin:80 - create IPUIPlugin
2024-11-08 17:18:22,261 [INFO] IPUIPlugin:80 - create IPUIPlugin
2024-11-08 17:18:22,261 [INFO] IPUIPlugin:80 - create IPUIPlugin
2024-11-08 17:18:22,261 [INFO] IPUIPlugin:80 - create IPUIPlugin
2024-11-08 17:18:22,261 [INFO] IPUIPlugin:80 - create IPUIPlugin
2024-11-08 17:18:22,261 [INFO] IPUIPlugin:80 - create IPUIPlugin
2024-11-08 17:18:22,261 [INFO] IPUIPlugin:80 - create IPUIPlugin
2024-11-08 17:18:22,262 [INFO] IPUIPlugin:80 - create IPUIPlugin
2024-11-08 17:18:22,262 [INFO] IPUIPlugin:80 - create IPUIPlugin
2024-11-08 17:18:22,262 [INFO] IPUIPlugin:80 - create IPUIPlugin
2024-11-08 17:18:22,262 [INFO] IPUIPlugin:80 - create IPUIPlugin
2024-11-08 17:18:22,262 [INFO] IPUIPlugin:80 - create IPUIPlugin
2024-11-08 17:18:22,262 [INFO] IPUIPlugin:80 - create IPUIPlugin
2024-11-08 17:18:22,262 [INFO] IPUIPlugin:80 - create IPUIPlugin
2024-11-08 17:18:22,262 [INFO] IPUIPlugin:80 - create IPUIPlugin
2024-11-08 17:18:22,262 [INFO] IPUIPlugin:80 - create IPUIPlugin
2024-11-08 17:18:22,263 [INFO] IPUIPlugin:80 - create IPUIPlugin
2024-11-08 17:18:22,263 [INFO] IPUIPlugin:80 - create IPUIPlugin
2024-11-08 17:18:22,263 [INFO] IPUIPlugin:80 - create IPUIPlugin
2024-11-08 17:18:22,263 [INFO] IPUIPlugin:80 - create IPUIPlugin
2024-11-08 17:18:22,263 [INFO] IPUIPlugin:80 - create IPUIPlugin
2024-11-08 17:18:22,264 [INFO] IPUIPlugin:80 - create IPUIPlugin
2024-11-08 17:18:22,264 [INFO] IPUIPlugin:80 - create IPUIPlugin
2024-11-08 17:18:22,264 [INFO] IPUIPlugin:80 - create IPUIPlugin
2024-11-08 17:18:22,265 [INFO] IPUIPlugin:80 - create IPUIPlugin
2024-11-08 17:18:22,269 [WARN] IP:2191 - AutoBaudRateEnableParam not found: check if there is a RefParameter without a condition.
2024-11-08 17:18:22,411 [INFO] CADModel:165 - CPN selected for project levelSTM32F303RET6
2024-11-08 17:18:22,411 [INFO] CADModel:114 - Register for checkConnection events
2024-11-08 17:18:22,459 [INFO] OpenFileManager:363 - Restore cursor
2024-11-08 17:18:22,802 [WARN] IP:2191 - AutoBaudRateEnableParam not found: check if there is a RefParameter without a condition.
2024-11-08 17:18:22,804 [WARN] IP:2191 - AutoBaudRateEnableParam not found: check if there is a RefParameter without a condition.
2024-11-08 17:18:37,391 [INFO] NvicIntPanel:101 - NVIC parent = com.st.microxplorer.plugins.ip.nvic.MultiNvicIntPanel[,0,0,0x0,invalid,layout=javax.swing.BoxLayout,alignmentX=0.0,alignmentY=0.0,border=,flags=9,maximumSize=,minimumSize=,preferredSize=]
2024-11-08 17:18:40,788 [INFO] NvicIntPanel:101 - NVIC parent = com.st.microxplorer.plugins.ip.nvic.MultiNvicIntPanel[,0,0,0x0,invalid,layout=javax.swing.BoxLayout,alignmentX=0.0,alignmentY=0.0,border=,flags=9,maximumSize=,minimumSize=,preferredSize=]
2024-11-08 17:18:41,056 [INFO] NvicIntPanel:101 - NVIC parent = com.st.microxplorer.plugins.ip.nvic.MultiNvicIntPanel[,0,0,0x0,invalid,layout=javax.swing.BoxLayout,alignmentX=0.0,alignmentY=0.0,border=,flags=9,maximumSize=,minimumSize=,preferredSize=]
2024-11-08 17:20:38,623 [ERROR] LogOutputStream:75 - [STDERR_REDIRECT] Exception in thread "AWT-EventQueue-0" java.awt.IllegalComponentStateException: component must be showing on the screen to determine its location
2024-11-08 17:20:38,625 [ERROR] LogOutputStream:75 - [STDERR_REDIRECT] 	at java.desktop/java.awt.Component.getLocationOnScreen_NoTreeLock(Component.java:2113)
2024-11-08 17:20:38,625 [ERROR] LogOutputStream:75 - [STDERR_REDIRECT] 	at java.desktop/java.awt.Component.getLocationOnScreen(Component.java:2087)
2024-11-08 17:20:38,625 [ERROR] LogOutputStream:75 - [STDERR_REDIRECT] 	at java.desktop/javax.swing.JPopupMenu.show(JPopupMenu.java:960)
2024-11-08 17:20:38,625 [ERROR] LogOutputStream:75 - [STDERR_REDIRECT] 	at java.desktop/javax.swing.plaf.basic.BasicComboPopup.show(BasicComboPopup.java:235)
2024-11-08 17:20:38,625 [ERROR] LogOutputStream:75 - [STDERR_REDIRECT] 	at java.desktop/javax.swing.plaf.basic.BasicComboPopup.togglePopup(BasicComboPopup.java:1257)
2024-11-08 17:20:38,625 [ERROR] LogOutputStream:75 - [STDERR_REDIRECT] 	at java.desktop/javax.swing.plaf.basic.BasicComboPopup$Handler.mousePressed(BasicComboPopup.java:936)
2024-11-08 17:20:38,625 [ERROR] LogOutputStream:75 - [STDERR_REDIRECT] 	at java.desktop/java.awt.Component.processMouseEvent(Component.java:6623)
2024-11-08 17:20:38,626 [ERROR] LogOutputStream:75 - [STDERR_REDIRECT] 	at java.desktop/javax.swing.JComponent.processMouseEvent(JComponent.java:3389)
2024-11-08 17:20:38,626 [ERROR] LogOutputStream:75 - [STDERR_REDIRECT] 	at java.desktop/java.awt.Component.processEvent(Component.java:6391)
2024-11-08 17:20:38,626 [ERROR] LogOutputStream:75 - [STDERR_REDIRECT] 	at java.desktop/java.awt.Container.processEvent(Container.java:2266)
2024-11-08 17:20:38,626 [ERROR] LogOutputStream:75 - [STDERR_REDIRECT] 	at java.desktop/java.awt.Component.dispatchEventImpl(Component.java:5001)
2024-11-08 17:20:38,626 [ERROR] LogOutputStream:75 - [STDERR_REDIRECT] 	at java.desktop/java.awt.Container.dispatchEventImpl(Container.java:2324)
2024-11-08 17:20:38,627 [ERROR] LogOutputStream:75 - [STDERR_REDIRECT] 	at java.desktop/java.awt.Component.dispatchEvent(Component.java:4833)
2024-11-08 17:20:38,627 [ERROR] LogOutputStream:75 - [STDERR_REDIRECT] 	at java.desktop/javax.swing.plaf.basic.BasicTableUI$Handler.repostEvent(BasicTableUI.java:987)
2024-11-08 17:20:38,627 [ERROR] LogOutputStream:75 - [STDERR_REDIRECT] 	at java.desktop/javax.swing.plaf.basic.BasicTableUI$Handler.adjustSelection(BasicTableUI.java:1149)
2024-11-08 17:20:38,628 [ERROR] LogOutputStream:75 - [STDERR_REDIRECT] 	at java.desktop/javax.swing.plaf.basic.BasicTableUI$Handler.mousePressed(BasicTableUI.java:1077)
2024-11-08 17:20:38,628 [ERROR] LogOutputStream:75 - [STDERR_REDIRECT] 	at java.desktop/java.awt.AWTEventMulticaster.mousePressed(AWTEventMulticaster.java:288)
2024-11-08 17:20:38,628 [ERROR] LogOutputStream:75 - [STDERR_REDIRECT] 	at java.desktop/java.awt.AWTEventMulticaster.mousePressed(AWTEventMulticaster.java:287)
2024-11-08 17:20:38,628 [ERROR] LogOutputStream:75 - [STDERR_REDIRECT] 	at java.desktop/java.awt.AWTEventMulticaster.mousePressed(AWTEventMulticaster.java:287)
2024-11-08 17:20:38,629 [ERROR] LogOutputStream:75 - [STDERR_REDIRECT] 	at java.desktop/java.awt.AWTEventMulticaster.mousePressed(AWTEventMulticaster.java:287)
2024-11-08 17:20:38,630 [ERROR] LogOutputStream:75 - [STDERR_REDIRECT] 	at java.desktop/java.awt.Component.processMouseEvent(Component.java:6623)
2024-11-08 17:20:38,632 [ERROR] LogOutputStream:75 - [STDERR_REDIRECT] 	at java.desktop/javax.swing.JComponent.processMouseEvent(JComponent.java:3389)
2024-11-08 17:20:38,632 [ERROR] LogOutputStream:75 - [STDERR_REDIRECT] 	at java.desktop/java.awt.Component.processEvent(Component.java:6391)
2024-11-08 17:20:38,632 [ERROR] LogOutputStream:75 - [STDERR_REDIRECT] 	at java.desktop/java.awt.Container.processEvent(Container.java:2266)
2024-11-08 17:20:38,632 [ERROR] LogOutputStream:75 - [STDERR_REDIRECT] 	at java.desktop/java.awt.Component.dispatchEventImpl(Component.java:5001)
2024-11-08 17:20:38,632 [ERROR] LogOutputStream:75 - [STDERR_REDIRECT] 	at java.desktop/java.awt.Container.dispatchEventImpl(Container.java:2324)
2024-11-08 17:20:38,633 [ERROR] LogOutputStream:75 - [STDERR_REDIRECT] 	at java.desktop/java.awt.Component.dispatchEvent(Component.java:4833)
2024-11-08 17:20:38,633 [ERROR] LogOutputStream:75 - [STDERR_REDIRECT] 	at java.desktop/java.awt.LightweightDispatcher.retargetMouseEvent(Container.java:4948)
2024-11-08 17:20:38,633 [ERROR] LogOutputStream:75 - [STDERR_REDIRECT] 	at java.desktop/java.awt.LightweightDispatcher.processMouseEvent(Container.java:4572)
2024-11-08 17:20:38,633 [ERROR] LogOutputStream:75 - [STDERR_REDIRECT] 	at java.desktop/java.awt.LightweightDispatcher.dispatchEvent(Container.java:4516)
2024-11-08 17:20:38,633 [ERROR] LogOutputStream:75 - [STDERR_REDIRECT] 	at java.desktop/java.awt.Container.dispatchEventImpl(Container.java:2310)
2024-11-08 17:20:38,633 [ERROR] LogOutputStream:75 - [STDERR_REDIRECT] 	at java.desktop/java.awt.Component.dispatchEvent(Component.java:4833)
2024-11-08 17:20:38,634 [ERROR] LogOutputStream:75 - [STDERR_REDIRECT] 	at java.desktop/java.awt.EventQueue.dispatchEventImpl(EventQueue.java:775)
2024-11-08 17:20:38,634 [ERROR] LogOutputStream:75 - [STDERR_REDIRECT] 	at java.desktop/java.awt.EventQueue$4.run(EventQueue.java:720)
2024-11-08 17:20:38,634 [ERROR] LogOutputStream:75 - [STDERR_REDIRECT] 	at java.desktop/java.awt.EventQueue$4.run(EventQueue.java:714)
2024-11-08 17:20:38,634 [ERROR] LogOutputStream:75 - [STDERR_REDIRECT] 	at java.base/java.security.AccessController.doPrivileged(AccessController.java:399)
2024-11-08 17:20:38,634 [ERROR] LogOutputStream:75 - [STDERR_REDIRECT] 	at java.base/java.security.ProtectionDomain$JavaSecurityAccessImpl.doIntersectionPrivilege(ProtectionDomain.java:86)
2024-11-08 17:20:38,634 [ERROR] LogOutputStream:75 - [STDERR_REDIRECT] 	at java.base/java.security.ProtectionDomain$JavaSecurityAccessImpl.doIntersectionPrivilege(ProtectionDomain.java:97)
2024-11-08 17:20:38,634 [ERROR] LogOutputStream:75 - [STDERR_REDIRECT] 	at java.desktop/java.awt.EventQueue$5.run(EventQueue.java:747)
2024-11-08 17:20:38,634 [ERROR] LogOutputStream:75 - [STDERR_REDIRECT] 	at java.desktop/java.awt.EventQueue$5.run(EventQueue.java:745)
2024-11-08 17:20:38,634 [ERROR] LogOutputStream:75 - [STDERR_REDIRECT] 	at java.base/java.security.AccessController.doPrivileged(AccessController.java:399)
2024-11-08 17:20:38,634 [ERROR] LogOutputStream:75 - [STDERR_REDIRECT] 	at java.base/java.security.ProtectionDomain$JavaSecurityAccessImpl.doIntersectionPrivilege(ProtectionDomain.java:86)
2024-11-08 17:20:38,635 [ERROR] LogOutputStream:75 - [STDERR_REDIRECT] 	at java.desktop/java.awt.EventQueue.dispatchEvent(EventQueue.java:744)
2024-11-08 17:20:38,635 [ERROR] LogOutputStream:75 - [STDERR_REDIRECT] 	at java.desktop/java.awt.EventDispatchThread.pumpOneEventForFilters(EventDispatchThread.java:203)
2024-11-08 17:20:38,635 [ERROR] LogOutputStream:75 - [STDERR_REDIRECT] 	at java.desktop/java.awt.EventDispatchThread.pumpEventsForFilter(EventDispatchThread.java:124)
2024-11-08 17:20:38,635 [ERROR] LogOutputStream:75 - [STDERR_REDIRECT] 	at java.desktop/java.awt.EventDispatchThread.pumpEventsForHierarchy(EventDispatchThread.java:113)
2024-11-08 17:20:38,635 [ERROR] LogOutputStream:75 - [STDERR_REDIRECT] 	at java.desktop/java.awt.EventDispatchThread.pumpEvents(EventDispatchThread.java:109)
2024-11-08 17:20:38,635 [ERROR] LogOutputStream:75 - [STDERR_REDIRECT] 	at java.desktop/java.awt.EventDispatchThread.pumpEvents(EventDispatchThread.java:101)
2024-11-08 17:20:38,635 [ERROR] LogOutputStream:75 - [STDERR_REDIRECT] 	at java.desktop/java.awt.EventDispatchThread.run(EventDispatchThread.java:90)
2024-11-08 17:21:56,149 [INFO] NvicIntPanel:101 - NVIC parent = com.st.microxplorer.plugins.ip.nvic.MultiNvicIntPanel[,0,0,0x0,invalid,layout=javax.swing.BoxLayout,alignmentX=0.0,alignmentY=0.0,border=,flags=9,maximumSize=,minimumSize=,preferredSize=]
2024-11-08 17:22:21,606 [INFO] NvicIntPanel:101 - NVIC parent = com.st.microxplorer.plugins.ip.nvic.MultiNvicIntPanel[,0,0,0x0,invalid,layout=javax.swing.BoxLayout,alignmentX=0.0,alignmentY=0.0,border=,flags=9,maximumSize=,minimumSize=,preferredSize=]
2024-11-08 17:28:05,047 [INFO] NvicIntPanel:101 - NVIC parent = com.st.microxplorer.plugins.ip.nvic.MultiNvicIntPanel[,0,0,0x0,invalid,layout=javax.swing.BoxLayout,alignmentX=0.0,alignmentY=0.0,border=,flags=9,maximumSize=,minimumSize=,preferredSize=]
2024-11-08 17:28:29,878 [INFO] UtilMem:75 - End SaveConfig() Used Memory: 548744328 Bytes (901775360)
2024-11-08 17:28:31,291 [INFO] UtilMem:75 - End SaveConfig() Used Memory: 641473640 Bytes (901775360)
2024-11-08 17:28:31,507 [INFO] BlockDiagram:2766 - set Specific Code input for plugin: TIM1_8F3
2024-11-08 17:28:31,507 [INFO] BlockDiagram:2766 - set Specific Code input for plugin: SYS
2024-11-08 17:28:31,507 [INFO] BlockDiagram:2766 - set Specific Code input for plugin: RCC
2024-11-08 17:28:31,507 [INFO] BlockDiagram:2766 - set Specific Code input for plugin: NVIC
2024-11-08 17:28:31,507 [INFO] BlockDiagram:2766 - set Specific Code input for plugin: USART
2024-11-08 17:28:31,507 [INFO] BlockDiagram:2766 - set Specific Code input for plugin: DMA
2024-11-08 17:28:31,507 [INFO] BlockDiagram:2766 - set Specific Code input for plugin: TIM1_8F3
2024-11-08 17:28:31,507 [INFO] BlockDiagram:2766 - set Specific Code input for plugin: UART
2024-11-08 17:28:31,508 [INFO] BlockDiagram:2766 - set Specific Code input for plugin: GPIO
2024-11-08 17:28:31,509 [INFO] CodeGenerator:807 - code generatio: config db path: /Applications/STM32CubeIDE.app/Contents/Eclipse/plugins/com.st.stm32cube.common.mx_6.12.1.202409122256//db/
2024-11-08 17:28:31,571 [WARN] IP:2191 - AutoBaudRateEnableParam not found: check if there is a RefParameter without a condition.
2024-11-08 17:28:31,574 [INFO] Argument:325 - Argument : hdmavalue: null
2024-11-08 17:28:31,574 [INFO] Argument:327 - 	 sub Args: 
2024-11-08 17:28:31,574 [INFO] Argument:325 - Argument : Instancevalue: DMA2_Channel3
2024-11-08 17:28:31,574 [INFO] Argument:335 - Argument : Instancevalue: DMA2_Channel3
2024-11-08 17:28:31,574 [INFO] Argument:325 - Argument : Initvalue: null
2024-11-08 17:28:31,574 [INFO] Argument:327 - 	 sub Args: 
2024-11-08 17:28:31,574 [INFO] Argument:325 - Argument : Directionvalue: DMA_PERIPH_TO_MEMORY
2024-11-08 17:28:31,574 [INFO] Argument:335 - Argument : Directionvalue: DMA_PERIPH_TO_MEMORY
2024-11-08 17:28:31,574 [INFO] Argument:325 - Argument : PeriphIncvalue: DMA_PINC_DISABLE
2024-11-08 17:28:31,574 [INFO] Argument:335 - Argument : PeriphIncvalue: DMA_PINC_DISABLE
2024-11-08 17:28:31,574 [INFO] Argument:325 - Argument : MemIncvalue: DMA_MINC_ENABLE
2024-11-08 17:28:31,574 [INFO] Argument:335 - Argument : MemIncvalue: DMA_MINC_ENABLE
2024-11-08 17:28:31,574 [INFO] Argument:325 - Argument : PeriphDataAlignmentvalue: DMA_PDATAALIGN_BYTE
2024-11-08 17:28:31,574 [INFO] Argument:335 - Argument : PeriphDataAlignmentvalue: DMA_PDATAALIGN_BYTE
2024-11-08 17:28:31,574 [INFO] Argument:325 - Argument : MemDataAlignmentvalue: DMA_MDATAALIGN_BYTE
2024-11-08 17:28:31,574 [INFO] Argument:335 - Argument : MemDataAlignmentvalue: DMA_MDATAALIGN_BYTE
2024-11-08 17:28:31,574 [INFO] Argument:325 - Argument : Modevalue: DMA_NORMAL
2024-11-08 17:28:31,574 [INFO] Argument:335 - Argument : Modevalue: DMA_NORMAL
2024-11-08 17:28:31,574 [INFO] Argument:325 - Argument : Priorityvalue: DMA_PRIORITY_LOW
2024-11-08 17:28:31,575 [INFO] Argument:335 - Argument : Priorityvalue: DMA_PRIORITY_LOW
2024-11-08 17:28:31,575 [INFO] Argument:325 - Argument : Lockvalue: null
2024-11-08 17:28:31,575 [INFO] Argument:335 - Argument : Lockvalue: null
2024-11-08 17:28:31,575 [INFO] Argument:325 - Argument : Statevalue: null
2024-11-08 17:28:31,575 [INFO] Argument:335 - Argument : Statevalue: null
2024-11-08 17:28:31,575 [INFO] Argument:325 - Argument : Parentvalue: null
2024-11-08 17:28:31,575 [INFO] Argument:335 - Argument : Parentvalue: null
2024-11-08 17:28:31,575 [INFO] Argument:325 - Argument : XferCpltCallbackvalue: null
2024-11-08 17:28:31,575 [INFO] Argument:335 - Argument : XferCpltCallbackvalue: null
2024-11-08 17:28:31,575 [INFO] Argument:325 - Argument : XferHalfCpltCallbackvalue: null
2024-11-08 17:28:31,575 [INFO] Argument:335 - Argument : XferHalfCpltCallbackvalue: null
2024-11-08 17:28:31,575 [INFO] Argument:325 - Argument : XferErrorCallbackvalue: null
2024-11-08 17:28:31,575 [INFO] Argument:335 - Argument : XferErrorCallbackvalue: null
2024-11-08 17:28:31,575 [INFO] Argument:325 - Argument : ErrorCodevalue: null
2024-11-08 17:28:31,575 [INFO] Argument:335 - Argument : ErrorCodevalue: null
2024-11-08 17:28:31,575 [INFO] Argument:325 - Argument : DMA_Remapvalue: null
2024-11-08 17:28:31,575 [INFO] Argument:335 - Argument : DMA_Remapvalue: null
2024-11-08 17:28:31,580 [INFO] Argument:325 - Argument : hdmavalue: null
2024-11-08 17:28:31,581 [INFO] Argument:327 - 	 sub Args: 
2024-11-08 17:28:31,581 [INFO] Argument:325 - Argument : Instancevalue: DMA1_Channel6
2024-11-08 17:28:31,581 [INFO] Argument:335 - Argument : Instancevalue: DMA1_Channel6
2024-11-08 17:28:31,581 [INFO] Argument:325 - Argument : Initvalue: null
2024-11-08 17:28:31,581 [INFO] Argument:327 - 	 sub Args: 
2024-11-08 17:28:31,581 [INFO] Argument:325 - Argument : Directionvalue: DMA_PERIPH_TO_MEMORY
2024-11-08 17:28:31,581 [INFO] Argument:335 - Argument : Directionvalue: DMA_PERIPH_TO_MEMORY
2024-11-08 17:28:31,581 [INFO] Argument:325 - Argument : PeriphIncvalue: DMA_PINC_DISABLE
2024-11-08 17:28:31,581 [INFO] Argument:335 - Argument : PeriphIncvalue: DMA_PINC_DISABLE
2024-11-08 17:28:31,581 [INFO] Argument:325 - Argument : MemIncvalue: DMA_MINC_ENABLE
2024-11-08 17:28:31,581 [INFO] Argument:335 - Argument : MemIncvalue: DMA_MINC_ENABLE
2024-11-08 17:28:31,581 [INFO] Argument:325 - Argument : PeriphDataAlignmentvalue: DMA_PDATAALIGN_BYTE
2024-11-08 17:28:31,581 [INFO] Argument:335 - Argument : PeriphDataAlignmentvalue: DMA_PDATAALIGN_BYTE
2024-11-08 17:28:31,581 [INFO] Argument:325 - Argument : MemDataAlignmentvalue: DMA_MDATAALIGN_BYTE
2024-11-08 17:28:31,581 [INFO] Argument:335 - Argument : MemDataAlignmentvalue: DMA_MDATAALIGN_BYTE
2024-11-08 17:28:31,581 [INFO] Argument:325 - Argument : Modevalue: DMA_NORMAL
2024-11-08 17:28:31,581 [INFO] Argument:335 - Argument : Modevalue: DMA_NORMAL
2024-11-08 17:28:31,581 [INFO] Argument:325 - Argument : Priorityvalue: DMA_PRIORITY_LOW
2024-11-08 17:28:31,581 [INFO] Argument:335 - Argument : Priorityvalue: DMA_PRIORITY_LOW
2024-11-08 17:28:31,581 [INFO] Argument:325 - Argument : Lockvalue: null
2024-11-08 17:28:31,581 [INFO] Argument:335 - Argument : Lockvalue: null
2024-11-08 17:28:31,581 [INFO] Argument:325 - Argument : Statevalue: null
2024-11-08 17:28:31,581 [INFO] Argument:335 - Argument : Statevalue: null
2024-11-08 17:28:31,581 [INFO] Argument:325 - Argument : Parentvalue: null
2024-11-08 17:28:31,581 [INFO] Argument:335 - Argument : Parentvalue: null
2024-11-08 17:28:31,581 [INFO] Argument:325 - Argument : XferCpltCallbackvalue: null
2024-11-08 17:28:31,582 [INFO] Argument:335 - Argument : XferCpltCallbackvalue: null
2024-11-08 17:28:31,582 [INFO] Argument:325 - Argument : XferHalfCpltCallbackvalue: null
2024-11-08 17:28:31,582 [INFO] Argument:335 - Argument : XferHalfCpltCallbackvalue: null
2024-11-08 17:28:31,582 [INFO] Argument:325 - Argument : XferErrorCallbackvalue: null
2024-11-08 17:28:31,582 [INFO] Argument:335 - Argument : XferErrorCallbackvalue: null
2024-11-08 17:28:31,582 [INFO] Argument:325 - Argument : ErrorCodevalue: null
2024-11-08 17:28:31,582 [INFO] Argument:335 - Argument : ErrorCodevalue: null
2024-11-08 17:28:31,582 [INFO] Argument:325 - Argument : DMA_Remapvalue: null
2024-11-08 17:28:31,582 [INFO] Argument:335 - Argument : DMA_Remapvalue: null
2024-11-08 17:28:31,582 [INFO] Argument:325 - Argument : hdmavalue: null
2024-11-08 17:28:31,582 [INFO] Argument:327 - 	 sub Args: 
2024-11-08 17:28:31,582 [INFO] Argument:325 - Argument : Instancevalue: DMA1_Channel7
2024-11-08 17:28:31,582 [INFO] Argument:335 - Argument : Instancevalue: DMA1_Channel7
2024-11-08 17:28:31,582 [INFO] Argument:325 - Argument : Initvalue: null
2024-11-08 17:28:31,582 [INFO] Argument:327 - 	 sub Args: 
2024-11-08 17:28:31,582 [INFO] Argument:325 - Argument : Directionvalue: DMA_MEMORY_TO_PERIPH
2024-11-08 17:28:31,582 [INFO] Argument:335 - Argument : Directionvalue: DMA_MEMORY_TO_PERIPH
2024-11-08 17:28:31,582 [INFO] Argument:325 - Argument : PeriphIncvalue: DMA_PINC_DISABLE
2024-11-08 17:28:31,582 [INFO] Argument:335 - Argument : PeriphIncvalue: DMA_PINC_DISABLE
2024-11-08 17:28:31,582 [INFO] Argument:325 - Argument : MemIncvalue: DMA_MINC_ENABLE
2024-11-08 17:28:31,582 [INFO] Argument:335 - Argument : MemIncvalue: DMA_MINC_ENABLE
2024-11-08 17:28:31,582 [INFO] Argument:325 - Argument : PeriphDataAlignmentvalue: DMA_PDATAALIGN_BYTE
2024-11-08 17:28:31,582 [INFO] Argument:335 - Argument : PeriphDataAlignmentvalue: DMA_PDATAALIGN_BYTE
2024-11-08 17:28:31,582 [INFO] Argument:325 - Argument : MemDataAlignmentvalue: DMA_MDATAALIGN_BYTE
2024-11-08 17:28:31,582 [INFO] Argument:335 - Argument : MemDataAlignmentvalue: DMA_MDATAALIGN_BYTE
2024-11-08 17:28:31,582 [INFO] Argument:325 - Argument : Modevalue: DMA_NORMAL
2024-11-08 17:28:31,582 [INFO] Argument:335 - Argument : Modevalue: DMA_NORMAL
2024-11-08 17:28:31,582 [INFO] Argument:325 - Argument : Priorityvalue: DMA_PRIORITY_LOW
2024-11-08 17:28:31,582 [INFO] Argument:335 - Argument : Priorityvalue: DMA_PRIORITY_LOW
2024-11-08 17:28:31,582 [INFO] Argument:325 - Argument : Lockvalue: null
2024-11-08 17:28:31,582 [INFO] Argument:335 - Argument : Lockvalue: null
2024-11-08 17:28:31,582 [INFO] Argument:325 - Argument : Statevalue: null
2024-11-08 17:28:31,582 [INFO] Argument:335 - Argument : Statevalue: null
2024-11-08 17:28:31,583 [INFO] Argument:325 - Argument : Parentvalue: null
2024-11-08 17:28:31,583 [INFO] Argument:335 - Argument : Parentvalue: null
2024-11-08 17:28:31,583 [INFO] Argument:325 - Argument : XferCpltCallbackvalue: null
2024-11-08 17:28:31,583 [INFO] Argument:335 - Argument : XferCpltCallbackvalue: null
2024-11-08 17:28:31,583 [INFO] Argument:325 - Argument : XferHalfCpltCallbackvalue: null
2024-11-08 17:28:31,583 [INFO] Argument:335 - Argument : XferHalfCpltCallbackvalue: null
2024-11-08 17:28:31,583 [INFO] Argument:325 - Argument : XferErrorCallbackvalue: null
2024-11-08 17:28:31,583 [INFO] Argument:335 - Argument : XferErrorCallbackvalue: null
2024-11-08 17:28:31,583 [INFO] Argument:325 - Argument : ErrorCodevalue: null
2024-11-08 17:28:31,583 [INFO] Argument:335 - Argument : ErrorCodevalue: null
2024-11-08 17:28:31,583 [INFO] Argument:325 - Argument : DMA_Remapvalue: null
2024-11-08 17:28:31,584 [INFO] Argument:335 - Argument : DMA_Remapvalue: null
2024-11-08 17:28:31,698 [INFO] CodeEngine:255 - oldGeneratedFile, /Users/mark/Documents/Courses/F24/Project-V/Proj-5/MXTmpFiles/license.tmp_save
2024-11-08 17:28:31,935 [INFO] CodeEngine:279 - Generated code: /Users/mark/Documents/Courses/F24/Project-V/Proj-5/MXTmpFiles/license.tmp
2024-11-08 17:28:32,011 [INFO] CodeEngine:255 - oldGeneratedFile, /Users/mark/Documents/Courses/F24/Project-V/Proj-5/Core/Src/gpio.c_save
2024-11-08 17:28:32,151 [INFO] CodeEngine:279 - Generated code: /Users/mark/Documents/Courses/F24/Project-V/Proj-5/Core/Src/gpio.c
2024-11-08 17:28:32,153 [INFO] CodeEngine:255 - oldGeneratedFile, /Users/mark/Documents/Courses/F24/Project-V/Proj-5/Core/Inc/gpio.h_save
2024-11-08 17:28:32,230 [INFO] CodeEngine:279 - Generated code: /Users/mark/Documents/Courses/F24/Project-V/Proj-5/Core/Inc/gpio.h
2024-11-08 17:28:33,004 [INFO] CodeEngine:255 - oldGeneratedFile, /Users/mark/Documents/Courses/F24/Project-V/Proj-5/Core/Src/dma.c_save
2024-11-08 17:28:33,112 [INFO] CodeEngine:279 - Generated code: /Users/mark/Documents/Courses/F24/Project-V/Proj-5/Core/Src/dma.c
2024-11-08 17:28:33,115 [INFO] CodeEngine:255 - oldGeneratedFile, /Users/mark/Documents/Courses/F24/Project-V/Proj-5/Core/Inc/dma.h_save
2024-11-08 17:28:33,190 [INFO] CodeEngine:279 - Generated code: /Users/mark/Documents/Courses/F24/Project-V/Proj-5/Core/Inc/dma.h
2024-11-08 17:28:33,198 [INFO] CodeEngine:255 - oldGeneratedFile, /Users/mark/Documents/Courses/F24/Project-V/Proj-5/Core/Src/tim.c_save
2024-11-08 17:28:33,402 [INFO] CodeEngine:279 - Generated code: /Users/mark/Documents/Courses/F24/Project-V/Proj-5/Core/Src/tim.c
2024-11-08 17:28:33,406 [INFO] CodeEngine:255 - oldGeneratedFile, /Users/mark/Documents/Courses/F24/Project-V/Proj-5/Core/Inc/tim.h_save
2024-11-08 17:28:33,487 [INFO] CodeEngine:279 - Generated code: /Users/mark/Documents/Courses/F24/Project-V/Proj-5/Core/Inc/tim.h
2024-11-08 17:28:33,493 [INFO] CodeEngine:255 - oldGeneratedFile, /Users/mark/Documents/Courses/F24/Project-V/Proj-5/Core/Src/usart.c_save
2024-11-08 17:28:33,623 [INFO] CodeEngine:279 - Generated code: /Users/mark/Documents/Courses/F24/Project-V/Proj-5/Core/Src/usart.c
2024-11-08 17:28:33,626 [INFO] CodeEngine:255 - oldGeneratedFile, /Users/mark/Documents/Courses/F24/Project-V/Proj-5/Core/Inc/usart.h_save
2024-11-08 17:28:33,715 [INFO] CodeEngine:279 - Generated code: /Users/mark/Documents/Courses/F24/Project-V/Proj-5/Core/Inc/usart.h
2024-11-08 17:28:33,730 [INFO] CodeEngine:255 - oldGeneratedFile, /Users/mark/Documents/Courses/F24/Project-V/Proj-5/Core/Src/stm32f3xx_it.c_save
2024-11-08 17:28:33,964 [INFO] CodeEngine:279 - Generated code: /Users/mark/Documents/Courses/F24/Project-V/Proj-5/Core/Src/stm32f3xx_it.c
2024-11-08 17:28:33,968 [INFO] CodeEngine:255 - oldGeneratedFile, /Users/mark/Documents/Courses/F24/Project-V/Proj-5/Core/Inc/stm32f3xx_it.h_save
2024-11-08 17:28:34,162 [INFO] CodeEngine:279 - Generated code: /Users/mark/Documents/Courses/F24/Project-V/Proj-5/Core/Inc/stm32f3xx_it.h
2024-11-08 17:28:34,209 [INFO] CodeEngine:255 - oldGeneratedFile, /Users/mark/Documents/Courses/F24/Project-V/Proj-5/Core/Src/stm32f3xx_hal_msp.c_save
2024-11-08 17:28:34,459 [INFO] CodeEngine:279 - Generated code: /Users/mark/Documents/Courses/F24/Project-V/Proj-5/Core/Src/stm32f3xx_hal_msp.c
2024-11-08 17:28:34,478 [INFO] CodeEngine:255 - oldGeneratedFile, /Users/mark/Documents/Courses/F24/Project-V/Proj-5/MXTmpFiles/system.tmp_save
2024-11-08 17:28:34,605 [INFO] CodeEngine:279 - Generated code: /Users/mark/Documents/Courses/F24/Project-V/Proj-5/MXTmpFiles/system.tmp
2024-11-08 17:28:34,636 [INFO] CodeEngine:311 - oldGeneratedFile, /Users/mark/Documents/Courses/F24/Project-V/Proj-5/Core/Inc/stm32f3xx_hal_conf.h_save
2024-11-08 17:28:34,885 [INFO] CodeEngine:335 - Generated code: /Users/mark/Documents/Courses/F24/Project-V/Proj-5/Core/Inc/stm32f3xx_hal_conf.h
2024-11-08 17:28:35,234 [INFO] CodeEngine:255 - oldGeneratedFile, /Users/mark/Documents/Courses/F24/Project-V/Proj-5/Core/Inc/main.h_save
2024-11-08 17:28:35,456 [INFO] CodeEngine:279 - Generated code: /Users/mark/Documents/Courses/F24/Project-V/Proj-5/Core/Inc/main.h
2024-11-08 17:28:35,460 [INFO] CodeEngine:255 - oldGeneratedFile, /Users/mark/Documents/Courses/F24/Project-V/Proj-5/Core/Src/main.c_save
2024-11-08 17:28:35,599 [INFO] CodeEngine:279 - Generated code: /Users/mark/Documents/Courses/F24/Project-V/Proj-5/Core/Src/main.c
2024-11-08 17:28:35,946 [INFO] ProjectBuilder:3249 - Time for Copy HAL[1] : 91mS.
2024-11-08 17:28:35,953 [INFO] ProjectBuilder:4828 - Project Generator version: 4.5.0-B34
2024-11-08 17:28:36,064 [INFO] ConfigFileManager:1531 - The Die is : DIE446
2024-11-08 17:28:36,076 [INFO] ApiDbMcu:508 - Load IP Config File for FATFS
2024-11-08 17:28:36,085 [INFO] ApiDbMcu:508 - Load IP Config File for FREERTOS
2024-11-08 17:28:36,107 [INFO] ApiDbMcu:508 - Load IP Config File for TOUCHSENSING
2024-11-08 17:28:36,128 [INFO] ApiDbMcu:508 - Load IP Config File for USB_DEVICE
2024-11-08 17:28:38,042 [INFO] ProjectBuilder:5097 - Time for Generating toolchain IDE Files: 2088mS.
2024-11-08 17:28:38,043 [INFO] ProjectBuilder:3107 - Time for Copy CMSIS : 0mS.
2024-11-08 17:28:38,046 [INFO] ProjectBuilder:3107 - Time for Copy CMSIS : 0mS.
2024-11-08 17:31:50,841 [WARN] IP:2191 - AutoBaudRateEnableParam not found: check if there is a RefParameter without a condition.
2024-11-08 17:31:50,848 [WARN] IP:2191 - AutoBaudRateEnableParam not found: check if there is a RefParameter without a condition.
2024-11-08 17:31:51,265 [WARN] IP:2191 - AutoBaudRateEnableParam not found: check if there is a RefParameter without a condition.
2024-11-08 17:31:51,266 [WARN] IP:2191 - AutoBaudRateEnableParam not found: check if there is a RefParameter without a condition.
2024-11-08 17:51:44,636 [INFO] UtilMem:75 - End SaveConfig() Used Memory: 588182584 Bytes (901775360)
2024-11-08 17:51:45,016 [INFO] BlockDiagram:2766 - set Specific Code input for plugin: TIM1_8F3
2024-11-08 17:51:45,016 [INFO] BlockDiagram:2766 - set Specific Code input for plugin: SYS
2024-11-08 17:51:45,016 [INFO] BlockDiagram:2766 - set Specific Code input for plugin: RCC
2024-11-08 17:51:45,016 [INFO] BlockDiagram:2766 - set Specific Code input for plugin: NVIC
2024-11-08 17:51:45,016 [INFO] BlockDiagram:2766 - set Specific Code input for plugin: USART
2024-11-08 17:51:45,017 [INFO] BlockDiagram:2766 - set Specific Code input for plugin: DMA
2024-11-08 17:51:45,017 [INFO] BlockDiagram:2766 - set Specific Code input for plugin: TIM1_8F3
2024-11-08 17:51:45,017 [INFO] BlockDiagram:2766 - set Specific Code input for plugin: UART
2024-11-08 17:51:45,017 [INFO] BlockDiagram:2766 - set Specific Code input for plugin: GPIO
2024-11-08 17:51:45,018 [INFO] CodeGenerator:807 - code generatio: config db path: /Applications/STM32CubeIDE.app/Contents/Eclipse/plugins/com.st.stm32cube.common.mx_6.12.1.202409122256//db/
2024-11-08 17:51:45,137 [WARN] IP:2191 - AutoBaudRateEnableParam not found: check if there is a RefParameter without a condition.
2024-11-08 17:51:45,445 [INFO] Argument:325 - Argument : hdmavalue: null
2024-11-08 17:51:45,451 [INFO] Argument:327 - 	 sub Args: 
2024-11-08 17:51:45,451 [INFO] Argument:325 - Argument : Instancevalue: DMA2_Channel3
2024-11-08 17:51:45,451 [INFO] Argument:335 - Argument : Instancevalue: DMA2_Channel3
2024-11-08 17:51:45,452 [INFO] Argument:325 - Argument : Initvalue: null
2024-11-08 17:51:45,452 [INFO] Argument:327 - 	 sub Args: 
2024-11-08 17:51:45,452 [INFO] Argument:325 - Argument : Directionvalue: DMA_PERIPH_TO_MEMORY
2024-11-08 17:51:45,452 [INFO] Argument:335 - Argument : Directionvalue: DMA_PERIPH_TO_MEMORY
2024-11-08 17:51:45,452 [INFO] Argument:325 - Argument : PeriphIncvalue: DMA_PINC_DISABLE
2024-11-08 17:51:45,452 [INFO] Argument:335 - Argument : PeriphIncvalue: DMA_PINC_DISABLE
2024-11-08 17:51:45,452 [INFO] Argument:325 - Argument : MemIncvalue: DMA_MINC_ENABLE
2024-11-08 17:51:45,452 [INFO] Argument:335 - Argument : MemIncvalue: DMA_MINC_ENABLE
2024-11-08 17:51:45,452 [INFO] Argument:325 - Argument : PeriphDataAlignmentvalue: DMA_PDATAALIGN_BYTE
2024-11-08 17:51:45,452 [INFO] Argument:335 - Argument : PeriphDataAlignmentvalue: DMA_PDATAALIGN_BYTE
2024-11-08 17:51:45,452 [INFO] Argument:325 - Argument : MemDataAlignmentvalue: DMA_MDATAALIGN_BYTE
2024-11-08 17:51:45,452 [INFO] Argument:335 - Argument : MemDataAlignmentvalue: DMA_MDATAALIGN_BYTE
2024-11-08 17:51:45,452 [INFO] Argument:325 - Argument : Modevalue: DMA_NORMAL
2024-11-08 17:51:45,452 [INFO] Argument:335 - Argument : Modevalue: DMA_NORMAL
2024-11-08 17:51:45,452 [INFO] Argument:325 - Argument : Priorityvalue: DMA_PRIORITY_LOW
2024-11-08 17:51:45,452 [INFO] Argument:335 - Argument : Priorityvalue: DMA_PRIORITY_LOW
2024-11-08 17:51:45,452 [INFO] Argument:325 - Argument : Lockvalue: null
2024-11-08 17:51:45,452 [INFO] Argument:335 - Argument : Lockvalue: null
2024-11-08 17:51:45,452 [INFO] Argument:325 - Argument : Statevalue: null
2024-11-08 17:51:45,452 [INFO] Argument:335 - Argument : Statevalue: null
2024-11-08 17:51:45,452 [INFO] Argument:325 - Argument : Parentvalue: null
2024-11-08 17:51:45,452 [INFO] Argument:335 - Argument : Parentvalue: null
2024-11-08 17:51:45,452 [INFO] Argument:325 - Argument : XferCpltCallbackvalue: null
2024-11-08 17:51:45,452 [INFO] Argument:335 - Argument : XferCpltCallbackvalue: null
2024-11-08 17:51:45,452 [INFO] Argument:325 - Argument : XferHalfCpltCallbackvalue: null
2024-11-08 17:51:45,452 [INFO] Argument:335 - Argument : XferHalfCpltCallbackvalue: null
2024-11-08 17:51:45,453 [INFO] Argument:325 - Argument : XferErrorCallbackvalue: null
2024-11-08 17:51:45,453 [INFO] Argument:335 - Argument : XferErrorCallbackvalue: null
2024-11-08 17:51:45,453 [INFO] Argument:325 - Argument : ErrorCodevalue: null
2024-11-08 17:51:45,453 [INFO] Argument:335 - Argument : ErrorCodevalue: null
2024-11-08 17:51:45,453 [INFO] Argument:325 - Argument : DMA_Remapvalue: null
2024-11-08 17:51:45,453 [INFO] Argument:335 - Argument : DMA_Remapvalue: null
2024-11-08 17:51:45,465 [INFO] Argument:325 - Argument : hdmavalue: null
2024-11-08 17:51:45,467 [INFO] Argument:327 - 	 sub Args: 
2024-11-08 17:51:45,471 [INFO] Argument:325 - Argument : Instancevalue: DMA1_Channel6
2024-11-08 17:51:45,471 [INFO] Argument:335 - Argument : Instancevalue: DMA1_Channel6
2024-11-08 17:51:45,471 [INFO] Argument:325 - Argument : Initvalue: null
2024-11-08 17:51:45,471 [INFO] Argument:327 - 	 sub Args: 
2024-11-08 17:51:45,471 [INFO] Argument:325 - Argument : Directionvalue: DMA_PERIPH_TO_MEMORY
2024-11-08 17:51:45,471 [INFO] Argument:335 - Argument : Directionvalue: DMA_PERIPH_TO_MEMORY
2024-11-08 17:51:45,471 [INFO] Argument:325 - Argument : PeriphIncvalue: DMA_PINC_DISABLE
2024-11-08 17:51:45,471 [INFO] Argument:335 - Argument : PeriphIncvalue: DMA_PINC_DISABLE
2024-11-08 17:51:45,471 [INFO] Argument:325 - Argument : MemIncvalue: DMA_MINC_ENABLE
2024-11-08 17:51:45,471 [INFO] Argument:335 - Argument : MemIncvalue: DMA_MINC_ENABLE
2024-11-08 17:51:45,471 [INFO] Argument:325 - Argument : PeriphDataAlignmentvalue: DMA_PDATAALIGN_BYTE
2024-11-08 17:51:45,471 [INFO] Argument:335 - Argument : PeriphDataAlignmentvalue: DMA_PDATAALIGN_BYTE
2024-11-08 17:51:45,471 [INFO] Argument:325 - Argument : MemDataAlignmentvalue: DMA_MDATAALIGN_BYTE
2024-11-08 17:51:45,471 [INFO] Argument:335 - Argument : MemDataAlignmentvalue: DMA_MDATAALIGN_BYTE
2024-11-08 17:51:45,471 [INFO] Argument:325 - Argument : Modevalue: DMA_NORMAL
2024-11-08 17:51:45,471 [INFO] Argument:335 - Argument : Modevalue: DMA_NORMAL
2024-11-08 17:51:45,471 [INFO] Argument:325 - Argument : Priorityvalue: DMA_PRIORITY_LOW
2024-11-08 17:51:45,471 [INFO] Argument:335 - Argument : Priorityvalue: DMA_PRIORITY_LOW
2024-11-08 17:51:45,472 [INFO] Argument:325 - Argument : Lockvalue: null
2024-11-08 17:51:45,472 [INFO] Argument:335 - Argument : Lockvalue: null
2024-11-08 17:51:45,472 [INFO] Argument:325 - Argument : Statevalue: null
2024-11-08 17:51:45,472 [INFO] Argument:335 - Argument : Statevalue: null
2024-11-08 17:51:45,472 [INFO] Argument:325 - Argument : Parentvalue: null
2024-11-08 17:51:45,472 [INFO] Argument:335 - Argument : Parentvalue: null
2024-11-08 17:51:45,472 [INFO] Argument:325 - Argument : XferCpltCallbackvalue: null
2024-11-08 17:51:45,472 [INFO] Argument:335 - Argument : XferCpltCallbackvalue: null
2024-11-08 17:51:45,472 [INFO] Argument:325 - Argument : XferHalfCpltCallbackvalue: null
2024-11-08 17:51:45,472 [INFO] Argument:335 - Argument : XferHalfCpltCallbackvalue: null
2024-11-08 17:51:45,472 [INFO] Argument:325 - Argument : XferErrorCallbackvalue: null
2024-11-08 17:51:45,472 [INFO] Argument:335 - Argument : XferErrorCallbackvalue: null
2024-11-08 17:51:45,472 [INFO] Argument:325 - Argument : ErrorCodevalue: null
2024-11-08 17:51:45,472 [INFO] Argument:335 - Argument : ErrorCodevalue: null
2024-11-08 17:51:45,472 [INFO] Argument:325 - Argument : DMA_Remapvalue: null
2024-11-08 17:51:45,472 [INFO] Argument:335 - Argument : DMA_Remapvalue: null
2024-11-08 17:51:45,473 [INFO] Argument:325 - Argument : hdmavalue: null
2024-11-08 17:51:45,473 [INFO] Argument:327 - 	 sub Args: 
2024-11-08 17:51:45,473 [INFO] Argument:325 - Argument : Instancevalue: DMA1_Channel7
2024-11-08 17:51:45,473 [INFO] Argument:335 - Argument : Instancevalue: DMA1_Channel7
2024-11-08 17:51:45,473 [INFO] Argument:325 - Argument : Initvalue: null
2024-11-08 17:51:45,473 [INFO] Argument:327 - 	 sub Args: 
2024-11-08 17:51:45,473 [INFO] Argument:325 - Argument : Directionvalue: DMA_MEMORY_TO_PERIPH
2024-11-08 17:51:45,473 [INFO] Argument:335 - Argument : Directionvalue: DMA_MEMORY_TO_PERIPH
2024-11-08 17:51:45,473 [INFO] Argument:325 - Argument : PeriphIncvalue: DMA_PINC_DISABLE
2024-11-08 17:51:45,473 [INFO] Argument:335 - Argument : PeriphIncvalue: DMA_PINC_DISABLE
2024-11-08 17:51:45,474 [INFO] Argument:325 - Argument : MemIncvalue: DMA_MINC_ENABLE
2024-11-08 17:51:45,474 [INFO] Argument:335 - Argument : MemIncvalue: DMA_MINC_ENABLE
2024-11-08 17:51:45,474 [INFO] Argument:325 - Argument : PeriphDataAlignmentvalue: DMA_PDATAALIGN_BYTE
2024-11-08 17:51:45,474 [INFO] Argument:335 - Argument : PeriphDataAlignmentvalue: DMA_PDATAALIGN_BYTE
2024-11-08 17:51:45,474 [INFO] Argument:325 - Argument : MemDataAlignmentvalue: DMA_MDATAALIGN_BYTE
2024-11-08 17:51:45,474 [INFO] Argument:335 - Argument : MemDataAlignmentvalue: DMA_MDATAALIGN_BYTE
2024-11-08 17:51:45,474 [INFO] Argument:325 - Argument : Modevalue: DMA_NORMAL
2024-11-08 17:51:45,474 [INFO] Argument:335 - Argument : Modevalue: DMA_NORMAL
2024-11-08 17:51:45,474 [INFO] Argument:325 - Argument : Priorityvalue: DMA_PRIORITY_LOW
2024-11-08 17:51:45,474 [INFO] Argument:335 - Argument : Priorityvalue: DMA_PRIORITY_LOW
2024-11-08 17:51:45,475 [INFO] Argument:325 - Argument : Lockvalue: null
2024-11-08 17:51:45,475 [INFO] Argument:335 - Argument : Lockvalue: null
2024-11-08 17:51:45,475 [INFO] Argument:325 - Argument : Statevalue: null
2024-11-08 17:51:45,475 [INFO] Argument:335 - Argument : Statevalue: null
2024-11-08 17:51:45,475 [INFO] Argument:325 - Argument : Parentvalue: null
2024-11-08 17:51:45,475 [INFO] Argument:335 - Argument : Parentvalue: null
2024-11-08 17:51:45,475 [INFO] Argument:325 - Argument : XferCpltCallbackvalue: null
2024-11-08 17:51:45,475 [INFO] Argument:335 - Argument : XferCpltCallbackvalue: null
2024-11-08 17:51:45,475 [INFO] Argument:325 - Argument : XferHalfCpltCallbackvalue: null
2024-11-08 17:51:45,475 [INFO] Argument:335 - Argument : XferHalfCpltCallbackvalue: null
2024-11-08 17:51:45,475 [INFO] Argument:325 - Argument : XferErrorCallbackvalue: null
2024-11-08 17:51:45,475 [INFO] Argument:335 - Argument : XferErrorCallbackvalue: null
2024-11-08 17:51:45,475 [INFO] Argument:325 - Argument : ErrorCodevalue: null
2024-11-08 17:51:45,475 [INFO] Argument:335 - Argument : ErrorCodevalue: null
2024-11-08 17:51:45,475 [INFO] Argument:325 - Argument : DMA_Remapvalue: null
2024-11-08 17:51:45,475 [INFO] Argument:335 - Argument : DMA_Remapvalue: null
2024-11-08 17:51:45,641 [INFO] CodeEngine:255 - oldGeneratedFile, /Users/mark/Documents/Courses/F24/Project-V/Proj-5/MXTmpFiles/license.tmp_save
2024-11-08 17:51:45,867 [INFO] CodeEngine:279 - Generated code: /Users/mark/Documents/Courses/F24/Project-V/Proj-5/MXTmpFiles/license.tmp
2024-11-08 17:51:45,980 [INFO] CodeEngine:255 - oldGeneratedFile, /Users/mark/Documents/Courses/F24/Project-V/Proj-5/Core/Src/gpio.c_save
2024-11-08 17:51:46,122 [INFO] CodeEngine:279 - Generated code: /Users/mark/Documents/Courses/F24/Project-V/Proj-5/Core/Src/gpio.c
2024-11-08 17:51:46,124 [INFO] CodeEngine:255 - oldGeneratedFile, /Users/mark/Documents/Courses/F24/Project-V/Proj-5/Core/Inc/gpio.h_save
2024-11-08 17:51:46,210 [INFO] CodeEngine:279 - Generated code: /Users/mark/Documents/Courses/F24/Project-V/Proj-5/Core/Inc/gpio.h
2024-11-08 17:51:46,967 [INFO] CodeEngine:255 - oldGeneratedFile, /Users/mark/Documents/Courses/F24/Project-V/Proj-5/Core/Src/dma.c_save
2024-11-08 17:51:47,048 [INFO] CodeEngine:279 - Generated code: /Users/mark/Documents/Courses/F24/Project-V/Proj-5/Core/Src/dma.c
2024-11-08 17:51:47,050 [INFO] CodeEngine:255 - oldGeneratedFile, /Users/mark/Documents/Courses/F24/Project-V/Proj-5/Core/Inc/dma.h_save
2024-11-08 17:51:47,130 [INFO] CodeEngine:279 - Generated code: /Users/mark/Documents/Courses/F24/Project-V/Proj-5/Core/Inc/dma.h
2024-11-08 17:51:47,135 [INFO] CodeEngine:255 - oldGeneratedFile, /Users/mark/Documents/Courses/F24/Project-V/Proj-5/Core/Src/tim.c_save
2024-11-08 17:51:47,336 [INFO] CodeEngine:279 - Generated code: /Users/mark/Documents/Courses/F24/Project-V/Proj-5/Core/Src/tim.c
2024-11-08 17:51:47,341 [INFO] CodeEngine:255 - oldGeneratedFile, /Users/mark/Documents/Courses/F24/Project-V/Proj-5/Core/Inc/tim.h_save
2024-11-08 17:51:47,422 [INFO] CodeEngine:279 - Generated code: /Users/mark/Documents/Courses/F24/Project-V/Proj-5/Core/Inc/tim.h
2024-11-08 17:51:47,428 [INFO] CodeEngine:255 - oldGeneratedFile, /Users/mark/Documents/Courses/F24/Project-V/Proj-5/Core/Src/usart.c_save
2024-11-08 17:51:47,550 [INFO] CodeEngine:279 - Generated code: /Users/mark/Documents/Courses/F24/Project-V/Proj-5/Core/Src/usart.c
2024-11-08 17:51:47,552 [INFO] CodeEngine:255 - oldGeneratedFile, /Users/mark/Documents/Courses/F24/Project-V/Proj-5/Core/Inc/usart.h_save
2024-11-08 17:51:47,651 [INFO] CodeEngine:279 - Generated code: /Users/mark/Documents/Courses/F24/Project-V/Proj-5/Core/Inc/usart.h
2024-11-08 17:51:47,663 [INFO] CodeEngine:255 - oldGeneratedFile, /Users/mark/Documents/Courses/F24/Project-V/Proj-5/Core/Src/stm32f3xx_it.c_save
2024-11-08 17:51:47,834 [INFO] CodeEngine:279 - Generated code: /Users/mark/Documents/Courses/F24/Project-V/Proj-5/Core/Src/stm32f3xx_it.c
2024-11-08 17:51:47,836 [INFO] CodeEngine:255 - oldGeneratedFile, /Users/mark/Documents/Courses/F24/Project-V/Proj-5/Core/Inc/stm32f3xx_it.h_save
2024-11-08 17:51:47,915 [INFO] CodeEngine:279 - Generated code: /Users/mark/Documents/Courses/F24/Project-V/Proj-5/Core/Inc/stm32f3xx_it.h
2024-11-08 17:51:47,924 [INFO] CodeEngine:255 - oldGeneratedFile, /Users/mark/Documents/Courses/F24/Project-V/Proj-5/Core/Src/stm32f3xx_hal_msp.c_save
2024-11-08 17:51:48,037 [INFO] CodeEngine:279 - Generated code: /Users/mark/Documents/Courses/F24/Project-V/Proj-5/Core/Src/stm32f3xx_hal_msp.c
2024-11-08 17:51:48,039 [INFO] CodeEngine:255 - oldGeneratedFile, /Users/mark/Documents/Courses/F24/Project-V/Proj-5/MXTmpFiles/system.tmp_save
2024-11-08 17:51:48,114 [INFO] CodeEngine:279 - Generated code: /Users/mark/Documents/Courses/F24/Project-V/Proj-5/MXTmpFiles/system.tmp
2024-11-08 17:51:48,125 [INFO] CodeEngine:311 - oldGeneratedFile, /Users/mark/Documents/Courses/F24/Project-V/Proj-5/Core/Inc/stm32f3xx_hal_conf.h_save
2024-11-08 17:51:48,208 [INFO] CodeEngine:335 - Generated code: /Users/mark/Documents/Courses/F24/Project-V/Proj-5/Core/Inc/stm32f3xx_hal_conf.h
2024-11-08 17:51:48,254 [INFO] CodeEngine:255 - oldGeneratedFile, /Users/mark/Documents/Courses/F24/Project-V/Proj-5/Core/Inc/main.h_save
2024-11-08 17:51:48,360 [INFO] CodeEngine:279 - Generated code: /Users/mark/Documents/Courses/F24/Project-V/Proj-5/Core/Inc/main.h
2024-11-08 17:51:48,363 [INFO] CodeEngine:255 - oldGeneratedFile, /Users/mark/Documents/Courses/F24/Project-V/Proj-5/Core/Src/main.c_save
2024-11-08 17:51:48,487 [INFO] CodeEngine:279 - Generated code: /Users/mark/Documents/Courses/F24/Project-V/Proj-5/Core/Src/main.c
2024-11-08 17:51:48,797 [INFO] ProjectBuilder:3249 - Time for Copy HAL[1] : 93mS.
2024-11-08 17:51:48,801 [INFO] ProjectBuilder:4828 - Project Generator version: 4.5.0-B34
2024-11-08 17:51:48,911 [INFO] ConfigFileManager:1531 - The Die is : DIE446
2024-11-08 17:51:50,600 [INFO] ProjectBuilder:5097 - Time for Generating toolchain IDE Files: 1798mS.
2024-11-08 17:51:50,601 [INFO] ProjectBuilder:3107 - Time for Copy CMSIS : 1mS.
2024-11-08 17:51:50,603 [INFO] ProjectBuilder:3107 - Time for Copy CMSIS : 0mS.
2024-11-08 18:13:24,623 [INFO] NvicIntPanel:101 - NVIC parent = com.st.microxplorer.plugins.ip.nvic.MultiNvicIntPanel[,0,0,0x0,invalid,layout=javax.swing.BoxLayout,alignmentX=0.0,alignmentY=0.0,border=,flags=9,maximumSize=,minimumSize=,preferredSize=]
2024-11-08 18:13:39,998 [INFO] UtilMem:75 - End SaveConfig() Used Memory: 542348712 Bytes (901775360)
2024-11-08 18:13:41,405 [INFO] UtilMem:75 - End SaveConfig() Used Memory: 635671976 Bytes (901775360)
2024-11-08 18:13:41,643 [INFO] BlockDiagram:2766 - set Specific Code input for plugin: TIM1_8F3
2024-11-08 18:13:41,643 [INFO] BlockDiagram:2766 - set Specific Code input for plugin: SYS
2024-11-08 18:13:41,643 [INFO] BlockDiagram:2766 - set Specific Code input for plugin: RCC
2024-11-08 18:13:41,643 [INFO] BlockDiagram:2766 - set Specific Code input for plugin: NVIC
2024-11-08 18:13:41,643 [INFO] BlockDiagram:2766 - set Specific Code input for plugin: USART
2024-11-08 18:13:41,643 [INFO] BlockDiagram:2766 - set Specific Code input for plugin: DMA
2024-11-08 18:13:41,643 [INFO] BlockDiagram:2766 - set Specific Code input for plugin: TIM1_8F3
2024-11-08 18:13:41,643 [INFO] BlockDiagram:2766 - set Specific Code input for plugin: UART
2024-11-08 18:13:41,644 [INFO] BlockDiagram:2766 - set Specific Code input for plugin: GPIO
2024-11-08 18:13:41,645 [INFO] CodeGenerator:807 - code generatio: config db path: /Applications/STM32CubeIDE.app/Contents/Eclipse/plugins/com.st.stm32cube.common.mx_6.12.1.202409122256//db/
2024-11-08 18:13:41,698 [WARN] IP:2191 - AutoBaudRateEnableParam not found: check if there is a RefParameter without a condition.
2024-11-08 18:13:41,702 [INFO] Argument:325 - Argument : hdmavalue: null
2024-11-08 18:13:41,703 [INFO] Argument:327 - 	 sub Args: 
2024-11-08 18:13:41,703 [INFO] Argument:325 - Argument : Instancevalue: DMA2_Channel3
2024-11-08 18:13:41,703 [INFO] Argument:335 - Argument : Instancevalue: DMA2_Channel3
2024-11-08 18:13:41,703 [INFO] Argument:325 - Argument : Initvalue: null
2024-11-08 18:13:41,703 [INFO] Argument:327 - 	 sub Args: 
2024-11-08 18:13:41,703 [INFO] Argument:325 - Argument : Directionvalue: DMA_PERIPH_TO_MEMORY
2024-11-08 18:13:41,703 [INFO] Argument:335 - Argument : Directionvalue: DMA_PERIPH_TO_MEMORY
2024-11-08 18:13:41,703 [INFO] Argument:325 - Argument : PeriphIncvalue: DMA_PINC_DISABLE
2024-11-08 18:13:41,703 [INFO] Argument:335 - Argument : PeriphIncvalue: DMA_PINC_DISABLE
2024-11-08 18:13:41,703 [INFO] Argument:325 - Argument : MemIncvalue: DMA_MINC_ENABLE
2024-11-08 18:13:41,703 [INFO] Argument:335 - Argument : MemIncvalue: DMA_MINC_ENABLE
2024-11-08 18:13:41,703 [INFO] Argument:325 - Argument : PeriphDataAlignmentvalue: DMA_PDATAALIGN_BYTE
2024-11-08 18:13:41,703 [INFO] Argument:335 - Argument : PeriphDataAlignmentvalue: DMA_PDATAALIGN_BYTE
2024-11-08 18:13:41,703 [INFO] Argument:325 - Argument : MemDataAlignmentvalue: DMA_MDATAALIGN_BYTE
2024-11-08 18:13:41,703 [INFO] Argument:335 - Argument : MemDataAlignmentvalue: DMA_MDATAALIGN_BYTE
2024-11-08 18:13:41,703 [INFO] Argument:325 - Argument : Modevalue: DMA_NORMAL
2024-11-08 18:13:41,703 [INFO] Argument:335 - Argument : Modevalue: DMA_NORMAL
2024-11-08 18:13:41,703 [INFO] Argument:325 - Argument : Priorityvalue: DMA_PRIORITY_LOW
2024-11-08 18:13:41,703 [INFO] Argument:335 - Argument : Priorityvalue: DMA_PRIORITY_LOW
2024-11-08 18:13:41,703 [INFO] Argument:325 - Argument : Lockvalue: null
2024-11-08 18:13:41,703 [INFO] Argument:335 - Argument : Lockvalue: null
2024-11-08 18:13:41,703 [INFO] Argument:325 - Argument : Statevalue: null
2024-11-08 18:13:41,703 [INFO] Argument:335 - Argument : Statevalue: null
2024-11-08 18:13:41,703 [INFO] Argument:325 - Argument : Parentvalue: null
2024-11-08 18:13:41,703 [INFO] Argument:335 - Argument : Parentvalue: null
2024-11-08 18:13:41,703 [INFO] Argument:325 - Argument : XferCpltCallbackvalue: null
2024-11-08 18:13:41,703 [INFO] Argument:335 - Argument : XferCpltCallbackvalue: null
2024-11-08 18:13:41,703 [INFO] Argument:325 - Argument : XferHalfCpltCallbackvalue: null
2024-11-08 18:13:41,703 [INFO] Argument:335 - Argument : XferHalfCpltCallbackvalue: null
2024-11-08 18:13:41,704 [INFO] Argument:325 - Argument : XferErrorCallbackvalue: null
2024-11-08 18:13:41,704 [INFO] Argument:335 - Argument : XferErrorCallbackvalue: null
2024-11-08 18:13:41,704 [INFO] Argument:325 - Argument : ErrorCodevalue: null
2024-11-08 18:13:41,704 [INFO] Argument:335 - Argument : ErrorCodevalue: null
2024-11-08 18:13:41,704 [INFO] Argument:325 - Argument : DMA_Remapvalue: null
2024-11-08 18:13:41,704 [INFO] Argument:335 - Argument : DMA_Remapvalue: null
2024-11-08 18:13:41,711 [INFO] Argument:325 - Argument : hdmavalue: null
2024-11-08 18:13:41,711 [INFO] Argument:327 - 	 sub Args: 
2024-11-08 18:13:41,711 [INFO] Argument:325 - Argument : Instancevalue: DMA1_Channel6
2024-11-08 18:13:41,711 [INFO] Argument:335 - Argument : Instancevalue: DMA1_Channel6
2024-11-08 18:13:41,711 [INFO] Argument:325 - Argument : Initvalue: null
2024-11-08 18:13:41,711 [INFO] Argument:327 - 	 sub Args: 
2024-11-08 18:13:41,711 [INFO] Argument:325 - Argument : Directionvalue: DMA_PERIPH_TO_MEMORY
2024-11-08 18:13:41,711 [INFO] Argument:335 - Argument : Directionvalue: DMA_PERIPH_TO_MEMORY
2024-11-08 18:13:41,711 [INFO] Argument:325 - Argument : PeriphIncvalue: DMA_PINC_DISABLE
2024-11-08 18:13:41,711 [INFO] Argument:335 - Argument : PeriphIncvalue: DMA_PINC_DISABLE
2024-11-08 18:13:41,711 [INFO] Argument:325 - Argument : MemIncvalue: DMA_MINC_ENABLE
2024-11-08 18:13:41,711 [INFO] Argument:335 - Argument : MemIncvalue: DMA_MINC_ENABLE
2024-11-08 18:13:41,711 [INFO] Argument:325 - Argument : PeriphDataAlignmentvalue: DMA_PDATAALIGN_BYTE
2024-11-08 18:13:41,711 [INFO] Argument:335 - Argument : PeriphDataAlignmentvalue: DMA_PDATAALIGN_BYTE
2024-11-08 18:13:41,711 [INFO] Argument:325 - Argument : MemDataAlignmentvalue: DMA_MDATAALIGN_BYTE
2024-11-08 18:13:41,711 [INFO] Argument:335 - Argument : MemDataAlignmentvalue: DMA_MDATAALIGN_BYTE
2024-11-08 18:13:41,711 [INFO] Argument:325 - Argument : Modevalue: DMA_NORMAL
2024-11-08 18:13:41,711 [INFO] Argument:335 - Argument : Modevalue: DMA_NORMAL
2024-11-08 18:13:41,711 [INFO] Argument:325 - Argument : Priorityvalue: DMA_PRIORITY_LOW
2024-11-08 18:13:41,711 [INFO] Argument:335 - Argument : Priorityvalue: DMA_PRIORITY_LOW
2024-11-08 18:13:41,711 [INFO] Argument:325 - Argument : Lockvalue: null
2024-11-08 18:13:41,711 [INFO] Argument:335 - Argument : Lockvalue: null
2024-11-08 18:13:41,711 [INFO] Argument:325 - Argument : Statevalue: null
2024-11-08 18:13:41,711 [INFO] Argument:335 - Argument : Statevalue: null
2024-11-08 18:13:41,711 [INFO] Argument:325 - Argument : Parentvalue: null
2024-11-08 18:13:41,711 [INFO] Argument:335 - Argument : Parentvalue: null
2024-11-08 18:13:41,711 [INFO] Argument:325 - Argument : XferCpltCallbackvalue: null
2024-11-08 18:13:41,711 [INFO] Argument:335 - Argument : XferCpltCallbackvalue: null
2024-11-08 18:13:41,712 [INFO] Argument:325 - Argument : XferHalfCpltCallbackvalue: null
2024-11-08 18:13:41,712 [INFO] Argument:335 - Argument : XferHalfCpltCallbackvalue: null
2024-11-08 18:13:41,712 [INFO] Argument:325 - Argument : XferErrorCallbackvalue: null
2024-11-08 18:13:41,712 [INFO] Argument:335 - Argument : XferErrorCallbackvalue: null
2024-11-08 18:13:41,712 [INFO] Argument:325 - Argument : ErrorCodevalue: null
2024-11-08 18:13:41,712 [INFO] Argument:335 - Argument : ErrorCodevalue: null
2024-11-08 18:13:41,712 [INFO] Argument:325 - Argument : DMA_Remapvalue: null
2024-11-08 18:13:41,712 [INFO] Argument:335 - Argument : DMA_Remapvalue: null
2024-11-08 18:13:41,714 [INFO] Argument:325 - Argument : hdmavalue: null
2024-11-08 18:13:41,714 [INFO] Argument:327 - 	 sub Args: 
2024-11-08 18:13:41,714 [INFO] Argument:325 - Argument : Instancevalue: DMA1_Channel7
2024-11-08 18:13:41,714 [INFO] Argument:335 - Argument : Instancevalue: DMA1_Channel7
2024-11-08 18:13:41,714 [INFO] Argument:325 - Argument : Initvalue: null
2024-11-08 18:13:41,714 [INFO] Argument:327 - 	 sub Args: 
2024-11-08 18:13:41,714 [INFO] Argument:325 - Argument : Directionvalue: DMA_MEMORY_TO_PERIPH
2024-11-08 18:13:41,714 [INFO] Argument:335 - Argument : Directionvalue: DMA_MEMORY_TO_PERIPH
2024-11-08 18:13:41,714 [INFO] Argument:325 - Argument : PeriphIncvalue: DMA_PINC_DISABLE
2024-11-08 18:13:41,714 [INFO] Argument:335 - Argument : PeriphIncvalue: DMA_PINC_DISABLE
2024-11-08 18:13:41,714 [INFO] Argument:325 - Argument : MemIncvalue: DMA_MINC_ENABLE
2024-11-08 18:13:41,714 [INFO] Argument:335 - Argument : MemIncvalue: DMA_MINC_ENABLE
2024-11-08 18:13:41,714 [INFO] Argument:325 - Argument : PeriphDataAlignmentvalue: DMA_PDATAALIGN_BYTE
2024-11-08 18:13:41,714 [INFO] Argument:335 - Argument : PeriphDataAlignmentvalue: DMA_PDATAALIGN_BYTE
2024-11-08 18:13:41,714 [INFO] Argument:325 - Argument : MemDataAlignmentvalue: DMA_MDATAALIGN_BYTE
2024-11-08 18:13:41,714 [INFO] Argument:335 - Argument : MemDataAlignmentvalue: DMA_MDATAALIGN_BYTE
2024-11-08 18:13:41,714 [INFO] Argument:325 - Argument : Modevalue: DMA_NORMAL
2024-11-08 18:13:41,714 [INFO] Argument:335 - Argument : Modevalue: DMA_NORMAL
2024-11-08 18:13:41,714 [INFO] Argument:325 - Argument : Priorityvalue: DMA_PRIORITY_LOW
2024-11-08 18:13:41,714 [INFO] Argument:335 - Argument : Priorityvalue: DMA_PRIORITY_LOW
2024-11-08 18:13:41,714 [INFO] Argument:325 - Argument : Lockvalue: null
2024-11-08 18:13:41,715 [INFO] Argument:335 - Argument : Lockvalue: null
2024-11-08 18:13:41,715 [INFO] Argument:325 - Argument : Statevalue: null
2024-11-08 18:13:41,715 [INFO] Argument:335 - Argument : Statevalue: null
2024-11-08 18:13:41,715 [INFO] Argument:325 - Argument : Parentvalue: null
2024-11-08 18:13:41,715 [INFO] Argument:335 - Argument : Parentvalue: null
2024-11-08 18:13:41,715 [INFO] Argument:325 - Argument : XferCpltCallbackvalue: null
2024-11-08 18:13:41,715 [INFO] Argument:335 - Argument : XferCpltCallbackvalue: null
2024-11-08 18:13:41,715 [INFO] Argument:325 - Argument : XferHalfCpltCallbackvalue: null
2024-11-08 18:13:41,715 [INFO] Argument:335 - Argument : XferHalfCpltCallbackvalue: null
2024-11-08 18:13:41,715 [INFO] Argument:325 - Argument : XferErrorCallbackvalue: null
2024-11-08 18:13:41,715 [INFO] Argument:335 - Argument : XferErrorCallbackvalue: null
2024-11-08 18:13:41,715 [INFO] Argument:325 - Argument : ErrorCodevalue: null
2024-11-08 18:13:41,715 [INFO] Argument:335 - Argument : ErrorCodevalue: null
2024-11-08 18:13:41,715 [INFO] Argument:325 - Argument : DMA_Remapvalue: null
2024-11-08 18:13:41,715 [INFO] Argument:335 - Argument : DMA_Remapvalue: null
2024-11-08 18:13:42,041 [INFO] CodeEngine:255 - oldGeneratedFile, /Users/mark/Documents/Courses/F24/Project-V/Proj-5/MXTmpFiles/license.tmp_save
2024-11-08 18:13:42,258 [INFO] CodeEngine:279 - Generated code: /Users/mark/Documents/Courses/F24/Project-V/Proj-5/MXTmpFiles/license.tmp
2024-11-08 18:13:42,395 [INFO] CodeEngine:255 - oldGeneratedFile, /Users/mark/Documents/Courses/F24/Project-V/Proj-5/Core/Src/gpio.c_save
2024-11-08 18:13:42,517 [INFO] CodeEngine:279 - Generated code: /Users/mark/Documents/Courses/F24/Project-V/Proj-5/Core/Src/gpio.c
2024-11-08 18:13:42,520 [INFO] CodeEngine:255 - oldGeneratedFile, /Users/mark/Documents/Courses/F24/Project-V/Proj-5/Core/Inc/gpio.h_save
2024-11-08 18:13:42,605 [INFO] CodeEngine:279 - Generated code: /Users/mark/Documents/Courses/F24/Project-V/Proj-5/Core/Inc/gpio.h
2024-11-08 18:13:43,320 [INFO] CodeEngine:255 - oldGeneratedFile, /Users/mark/Documents/Courses/F24/Project-V/Proj-5/Core/Src/dma.c_save
2024-11-08 18:13:43,417 [INFO] CodeEngine:279 - Generated code: /Users/mark/Documents/Courses/F24/Project-V/Proj-5/Core/Src/dma.c
2024-11-08 18:13:43,419 [INFO] CodeEngine:255 - oldGeneratedFile, /Users/mark/Documents/Courses/F24/Project-V/Proj-5/Core/Inc/dma.h_save
2024-11-08 18:13:43,511 [INFO] CodeEngine:279 - Generated code: /Users/mark/Documents/Courses/F24/Project-V/Proj-5/Core/Inc/dma.h
2024-11-08 18:13:43,516 [INFO] CodeEngine:255 - oldGeneratedFile, /Users/mark/Documents/Courses/F24/Project-V/Proj-5/Core/Src/tim.c_save
2024-11-08 18:13:43,791 [INFO] CodeEngine:279 - Generated code: /Users/mark/Documents/Courses/F24/Project-V/Proj-5/Core/Src/tim.c
2024-11-08 18:13:43,799 [INFO] CodeEngine:255 - oldGeneratedFile, /Users/mark/Documents/Courses/F24/Project-V/Proj-5/Core/Inc/tim.h_save
2024-11-08 18:13:43,927 [INFO] CodeEngine:279 - Generated code: /Users/mark/Documents/Courses/F24/Project-V/Proj-5/Core/Inc/tim.h
2024-11-08 18:13:43,938 [INFO] CodeEngine:255 - oldGeneratedFile, /Users/mark/Documents/Courses/F24/Project-V/Proj-5/Core/Src/usart.c_save
2024-11-08 18:13:44,091 [INFO] CodeEngine:279 - Generated code: /Users/mark/Documents/Courses/F24/Project-V/Proj-5/Core/Src/usart.c
2024-11-08 18:13:44,093 [INFO] CodeEngine:255 - oldGeneratedFile, /Users/mark/Documents/Courses/F24/Project-V/Proj-5/Core/Inc/usart.h_save
2024-11-08 18:13:44,190 [INFO] CodeEngine:279 - Generated code: /Users/mark/Documents/Courses/F24/Project-V/Proj-5/Core/Inc/usart.h
2024-11-08 18:13:44,199 [INFO] CodeEngine:255 - oldGeneratedFile, /Users/mark/Documents/Courses/F24/Project-V/Proj-5/Core/Src/stm32f3xx_it.c_save
2024-11-08 18:13:44,372 [INFO] CodeEngine:279 - Generated code: /Users/mark/Documents/Courses/F24/Project-V/Proj-5/Core/Src/stm32f3xx_it.c
2024-11-08 18:13:44,375 [INFO] CodeEngine:255 - oldGeneratedFile, /Users/mark/Documents/Courses/F24/Project-V/Proj-5/Core/Inc/stm32f3xx_it.h_save
2024-11-08 18:13:44,450 [INFO] CodeEngine:279 - Generated code: /Users/mark/Documents/Courses/F24/Project-V/Proj-5/Core/Inc/stm32f3xx_it.h
2024-11-08 18:13:44,459 [INFO] CodeEngine:255 - oldGeneratedFile, /Users/mark/Documents/Courses/F24/Project-V/Proj-5/Core/Src/stm32f3xx_hal_msp.c_save
2024-11-08 18:13:44,566 [INFO] CodeEngine:279 - Generated code: /Users/mark/Documents/Courses/F24/Project-V/Proj-5/Core/Src/stm32f3xx_hal_msp.c
2024-11-08 18:13:44,567 [INFO] CodeEngine:255 - oldGeneratedFile, /Users/mark/Documents/Courses/F24/Project-V/Proj-5/MXTmpFiles/system.tmp_save
2024-11-08 18:13:44,644 [INFO] CodeEngine:279 - Generated code: /Users/mark/Documents/Courses/F24/Project-V/Proj-5/MXTmpFiles/system.tmp
2024-11-08 18:13:44,651 [INFO] CodeEngine:311 - oldGeneratedFile, /Users/mark/Documents/Courses/F24/Project-V/Proj-5/Core/Inc/stm32f3xx_hal_conf.h_save
2024-11-08 18:13:44,734 [INFO] CodeEngine:335 - Generated code: /Users/mark/Documents/Courses/F24/Project-V/Proj-5/Core/Inc/stm32f3xx_hal_conf.h
2024-11-08 18:13:44,764 [INFO] CodeEngine:255 - oldGeneratedFile, /Users/mark/Documents/Courses/F24/Project-V/Proj-5/Core/Inc/main.h_save
2024-11-08 18:13:44,869 [INFO] CodeEngine:279 - Generated code: /Users/mark/Documents/Courses/F24/Project-V/Proj-5/Core/Inc/main.h
2024-11-08 18:13:44,873 [INFO] CodeEngine:255 - oldGeneratedFile, /Users/mark/Documents/Courses/F24/Project-V/Proj-5/Core/Src/main.c_save
2024-11-08 18:13:44,993 [INFO] CodeEngine:279 - Generated code: /Users/mark/Documents/Courses/F24/Project-V/Proj-5/Core/Src/main.c
2024-11-08 18:13:45,338 [INFO] ProjectBuilder:3249 - Time for Copy HAL[1] : 92mS.
2024-11-08 18:13:45,344 [INFO] ProjectBuilder:4828 - Project Generator version: 4.5.0-B34
2024-11-08 18:13:45,519 [INFO] ConfigFileManager:1531 - The Die is : DIE446
2024-11-08 18:13:47,145 [INFO] ProjectBuilder:5097 - Time for Generating toolchain IDE Files: 1796mS.
2024-11-08 18:13:47,162 [INFO] ProjectBuilder:3107 - Time for Copy CMSIS : 1mS.
2024-11-08 18:13:47,171 [INFO] ProjectBuilder:3107 - Time for Copy CMSIS : 0mS.
2024-11-08 18:16:52,753 [WARN] IP:2191 - AutoBaudRateEnableParam not found: check if there is a RefParameter without a condition.
2024-11-08 18:17:41,994 [INFO] UtilMem:75 - End SaveConfig() Used Memory: 740689088 Bytes (901775360)
2024-11-08 18:17:43,471 [INFO] UtilMem:75 - End SaveConfig() Used Memory: 353362840 Bytes (901775360)
2024-11-08 18:17:43,733 [INFO] BlockDiagram:2766 - set Specific Code input for plugin: TIM1_8F3
2024-11-08 18:17:43,733 [INFO] BlockDiagram:2766 - set Specific Code input for plugin: SYS
2024-11-08 18:17:43,733 [INFO] BlockDiagram:2766 - set Specific Code input for plugin: RCC
2024-11-08 18:17:43,733 [INFO] BlockDiagram:2766 - set Specific Code input for plugin: NVIC
2024-11-08 18:17:43,733 [INFO] BlockDiagram:2766 - set Specific Code input for plugin: USART
2024-11-08 18:17:43,733 [INFO] BlockDiagram:2766 - set Specific Code input for plugin: DMA
2024-11-08 18:17:43,733 [INFO] BlockDiagram:2766 - set Specific Code input for plugin: TIM1_8F3
2024-11-08 18:17:43,734 [INFO] BlockDiagram:2766 - set Specific Code input for plugin: GPIO
2024-11-08 18:17:43,735 [INFO] CodeGenerator:807 - code generatio: config db path: /Applications/STM32CubeIDE.app/Contents/Eclipse/plugins/com.st.stm32cube.common.mx_6.12.1.202409122256//db/
2024-11-08 18:17:43,844 [INFO] Argument:325 - Argument : hdmavalue: null
2024-11-08 18:17:43,845 [INFO] Argument:327 - 	 sub Args: 
2024-11-08 18:17:43,845 [INFO] Argument:325 - Argument : Instancevalue: DMA1_Channel6
2024-11-08 18:17:43,845 [INFO] Argument:335 - Argument : Instancevalue: DMA1_Channel6
2024-11-08 18:17:43,845 [INFO] Argument:325 - Argument : Initvalue: null
2024-11-08 18:17:43,845 [INFO] Argument:327 - 	 sub Args: 
2024-11-08 18:17:43,845 [INFO] Argument:325 - Argument : Directionvalue: DMA_PERIPH_TO_MEMORY
2024-11-08 18:17:43,845 [INFO] Argument:335 - Argument : Directionvalue: DMA_PERIPH_TO_MEMORY
2024-11-08 18:17:43,845 [INFO] Argument:325 - Argument : PeriphIncvalue: DMA_PINC_DISABLE
2024-11-08 18:17:43,845 [INFO] Argument:335 - Argument : PeriphIncvalue: DMA_PINC_DISABLE
2024-11-08 18:17:43,845 [INFO] Argument:325 - Argument : MemIncvalue: DMA_MINC_ENABLE
2024-11-08 18:17:43,845 [INFO] Argument:335 - Argument : MemIncvalue: DMA_MINC_ENABLE
2024-11-08 18:17:43,845 [INFO] Argument:325 - Argument : PeriphDataAlignmentvalue: DMA_PDATAALIGN_BYTE
2024-11-08 18:17:43,846 [INFO] Argument:335 - Argument : PeriphDataAlignmentvalue: DMA_PDATAALIGN_BYTE
2024-11-08 18:17:43,846 [INFO] Argument:325 - Argument : MemDataAlignmentvalue: DMA_MDATAALIGN_BYTE
2024-11-08 18:17:43,846 [INFO] Argument:335 - Argument : MemDataAlignmentvalue: DMA_MDATAALIGN_BYTE
2024-11-08 18:17:43,846 [INFO] Argument:325 - Argument : Modevalue: DMA_NORMAL
2024-11-08 18:17:43,846 [INFO] Argument:335 - Argument : Modevalue: DMA_NORMAL
2024-11-08 18:17:43,846 [INFO] Argument:325 - Argument : Priorityvalue: DMA_PRIORITY_LOW
2024-11-08 18:17:43,846 [INFO] Argument:335 - Argument : Priorityvalue: DMA_PRIORITY_LOW
2024-11-08 18:17:43,846 [INFO] Argument:325 - Argument : Lockvalue: null
2024-11-08 18:17:43,846 [INFO] Argument:335 - Argument : Lockvalue: null
2024-11-08 18:17:43,846 [INFO] Argument:325 - Argument : Statevalue: null
2024-11-08 18:17:43,846 [INFO] Argument:335 - Argument : Statevalue: null
2024-11-08 18:17:43,846 [INFO] Argument:325 - Argument : Parentvalue: null
2024-11-08 18:17:43,846 [INFO] Argument:335 - Argument : Parentvalue: null
2024-11-08 18:17:43,846 [INFO] Argument:325 - Argument : XferCpltCallbackvalue: null
2024-11-08 18:17:43,846 [INFO] Argument:335 - Argument : XferCpltCallbackvalue: null
2024-11-08 18:17:43,846 [INFO] Argument:325 - Argument : XferHalfCpltCallbackvalue: null
2024-11-08 18:17:43,847 [INFO] Argument:335 - Argument : XferHalfCpltCallbackvalue: null
2024-11-08 18:17:43,847 [INFO] Argument:325 - Argument : XferErrorCallbackvalue: null
2024-11-08 18:17:43,847 [INFO] Argument:335 - Argument : XferErrorCallbackvalue: null
2024-11-08 18:17:43,847 [INFO] Argument:325 - Argument : ErrorCodevalue: null
2024-11-08 18:17:43,847 [INFO] Argument:335 - Argument : ErrorCodevalue: null
2024-11-08 18:17:43,847 [INFO] Argument:325 - Argument : DMA_Remapvalue: null
2024-11-08 18:17:43,847 [INFO] Argument:335 - Argument : DMA_Remapvalue: null
2024-11-08 18:17:43,850 [INFO] Argument:325 - Argument : hdmavalue: null
2024-11-08 18:17:43,851 [INFO] Argument:327 - 	 sub Args: 
2024-11-08 18:17:43,851 [INFO] Argument:325 - Argument : Instancevalue: DMA1_Channel7
2024-11-08 18:17:43,851 [INFO] Argument:335 - Argument : Instancevalue: DMA1_Channel7
2024-11-08 18:17:43,851 [INFO] Argument:325 - Argument : Initvalue: null
2024-11-08 18:17:43,851 [INFO] Argument:327 - 	 sub Args: 
2024-11-08 18:17:43,851 [INFO] Argument:325 - Argument : Directionvalue: DMA_MEMORY_TO_PERIPH
2024-11-08 18:17:43,851 [INFO] Argument:335 - Argument : Directionvalue: DMA_MEMORY_TO_PERIPH
2024-11-08 18:17:43,851 [INFO] Argument:325 - Argument : PeriphIncvalue: DMA_PINC_DISABLE
2024-11-08 18:17:43,851 [INFO] Argument:335 - Argument : PeriphIncvalue: DMA_PINC_DISABLE
2024-11-08 18:17:43,851 [INFO] Argument:325 - Argument : MemIncvalue: DMA_MINC_ENABLE
2024-11-08 18:17:43,851 [INFO] Argument:335 - Argument : MemIncvalue: DMA_MINC_ENABLE
2024-11-08 18:17:43,852 [INFO] Argument:325 - Argument : PeriphDataAlignmentvalue: DMA_PDATAALIGN_BYTE
2024-11-08 18:17:43,852 [INFO] Argument:335 - Argument : PeriphDataAlignmentvalue: DMA_PDATAALIGN_BYTE
2024-11-08 18:17:43,852 [INFO] Argument:325 - Argument : MemDataAlignmentvalue: DMA_MDATAALIGN_BYTE
2024-11-08 18:17:43,852 [INFO] Argument:335 - Argument : MemDataAlignmentvalue: DMA_MDATAALIGN_BYTE
2024-11-08 18:17:43,852 [INFO] Argument:325 - Argument : Modevalue: DMA_NORMAL
2024-11-08 18:17:43,852 [INFO] Argument:335 - Argument : Modevalue: DMA_NORMAL
2024-11-08 18:17:43,852 [INFO] Argument:325 - Argument : Priorityvalue: DMA_PRIORITY_LOW
2024-11-08 18:17:43,852 [INFO] Argument:335 - Argument : Priorityvalue: DMA_PRIORITY_LOW
2024-11-08 18:17:43,852 [INFO] Argument:325 - Argument : Lockvalue: null
2024-11-08 18:17:43,852 [INFO] Argument:335 - Argument : Lockvalue: null
2024-11-08 18:17:43,852 [INFO] Argument:325 - Argument : Statevalue: null
2024-11-08 18:17:43,852 [INFO] Argument:335 - Argument : Statevalue: null
2024-11-08 18:17:43,852 [INFO] Argument:325 - Argument : Parentvalue: null
2024-11-08 18:17:43,852 [INFO] Argument:335 - Argument : Parentvalue: null
2024-11-08 18:17:43,853 [INFO] Argument:325 - Argument : XferCpltCallbackvalue: null
2024-11-08 18:17:43,853 [INFO] Argument:335 - Argument : XferCpltCallbackvalue: null
2024-11-08 18:17:43,853 [INFO] Argument:325 - Argument : XferHalfCpltCallbackvalue: null
2024-11-08 18:17:43,853 [INFO] Argument:335 - Argument : XferHalfCpltCallbackvalue: null
2024-11-08 18:17:43,853 [INFO] Argument:325 - Argument : XferErrorCallbackvalue: null
2024-11-08 18:17:43,853 [INFO] Argument:335 - Argument : XferErrorCallbackvalue: null
2024-11-08 18:17:43,853 [INFO] Argument:325 - Argument : ErrorCodevalue: null
2024-11-08 18:17:43,853 [INFO] Argument:335 - Argument : ErrorCodevalue: null
2024-11-08 18:17:43,853 [INFO] Argument:325 - Argument : DMA_Remapvalue: null
2024-11-08 18:17:43,854 [INFO] Argument:335 - Argument : DMA_Remapvalue: null
2024-11-08 18:17:44,249 [INFO] CodeEngine:255 - oldGeneratedFile, /Users/mark/Documents/Courses/F24/Project-V/Proj-5/MXTmpFiles/license.tmp_save
2024-11-08 18:17:44,404 [INFO] CodeEngine:279 - Generated code: /Users/mark/Documents/Courses/F24/Project-V/Proj-5/MXTmpFiles/license.tmp
2024-11-08 18:17:44,523 [INFO] CodeEngine:255 - oldGeneratedFile, /Users/mark/Documents/Courses/F24/Project-V/Proj-5/Core/Src/gpio.c_save
2024-11-08 18:17:44,620 [INFO] CodeEngine:279 - Generated code: /Users/mark/Documents/Courses/F24/Project-V/Proj-5/Core/Src/gpio.c
2024-11-08 18:17:44,622 [INFO] CodeEngine:255 - oldGeneratedFile, /Users/mark/Documents/Courses/F24/Project-V/Proj-5/Core/Inc/gpio.h_save
2024-11-08 18:17:44,695 [INFO] CodeEngine:279 - Generated code: /Users/mark/Documents/Courses/F24/Project-V/Proj-5/Core/Inc/gpio.h
2024-11-08 18:17:45,050 [INFO] CodeEngine:255 - oldGeneratedFile, /Users/mark/Documents/Courses/F24/Project-V/Proj-5/Core/Src/dma.c_save
2024-11-08 18:17:45,141 [INFO] CodeEngine:279 - Generated code: /Users/mark/Documents/Courses/F24/Project-V/Proj-5/Core/Src/dma.c
2024-11-08 18:17:45,145 [INFO] CodeEngine:255 - oldGeneratedFile, /Users/mark/Documents/Courses/F24/Project-V/Proj-5/Core/Inc/dma.h_save
2024-11-08 18:17:45,221 [INFO] CodeEngine:279 - Generated code: /Users/mark/Documents/Courses/F24/Project-V/Proj-5/Core/Inc/dma.h
2024-11-08 18:17:45,227 [INFO] CodeEngine:255 - oldGeneratedFile, /Users/mark/Documents/Courses/F24/Project-V/Proj-5/Core/Src/tim.c_save
2024-11-08 18:17:45,378 [INFO] CodeEngine:279 - Generated code: /Users/mark/Documents/Courses/F24/Project-V/Proj-5/Core/Src/tim.c
2024-11-08 18:17:45,381 [INFO] CodeEngine:255 - oldGeneratedFile, /Users/mark/Documents/Courses/F24/Project-V/Proj-5/Core/Inc/tim.h_save
2024-11-08 18:17:45,466 [INFO] CodeEngine:279 - Generated code: /Users/mark/Documents/Courses/F24/Project-V/Proj-5/Core/Inc/tim.h
2024-11-08 18:17:45,471 [INFO] CodeEngine:255 - oldGeneratedFile, /Users/mark/Documents/Courses/F24/Project-V/Proj-5/Core/Src/usart.c_save
2024-11-08 18:17:45,589 [INFO] CodeEngine:279 - Generated code: /Users/mark/Documents/Courses/F24/Project-V/Proj-5/Core/Src/usart.c
2024-11-08 18:17:45,592 [INFO] CodeEngine:255 - oldGeneratedFile, /Users/mark/Documents/Courses/F24/Project-V/Proj-5/Core/Inc/usart.h_save
2024-11-08 18:17:45,671 [INFO] CodeEngine:279 - Generated code: /Users/mark/Documents/Courses/F24/Project-V/Proj-5/Core/Inc/usart.h
2024-11-08 18:17:45,680 [INFO] CodeEngine:255 - oldGeneratedFile, /Users/mark/Documents/Courses/F24/Project-V/Proj-5/Core/Src/stm32f3xx_it.c_save
2024-11-08 18:17:45,774 [INFO] CodeEngine:279 - Generated code: /Users/mark/Documents/Courses/F24/Project-V/Proj-5/Core/Src/stm32f3xx_it.c
2024-11-08 18:17:45,777 [INFO] CodeEngine:255 - oldGeneratedFile, /Users/mark/Documents/Courses/F24/Project-V/Proj-5/Core/Inc/stm32f3xx_it.h_save
2024-11-08 18:17:45,854 [INFO] CodeEngine:279 - Generated code: /Users/mark/Documents/Courses/F24/Project-V/Proj-5/Core/Inc/stm32f3xx_it.h
2024-11-08 18:17:45,862 [INFO] CodeEngine:255 - oldGeneratedFile, /Users/mark/Documents/Courses/F24/Project-V/Proj-5/Core/Src/stm32f3xx_hal_msp.c_save
2024-11-08 18:17:45,970 [INFO] CodeEngine:279 - Generated code: /Users/mark/Documents/Courses/F24/Project-V/Proj-5/Core/Src/stm32f3xx_hal_msp.c
2024-11-08 18:17:45,973 [INFO] CodeEngine:255 - oldGeneratedFile, /Users/mark/Documents/Courses/F24/Project-V/Proj-5/MXTmpFiles/system.tmp_save
2024-11-08 18:17:46,070 [INFO] CodeEngine:279 - Generated code: /Users/mark/Documents/Courses/F24/Project-V/Proj-5/MXTmpFiles/system.tmp
2024-11-08 18:17:46,079 [INFO] CodeEngine:311 - oldGeneratedFile, /Users/mark/Documents/Courses/F24/Project-V/Proj-5/Core/Inc/stm32f3xx_hal_conf.h_save
2024-11-08 18:17:46,162 [INFO] CodeEngine:335 - Generated code: /Users/mark/Documents/Courses/F24/Project-V/Proj-5/Core/Inc/stm32f3xx_hal_conf.h
2024-11-08 18:17:46,224 [INFO] CodeEngine:255 - oldGeneratedFile, /Users/mark/Documents/Courses/F24/Project-V/Proj-5/Core/Inc/main.h_save
2024-11-08 18:17:46,311 [INFO] CodeEngine:279 - Generated code: /Users/mark/Documents/Courses/F24/Project-V/Proj-5/Core/Inc/main.h
2024-11-08 18:17:46,313 [INFO] CodeEngine:255 - oldGeneratedFile, /Users/mark/Documents/Courses/F24/Project-V/Proj-5/Core/Src/main.c_save
2024-11-08 18:17:46,427 [INFO] CodeEngine:279 - Generated code: /Users/mark/Documents/Courses/F24/Project-V/Proj-5/Core/Src/main.c
2024-11-08 18:17:46,720 [INFO] ProjectBuilder:3249 - Time for Copy HAL[1] : 72mS.
2024-11-08 18:17:46,724 [INFO] ProjectBuilder:4828 - Project Generator version: 4.5.0-B34
2024-11-08 18:17:46,831 [INFO] ConfigFileManager:1531 - The Die is : DIE446
2024-11-08 18:17:48,053 [INFO] ProjectBuilder:5097 - Time for Generating toolchain IDE Files: 1329mS.
2024-11-08 18:17:48,054 [INFO] ProjectBuilder:3107 - Time for Copy CMSIS : 0mS.
2024-11-08 18:17:48,055 [INFO] ProjectBuilder:3107 - Time for Copy CMSIS : 0mS.
2024-11-08 18:25:21,824 [INFO] NvicIntPanel:101 - NVIC parent = com.st.microxplorer.plugins.ip.nvic.MultiNvicIntPanel[,0,0,0x0,invalid,layout=javax.swing.BoxLayout,alignmentX=0.0,alignmentY=0.0,border=,flags=9,maximumSize=,minimumSize=,preferredSize=]
2024-11-08 18:25:31,320 [INFO] NvicIntPanel:101 - NVIC parent = com.st.microxplorer.plugins.ip.nvic.MultiNvicIntPanel[,0,0,0x0,invalid,layout=javax.swing.BoxLayout,alignmentX=0.0,alignmentY=0.0,border=,flags=9,maximumSize=,minimumSize=,preferredSize=]
2024-11-08 18:25:44,967 [INFO] UtilMem:75 - End SaveConfig() Used Memory: 575063288 Bytes (901775360)
2024-11-08 18:25:45,418 [INFO] UtilMem:75 - End SaveConfig() Used Memory: 613338360 Bytes (901775360)
2024-11-08 18:25:45,697 [INFO] BlockDiagram:2766 - set Specific Code input for plugin: TIM1_8F3
2024-11-08 18:25:45,697 [INFO] BlockDiagram:2766 - set Specific Code input for plugin: SYS
2024-11-08 18:25:45,697 [INFO] BlockDiagram:2766 - set Specific Code input for plugin: RCC
2024-11-08 18:25:45,697 [INFO] BlockDiagram:2766 - set Specific Code input for plugin: NVIC
2024-11-08 18:25:45,698 [INFO] BlockDiagram:2766 - set Specific Code input for plugin: USART
2024-11-08 18:25:45,698 [INFO] BlockDiagram:2766 - set Specific Code input for plugin: DMA
2024-11-08 18:25:45,698 [INFO] BlockDiagram:2766 - set Specific Code input for plugin: TIM1_8F3
2024-11-08 18:25:45,698 [INFO] BlockDiagram:2766 - set Specific Code input for plugin: GPIO
2024-11-08 18:25:45,700 [INFO] CodeGenerator:807 - code generatio: config db path: /Applications/STM32CubeIDE.app/Contents/Eclipse/plugins/com.st.stm32cube.common.mx_6.12.1.202409122256//db/
2024-11-08 18:25:45,757 [INFO] Argument:325 - Argument : hdmavalue: null
2024-11-08 18:25:45,757 [INFO] Argument:327 - 	 sub Args: 
2024-11-08 18:25:45,757 [INFO] Argument:325 - Argument : Instancevalue: DMA1_Channel6
2024-11-08 18:25:45,757 [INFO] Argument:335 - Argument : Instancevalue: DMA1_Channel6
2024-11-08 18:25:45,757 [INFO] Argument:325 - Argument : Initvalue: null
2024-11-08 18:25:45,757 [INFO] Argument:327 - 	 sub Args: 
2024-11-08 18:25:45,757 [INFO] Argument:325 - Argument : Directionvalue: DMA_PERIPH_TO_MEMORY
2024-11-08 18:25:45,757 [INFO] Argument:335 - Argument : Directionvalue: DMA_PERIPH_TO_MEMORY
2024-11-08 18:25:45,757 [INFO] Argument:325 - Argument : PeriphIncvalue: DMA_PINC_DISABLE
2024-11-08 18:25:45,757 [INFO] Argument:335 - Argument : PeriphIncvalue: DMA_PINC_DISABLE
2024-11-08 18:25:45,757 [INFO] Argument:325 - Argument : MemIncvalue: DMA_MINC_ENABLE
2024-11-08 18:25:45,757 [INFO] Argument:335 - Argument : MemIncvalue: DMA_MINC_ENABLE
2024-11-08 18:25:45,757 [INFO] Argument:325 - Argument : PeriphDataAlignmentvalue: DMA_PDATAALIGN_BYTE
2024-11-08 18:25:45,757 [INFO] Argument:335 - Argument : PeriphDataAlignmentvalue: DMA_PDATAALIGN_BYTE
2024-11-08 18:25:45,757 [INFO] Argument:325 - Argument : MemDataAlignmentvalue: DMA_MDATAALIGN_BYTE
2024-11-08 18:25:45,757 [INFO] Argument:335 - Argument : MemDataAlignmentvalue: DMA_MDATAALIGN_BYTE
2024-11-08 18:25:45,757 [INFO] Argument:325 - Argument : Modevalue: DMA_NORMAL
2024-11-08 18:25:45,757 [INFO] Argument:335 - Argument : Modevalue: DMA_NORMAL
2024-11-08 18:25:45,757 [INFO] Argument:325 - Argument : Priorityvalue: DMA_PRIORITY_LOW
2024-11-08 18:25:45,757 [INFO] Argument:335 - Argument : Priorityvalue: DMA_PRIORITY_LOW
2024-11-08 18:25:45,757 [INFO] Argument:325 - Argument : Lockvalue: null
2024-11-08 18:25:45,757 [INFO] Argument:335 - Argument : Lockvalue: null
2024-11-08 18:25:45,757 [INFO] Argument:325 - Argument : Statevalue: null
2024-11-08 18:25:45,757 [INFO] Argument:335 - Argument : Statevalue: null
2024-11-08 18:25:45,757 [INFO] Argument:325 - Argument : Parentvalue: null
2024-11-08 18:25:45,758 [INFO] Argument:335 - Argument : Parentvalue: null
2024-11-08 18:25:45,758 [INFO] Argument:325 - Argument : XferCpltCallbackvalue: null
2024-11-08 18:25:45,758 [INFO] Argument:335 - Argument : XferCpltCallbackvalue: null
2024-11-08 18:25:45,758 [INFO] Argument:325 - Argument : XferHalfCpltCallbackvalue: null
2024-11-08 18:25:45,758 [INFO] Argument:335 - Argument : XferHalfCpltCallbackvalue: null
2024-11-08 18:25:45,758 [INFO] Argument:325 - Argument : XferErrorCallbackvalue: null
2024-11-08 18:25:45,758 [INFO] Argument:335 - Argument : XferErrorCallbackvalue: null
2024-11-08 18:25:45,758 [INFO] Argument:325 - Argument : ErrorCodevalue: null
2024-11-08 18:25:45,758 [INFO] Argument:335 - Argument : ErrorCodevalue: null
2024-11-08 18:25:45,758 [INFO] Argument:325 - Argument : DMA_Remapvalue: null
2024-11-08 18:25:45,758 [INFO] Argument:335 - Argument : DMA_Remapvalue: null
2024-11-08 18:25:45,760 [INFO] Argument:325 - Argument : hdmavalue: null
2024-11-08 18:25:45,760 [INFO] Argument:327 - 	 sub Args: 
2024-11-08 18:25:45,760 [INFO] Argument:325 - Argument : Instancevalue: DMA1_Channel7
2024-11-08 18:25:45,760 [INFO] Argument:335 - Argument : Instancevalue: DMA1_Channel7
2024-11-08 18:25:45,760 [INFO] Argument:325 - Argument : Initvalue: null
2024-11-08 18:25:45,760 [INFO] Argument:327 - 	 sub Args: 
2024-11-08 18:25:45,760 [INFO] Argument:325 - Argument : Directionvalue: DMA_MEMORY_TO_PERIPH
2024-11-08 18:25:45,760 [INFO] Argument:335 - Argument : Directionvalue: DMA_MEMORY_TO_PERIPH
2024-11-08 18:25:45,760 [INFO] Argument:325 - Argument : PeriphIncvalue: DMA_PINC_DISABLE
2024-11-08 18:25:45,760 [INFO] Argument:335 - Argument : PeriphIncvalue: DMA_PINC_DISABLE
2024-11-08 18:25:45,760 [INFO] Argument:325 - Argument : MemIncvalue: DMA_MINC_ENABLE
2024-11-08 18:25:45,760 [INFO] Argument:335 - Argument : MemIncvalue: DMA_MINC_ENABLE
2024-11-08 18:25:45,760 [INFO] Argument:325 - Argument : PeriphDataAlignmentvalue: DMA_PDATAALIGN_BYTE
2024-11-08 18:25:45,760 [INFO] Argument:335 - Argument : PeriphDataAlignmentvalue: DMA_PDATAALIGN_BYTE
2024-11-08 18:25:45,760 [INFO] Argument:325 - Argument : MemDataAlignmentvalue: DMA_MDATAALIGN_BYTE
2024-11-08 18:25:45,760 [INFO] Argument:335 - Argument : MemDataAlignmentvalue: DMA_MDATAALIGN_BYTE
2024-11-08 18:25:45,760 [INFO] Argument:325 - Argument : Modevalue: DMA_NORMAL
2024-11-08 18:25:45,760 [INFO] Argument:335 - Argument : Modevalue: DMA_NORMAL
2024-11-08 18:25:45,760 [INFO] Argument:325 - Argument : Priorityvalue: DMA_PRIORITY_LOW
2024-11-08 18:25:45,760 [INFO] Argument:335 - Argument : Priorityvalue: DMA_PRIORITY_LOW
2024-11-08 18:25:45,760 [INFO] Argument:325 - Argument : Lockvalue: null
2024-11-08 18:25:45,760 [INFO] Argument:335 - Argument : Lockvalue: null
2024-11-08 18:25:45,760 [INFO] Argument:325 - Argument : Statevalue: null
2024-11-08 18:25:45,761 [INFO] Argument:335 - Argument : Statevalue: null
2024-11-08 18:25:45,761 [INFO] Argument:325 - Argument : Parentvalue: null
2024-11-08 18:25:45,761 [INFO] Argument:335 - Argument : Parentvalue: null
2024-11-08 18:25:45,761 [INFO] Argument:325 - Argument : XferCpltCallbackvalue: null
2024-11-08 18:25:45,761 [INFO] Argument:335 - Argument : XferCpltCallbackvalue: null
2024-11-08 18:25:45,761 [INFO] Argument:325 - Argument : XferHalfCpltCallbackvalue: null
2024-11-08 18:25:45,761 [INFO] Argument:335 - Argument : XferHalfCpltCallbackvalue: null
2024-11-08 18:25:45,761 [INFO] Argument:325 - Argument : XferErrorCallbackvalue: null
2024-11-08 18:25:45,761 [INFO] Argument:335 - Argument : XferErrorCallbackvalue: null
2024-11-08 18:25:45,761 [INFO] Argument:325 - Argument : ErrorCodevalue: null
2024-11-08 18:25:45,761 [INFO] Argument:335 - Argument : ErrorCodevalue: null
2024-11-08 18:25:45,761 [INFO] Argument:325 - Argument : DMA_Remapvalue: null
2024-11-08 18:25:45,761 [INFO] Argument:335 - Argument : DMA_Remapvalue: null
2024-11-08 18:25:46,172 [INFO] CodeEngine:255 - oldGeneratedFile, /Users/mark/Documents/Courses/F24/Project-V/Proj-5/MXTmpFiles/license.tmp_save
2024-11-08 18:25:46,399 [INFO] CodeEngine:279 - Generated code: /Users/mark/Documents/Courses/F24/Project-V/Proj-5/MXTmpFiles/license.tmp
2024-11-08 18:25:46,529 [INFO] CodeEngine:255 - oldGeneratedFile, /Users/mark/Documents/Courses/F24/Project-V/Proj-5/Core/Src/gpio.c_save
2024-11-08 18:25:46,649 [INFO] CodeEngine:279 - Generated code: /Users/mark/Documents/Courses/F24/Project-V/Proj-5/Core/Src/gpio.c
2024-11-08 18:25:46,651 [INFO] CodeEngine:255 - oldGeneratedFile, /Users/mark/Documents/Courses/F24/Project-V/Proj-5/Core/Inc/gpio.h_save
2024-11-08 18:25:46,726 [INFO] CodeEngine:279 - Generated code: /Users/mark/Documents/Courses/F24/Project-V/Proj-5/Core/Inc/gpio.h
2024-11-08 18:25:47,224 [INFO] CodeEngine:255 - oldGeneratedFile, /Users/mark/Documents/Courses/F24/Project-V/Proj-5/Core/Src/dma.c_save
2024-11-08 18:25:47,351 [INFO] CodeEngine:279 - Generated code: /Users/mark/Documents/Courses/F24/Project-V/Proj-5/Core/Src/dma.c
2024-11-08 18:25:47,353 [INFO] CodeEngine:255 - oldGeneratedFile, /Users/mark/Documents/Courses/F24/Project-V/Proj-5/Core/Inc/dma.h_save
2024-11-08 18:25:47,427 [INFO] CodeEngine:279 - Generated code: /Users/mark/Documents/Courses/F24/Project-V/Proj-5/Core/Inc/dma.h
2024-11-08 18:25:47,433 [INFO] CodeEngine:255 - oldGeneratedFile, /Users/mark/Documents/Courses/F24/Project-V/Proj-5/Core/Src/tim.c_save
2024-11-08 18:25:47,579 [INFO] CodeEngine:279 - Generated code: /Users/mark/Documents/Courses/F24/Project-V/Proj-5/Core/Src/tim.c
2024-11-08 18:25:47,581 [INFO] CodeEngine:255 - oldGeneratedFile, /Users/mark/Documents/Courses/F24/Project-V/Proj-5/Core/Inc/tim.h_save
2024-11-08 18:25:47,657 [INFO] CodeEngine:279 - Generated code: /Users/mark/Documents/Courses/F24/Project-V/Proj-5/Core/Inc/tim.h
2024-11-08 18:25:47,663 [INFO] CodeEngine:255 - oldGeneratedFile, /Users/mark/Documents/Courses/F24/Project-V/Proj-5/Core/Src/usart.c_save
2024-11-08 18:25:47,768 [INFO] CodeEngine:279 - Generated code: /Users/mark/Documents/Courses/F24/Project-V/Proj-5/Core/Src/usart.c
2024-11-08 18:25:47,771 [INFO] CodeEngine:255 - oldGeneratedFile, /Users/mark/Documents/Courses/F24/Project-V/Proj-5/Core/Inc/usart.h_save
2024-11-08 18:25:47,845 [INFO] CodeEngine:279 - Generated code: /Users/mark/Documents/Courses/F24/Project-V/Proj-5/Core/Inc/usart.h
2024-11-08 18:25:47,853 [INFO] CodeEngine:255 - oldGeneratedFile, /Users/mark/Documents/Courses/F24/Project-V/Proj-5/Core/Src/stm32f3xx_it.c_save
2024-11-08 18:25:47,938 [INFO] CodeEngine:279 - Generated code: /Users/mark/Documents/Courses/F24/Project-V/Proj-5/Core/Src/stm32f3xx_it.c
2024-11-08 18:25:47,940 [INFO] CodeEngine:255 - oldGeneratedFile, /Users/mark/Documents/Courses/F24/Project-V/Proj-5/Core/Inc/stm32f3xx_it.h_save
2024-11-08 18:25:48,015 [INFO] CodeEngine:279 - Generated code: /Users/mark/Documents/Courses/F24/Project-V/Proj-5/Core/Inc/stm32f3xx_it.h
2024-11-08 18:25:48,026 [INFO] CodeEngine:255 - oldGeneratedFile, /Users/mark/Documents/Courses/F24/Project-V/Proj-5/Core/Src/stm32f3xx_hal_msp.c_save
2024-11-08 18:25:48,132 [INFO] CodeEngine:279 - Generated code: /Users/mark/Documents/Courses/F24/Project-V/Proj-5/Core/Src/stm32f3xx_hal_msp.c
2024-11-08 18:25:48,134 [INFO] CodeEngine:255 - oldGeneratedFile, /Users/mark/Documents/Courses/F24/Project-V/Proj-5/MXTmpFiles/system.tmp_save
2024-11-08 18:25:48,207 [INFO] CodeEngine:279 - Generated code: /Users/mark/Documents/Courses/F24/Project-V/Proj-5/MXTmpFiles/system.tmp
2024-11-08 18:25:48,214 [INFO] CodeEngine:311 - oldGeneratedFile, /Users/mark/Documents/Courses/F24/Project-V/Proj-5/Core/Inc/stm32f3xx_hal_conf.h_save
2024-11-08 18:25:48,296 [INFO] CodeEngine:335 - Generated code: /Users/mark/Documents/Courses/F24/Project-V/Proj-5/Core/Inc/stm32f3xx_hal_conf.h
2024-11-08 18:25:48,337 [INFO] CodeEngine:255 - oldGeneratedFile, /Users/mark/Documents/Courses/F24/Project-V/Proj-5/Core/Inc/main.h_save
2024-11-08 18:25:48,425 [INFO] CodeEngine:279 - Generated code: /Users/mark/Documents/Courses/F24/Project-V/Proj-5/Core/Inc/main.h
2024-11-08 18:25:48,428 [INFO] CodeEngine:255 - oldGeneratedFile, /Users/mark/Documents/Courses/F24/Project-V/Proj-5/Core/Src/main.c_save
2024-11-08 18:25:48,569 [INFO] CodeEngine:279 - Generated code: /Users/mark/Documents/Courses/F24/Project-V/Proj-5/Core/Src/main.c
2024-11-08 18:25:48,915 [INFO] ProjectBuilder:3249 - Time for Copy HAL[1] : 78mS.
2024-11-08 18:25:48,922 [INFO] ProjectBuilder:4828 - Project Generator version: 4.5.0-B34
2024-11-08 18:25:49,035 [INFO] ConfigFileManager:1531 - The Die is : DIE446
2024-11-08 18:25:50,429 [INFO] ProjectBuilder:5097 - Time for Generating toolchain IDE Files: 1508mS.
2024-11-08 18:25:50,431 [INFO] ProjectBuilder:3107 - Time for Copy CMSIS : 1mS.
2024-11-08 18:25:50,436 [INFO] ProjectBuilder:3107 - Time for Copy CMSIS : 0mS.
2024-11-08 18:27:46,749 [INFO] NvicIntPanel:101 - NVIC parent = com.st.microxplorer.plugins.ip.nvic.MultiNvicIntPanel[,0,0,0x0,invalid,layout=javax.swing.BoxLayout,alignmentX=0.0,alignmentY=0.0,border=,flags=9,maximumSize=,minimumSize=,preferredSize=]
2024-11-08 18:27:59,456 [INFO] UtilMem:75 - End SaveConfig() Used Memory: 498146168 Bytes (901775360)
2024-11-08 18:28:01,018 [INFO] UtilMem:75 - End SaveConfig() Used Memory: 619254648 Bytes (901775360)
2024-11-08 18:28:01,257 [INFO] BlockDiagram:2766 - set Specific Code input for plugin: TIM1_8F3
2024-11-08 18:28:01,257 [INFO] BlockDiagram:2766 - set Specific Code input for plugin: SYS
2024-11-08 18:28:01,257 [INFO] BlockDiagram:2766 - set Specific Code input for plugin: RCC
2024-11-08 18:28:01,257 [INFO] BlockDiagram:2766 - set Specific Code input for plugin: NVIC
2024-11-08 18:28:01,257 [INFO] BlockDiagram:2766 - set Specific Code input for plugin: USART
2024-11-08 18:28:01,257 [INFO] BlockDiagram:2766 - set Specific Code input for plugin: DMA
2024-11-08 18:28:01,257 [INFO] BlockDiagram:2766 - set Specific Code input for plugin: TIM1_8F3
2024-11-08 18:28:01,257 [INFO] BlockDiagram:2766 - set Specific Code input for plugin: GPIO
2024-11-08 18:28:01,259 [INFO] CodeGenerator:807 - code generatio: config db path: /Applications/STM32CubeIDE.app/Contents/Eclipse/plugins/com.st.stm32cube.common.mx_6.12.1.202409122256//db/
2024-11-08 18:28:01,324 [INFO] Argument:325 - Argument : hdmavalue: null
2024-11-08 18:28:01,325 [INFO] Argument:327 - 	 sub Args: 
2024-11-08 18:28:01,325 [INFO] Argument:325 - Argument : Instancevalue: DMA1_Channel6
2024-11-08 18:28:01,325 [INFO] Argument:335 - Argument : Instancevalue: DMA1_Channel6
2024-11-08 18:28:01,325 [INFO] Argument:325 - Argument : Initvalue: null
2024-11-08 18:28:01,325 [INFO] Argument:327 - 	 sub Args: 
2024-11-08 18:28:01,325 [INFO] Argument:325 - Argument : Directionvalue: DMA_PERIPH_TO_MEMORY
2024-11-08 18:28:01,325 [INFO] Argument:335 - Argument : Directionvalue: DMA_PERIPH_TO_MEMORY
2024-11-08 18:28:01,325 [INFO] Argument:325 - Argument : PeriphIncvalue: DMA_PINC_DISABLE
2024-11-08 18:28:01,325 [INFO] Argument:335 - Argument : PeriphIncvalue: DMA_PINC_DISABLE
2024-11-08 18:28:01,325 [INFO] Argument:325 - Argument : MemIncvalue: DMA_MINC_ENABLE
2024-11-08 18:28:01,325 [INFO] Argument:335 - Argument : MemIncvalue: DMA_MINC_ENABLE
2024-11-08 18:28:01,325 [INFO] Argument:325 - Argument : PeriphDataAlignmentvalue: DMA_PDATAALIGN_BYTE
2024-11-08 18:28:01,325 [INFO] Argument:335 - Argument : PeriphDataAlignmentvalue: DMA_PDATAALIGN_BYTE
2024-11-08 18:28:01,325 [INFO] Argument:325 - Argument : MemDataAlignmentvalue: DMA_MDATAALIGN_BYTE
2024-11-08 18:28:01,325 [INFO] Argument:335 - Argument : MemDataAlignmentvalue: DMA_MDATAALIGN_BYTE
2024-11-08 18:28:01,325 [INFO] Argument:325 - Argument : Modevalue: DMA_NORMAL
2024-11-08 18:28:01,325 [INFO] Argument:335 - Argument : Modevalue: DMA_NORMAL
2024-11-08 18:28:01,325 [INFO] Argument:325 - Argument : Priorityvalue: DMA_PRIORITY_LOW
2024-11-08 18:28:01,325 [INFO] Argument:335 - Argument : Priorityvalue: DMA_PRIORITY_LOW
2024-11-08 18:28:01,325 [INFO] Argument:325 - Argument : Lockvalue: null
2024-11-08 18:28:01,325 [INFO] Argument:335 - Argument : Lockvalue: null
2024-11-08 18:28:01,325 [INFO] Argument:325 - Argument : Statevalue: null
2024-11-08 18:28:01,325 [INFO] Argument:335 - Argument : Statevalue: null
2024-11-08 18:28:01,325 [INFO] Argument:325 - Argument : Parentvalue: null
2024-11-08 18:28:01,325 [INFO] Argument:335 - Argument : Parentvalue: null
2024-11-08 18:28:01,325 [INFO] Argument:325 - Argument : XferCpltCallbackvalue: null
2024-11-08 18:28:01,325 [INFO] Argument:335 - Argument : XferCpltCallbackvalue: null
2024-11-08 18:28:01,325 [INFO] Argument:325 - Argument : XferHalfCpltCallbackvalue: null
2024-11-08 18:28:01,325 [INFO] Argument:335 - Argument : XferHalfCpltCallbackvalue: null
2024-11-08 18:28:01,325 [INFO] Argument:325 - Argument : XferErrorCallbackvalue: null
2024-11-08 18:28:01,326 [INFO] Argument:335 - Argument : XferErrorCallbackvalue: null
2024-11-08 18:28:01,326 [INFO] Argument:325 - Argument : ErrorCodevalue: null
2024-11-08 18:28:01,326 [INFO] Argument:335 - Argument : ErrorCodevalue: null
2024-11-08 18:28:01,326 [INFO] Argument:325 - Argument : DMA_Remapvalue: null
2024-11-08 18:28:01,326 [INFO] Argument:335 - Argument : DMA_Remapvalue: null
2024-11-08 18:28:01,327 [INFO] Argument:325 - Argument : hdmavalue: null
2024-11-08 18:28:01,327 [INFO] Argument:327 - 	 sub Args: 
2024-11-08 18:28:01,327 [INFO] Argument:325 - Argument : Instancevalue: DMA1_Channel7
2024-11-08 18:28:01,327 [INFO] Argument:335 - Argument : Instancevalue: DMA1_Channel7
2024-11-08 18:28:01,327 [INFO] Argument:325 - Argument : Initvalue: null
2024-11-08 18:28:01,327 [INFO] Argument:327 - 	 sub Args: 
2024-11-08 18:28:01,327 [INFO] Argument:325 - Argument : Directionvalue: DMA_MEMORY_TO_PERIPH
2024-11-08 18:28:01,327 [INFO] Argument:335 - Argument : Directionvalue: DMA_MEMORY_TO_PERIPH
2024-11-08 18:28:01,327 [INFO] Argument:325 - Argument : PeriphIncvalue: DMA_PINC_DISABLE
2024-11-08 18:28:01,327 [INFO] Argument:335 - Argument : PeriphIncvalue: DMA_PINC_DISABLE
2024-11-08 18:28:01,327 [INFO] Argument:325 - Argument : MemIncvalue: DMA_MINC_ENABLE
2024-11-08 18:28:01,327 [INFO] Argument:335 - Argument : MemIncvalue: DMA_MINC_ENABLE
2024-11-08 18:28:01,327 [INFO] Argument:325 - Argument : PeriphDataAlignmentvalue: DMA_PDATAALIGN_BYTE
2024-11-08 18:28:01,327 [INFO] Argument:335 - Argument : PeriphDataAlignmentvalue: DMA_PDATAALIGN_BYTE
2024-11-08 18:28:01,327 [INFO] Argument:325 - Argument : MemDataAlignmentvalue: DMA_MDATAALIGN_BYTE
2024-11-08 18:28:01,327 [INFO] Argument:335 - Argument : MemDataAlignmentvalue: DMA_MDATAALIGN_BYTE
2024-11-08 18:28:01,327 [INFO] Argument:325 - Argument : Modevalue: DMA_NORMAL
2024-11-08 18:28:01,327 [INFO] Argument:335 - Argument : Modevalue: DMA_NORMAL
2024-11-08 18:28:01,327 [INFO] Argument:325 - Argument : Priorityvalue: DMA_PRIORITY_LOW
2024-11-08 18:28:01,327 [INFO] Argument:335 - Argument : Priorityvalue: DMA_PRIORITY_LOW
2024-11-08 18:28:01,327 [INFO] Argument:325 - Argument : Lockvalue: null
2024-11-08 18:28:01,327 [INFO] Argument:335 - Argument : Lockvalue: null
2024-11-08 18:28:01,327 [INFO] Argument:325 - Argument : Statevalue: null
2024-11-08 18:28:01,327 [INFO] Argument:335 - Argument : Statevalue: null
2024-11-08 18:28:01,328 [INFO] Argument:325 - Argument : Parentvalue: null
2024-11-08 18:28:01,328 [INFO] Argument:335 - Argument : Parentvalue: null
2024-11-08 18:28:01,328 [INFO] Argument:325 - Argument : XferCpltCallbackvalue: null
2024-11-08 18:28:01,328 [INFO] Argument:335 - Argument : XferCpltCallbackvalue: null
2024-11-08 18:28:01,328 [INFO] Argument:325 - Argument : XferHalfCpltCallbackvalue: null
2024-11-08 18:28:01,328 [INFO] Argument:335 - Argument : XferHalfCpltCallbackvalue: null
2024-11-08 18:28:01,328 [INFO] Argument:325 - Argument : XferErrorCallbackvalue: null
2024-11-08 18:28:01,328 [INFO] Argument:335 - Argument : XferErrorCallbackvalue: null
2024-11-08 18:28:01,328 [INFO] Argument:325 - Argument : ErrorCodevalue: null
2024-11-08 18:28:01,328 [INFO] Argument:335 - Argument : ErrorCodevalue: null
2024-11-08 18:28:01,328 [INFO] Argument:325 - Argument : DMA_Remapvalue: null
2024-11-08 18:28:01,328 [INFO] Argument:335 - Argument : DMA_Remapvalue: null
2024-11-08 18:28:01,419 [INFO] CodeEngine:255 - oldGeneratedFile, /Users/mark/Documents/Courses/F24/Project-V/Proj-5/MXTmpFiles/license.tmp_save
2024-11-08 18:28:01,542 [INFO] CodeEngine:279 - Generated code: /Users/mark/Documents/Courses/F24/Project-V/Proj-5/MXTmpFiles/license.tmp
2024-11-08 18:28:01,592 [INFO] CodeEngine:255 - oldGeneratedFile, /Users/mark/Documents/Courses/F24/Project-V/Proj-5/Core/Src/gpio.c_save
2024-11-08 18:28:01,688 [INFO] CodeEngine:279 - Generated code: /Users/mark/Documents/Courses/F24/Project-V/Proj-5/Core/Src/gpio.c
2024-11-08 18:28:01,690 [INFO] CodeEngine:255 - oldGeneratedFile, /Users/mark/Documents/Courses/F24/Project-V/Proj-5/Core/Inc/gpio.h_save
2024-11-08 18:28:01,764 [INFO] CodeEngine:279 - Generated code: /Users/mark/Documents/Courses/F24/Project-V/Proj-5/Core/Inc/gpio.h
2024-11-08 18:28:02,595 [INFO] CodeEngine:255 - oldGeneratedFile, /Users/mark/Documents/Courses/F24/Project-V/Proj-5/Core/Src/dma.c_save
2024-11-08 18:28:02,861 [INFO] CodeEngine:279 - Generated code: /Users/mark/Documents/Courses/F24/Project-V/Proj-5/Core/Src/dma.c
2024-11-08 18:28:02,868 [INFO] CodeEngine:255 - oldGeneratedFile, /Users/mark/Documents/Courses/F24/Project-V/Proj-5/Core/Inc/dma.h_save
2024-11-08 18:28:02,957 [INFO] CodeEngine:279 - Generated code: /Users/mark/Documents/Courses/F24/Project-V/Proj-5/Core/Inc/dma.h
2024-11-08 18:28:02,966 [INFO] CodeEngine:255 - oldGeneratedFile, /Users/mark/Documents/Courses/F24/Project-V/Proj-5/Core/Src/tim.c_save
2024-11-08 18:28:03,110 [INFO] CodeEngine:279 - Generated code: /Users/mark/Documents/Courses/F24/Project-V/Proj-5/Core/Src/tim.c
2024-11-08 18:28:03,113 [INFO] CodeEngine:255 - oldGeneratedFile, /Users/mark/Documents/Courses/F24/Project-V/Proj-5/Core/Inc/tim.h_save
2024-11-08 18:28:03,189 [INFO] CodeEngine:279 - Generated code: /Users/mark/Documents/Courses/F24/Project-V/Proj-5/Core/Inc/tim.h
2024-11-08 18:28:03,194 [INFO] CodeEngine:255 - oldGeneratedFile, /Users/mark/Documents/Courses/F24/Project-V/Proj-5/Core/Src/usart.c_save
2024-11-08 18:28:03,299 [INFO] CodeEngine:279 - Generated code: /Users/mark/Documents/Courses/F24/Project-V/Proj-5/Core/Src/usart.c
2024-11-08 18:28:03,300 [INFO] CodeEngine:255 - oldGeneratedFile, /Users/mark/Documents/Courses/F24/Project-V/Proj-5/Core/Inc/usart.h_save
2024-11-08 18:28:03,377 [INFO] CodeEngine:279 - Generated code: /Users/mark/Documents/Courses/F24/Project-V/Proj-5/Core/Inc/usart.h
2024-11-08 18:28:03,385 [INFO] CodeEngine:255 - oldGeneratedFile, /Users/mark/Documents/Courses/F24/Project-V/Proj-5/Core/Src/stm32f3xx_it.c_save
2024-11-08 18:28:03,471 [INFO] CodeEngine:279 - Generated code: /Users/mark/Documents/Courses/F24/Project-V/Proj-5/Core/Src/stm32f3xx_it.c
2024-11-08 18:28:03,474 [INFO] CodeEngine:255 - oldGeneratedFile, /Users/mark/Documents/Courses/F24/Project-V/Proj-5/Core/Inc/stm32f3xx_it.h_save
2024-11-08 18:28:03,551 [INFO] CodeEngine:279 - Generated code: /Users/mark/Documents/Courses/F24/Project-V/Proj-5/Core/Inc/stm32f3xx_it.h
2024-11-08 18:28:03,566 [INFO] CodeEngine:255 - oldGeneratedFile, /Users/mark/Documents/Courses/F24/Project-V/Proj-5/Core/Src/stm32f3xx_hal_msp.c_save
2024-11-08 18:28:03,672 [INFO] CodeEngine:279 - Generated code: /Users/mark/Documents/Courses/F24/Project-V/Proj-5/Core/Src/stm32f3xx_hal_msp.c
2024-11-08 18:28:03,674 [INFO] CodeEngine:255 - oldGeneratedFile, /Users/mark/Documents/Courses/F24/Project-V/Proj-5/MXTmpFiles/system.tmp_save
2024-11-08 18:28:03,748 [INFO] CodeEngine:279 - Generated code: /Users/mark/Documents/Courses/F24/Project-V/Proj-5/MXTmpFiles/system.tmp
2024-11-08 18:28:03,756 [INFO] CodeEngine:311 - oldGeneratedFile, /Users/mark/Documents/Courses/F24/Project-V/Proj-5/Core/Inc/stm32f3xx_hal_conf.h_save
2024-11-08 18:28:03,840 [INFO] CodeEngine:335 - Generated code: /Users/mark/Documents/Courses/F24/Project-V/Proj-5/Core/Inc/stm32f3xx_hal_conf.h
2024-11-08 18:28:03,894 [INFO] CodeEngine:255 - oldGeneratedFile, /Users/mark/Documents/Courses/F24/Project-V/Proj-5/Core/Inc/main.h_save
2024-11-08 18:28:03,983 [INFO] CodeEngine:279 - Generated code: /Users/mark/Documents/Courses/F24/Project-V/Proj-5/Core/Inc/main.h
2024-11-08 18:28:03,986 [INFO] CodeEngine:255 - oldGeneratedFile, /Users/mark/Documents/Courses/F24/Project-V/Proj-5/Core/Src/main.c_save
2024-11-08 18:28:04,096 [INFO] CodeEngine:279 - Generated code: /Users/mark/Documents/Courses/F24/Project-V/Proj-5/Core/Src/main.c
2024-11-08 18:28:04,801 [INFO] ProjectBuilder:3249 - Time for Copy HAL[1] : 109mS.
2024-11-08 18:28:04,823 [INFO] ProjectBuilder:4828 - Project Generator version: 4.5.0-B34
2024-11-08 18:28:05,168 [INFO] ConfigFileManager:1531 - The Die is : DIE446
2024-11-08 18:28:06,553 [INFO] ProjectBuilder:5097 - Time for Generating toolchain IDE Files: 1730mS.
2024-11-08 18:28:06,554 [INFO] ProjectBuilder:3107 - Time for Copy CMSIS : 1mS.
2024-11-08 18:28:06,555 [INFO] ProjectBuilder:3107 - Time for Copy CMSIS : 0mS.
2024-11-08 18:49:13,818 [INFO] MainUpdater:2873 - connection check result : 10
2024-11-08 18:49:13,832 [INFO] McuFinderGlobals:76 - Set McuFinderConnectedMode to true
2024-11-08 18:49:14,796 [INFO] ServerAccessManage:473 - Download File mcusAds.json._tmp_
2024-11-08 18:49:14,913 [INFO] LoadUrlFilesThread:156 - End of LoadUrlFiles Thread
2024-11-08 18:49:15,419 [INFO] ServerAccessManage:473 - Download File cube-finder-db.zip
2024-11-08 18:49:16,532 [INFO] FileExtend:240 - Unzip File : cube-finder-db.zip
2024-11-08 18:49:16,539 [INFO] FileExtend:255 - Standard Zip Deflate
2024-11-08 18:49:17,335 [INFO] LoadUrlFilesThread:156 - End of LoadUrlFiles Thread
2024-11-08 18:49:18,253 [INFO] ServerAccessManage:473 - Download File crdb.zip
2024-11-08 18:49:18,839 [INFO] FileExtend:240 - Unzip File : crdb.zip
2024-11-08 18:49:18,839 [INFO] FileExtend:255 - Standard Zip Deflate
2024-11-08 18:49:18,971 [INFO] LoadUrlFilesThread:156 - End of LoadUrlFiles Thread
2024-11-08 18:49:19,535 [INFO] ServerAccessManage:473 - Download File tutoVideoDB.zip
2024-11-08 18:49:19,544 [INFO] FileExtend:240 - Unzip File : tutoVideoDB.zip
2024-11-08 18:49:19,544 [INFO] FileExtend:255 - Standard Zip Deflate
2024-11-08 18:49:19,657 [INFO] LoadUrlFilesThread:156 - End of LoadUrlFiles Thread
2024-11-08 18:49:19,682 [WARN] DbFile:41 - Overriding database path with different value: /Users/mark/.stmcufinder/plugins/mcufinder/ => /Users/mark/.stmcufinder/plugins/mcufinder
2024-11-08 18:49:20,345 [INFO] ServerAccessManage:473 - Download File api_config.json
2024-11-08 18:49:20,464 [INFO] LoadUrlFilesThread:156 - End of LoadUrlFiles Thread
2024-11-08 18:49:20,473 [INFO] DbMcusAds:53 - JSON generation date=Fri Sep 20 09:04:38 EDT 2024 (1726837478367)
2024-11-08 18:49:20,500 [INFO] ApiDb:448 - Save user favorites file /Users/mark/.stm32cubeide/favorites.mcus.txt: 0 item(s)
2024-11-08 18:49:20,501 [INFO] ApiDb:452 - User favorites MCUs=[]
2024-11-08 18:49:20,508 [INFO] ApiDb:581 - Connected to CubeFinder SQLite database (/Users/mark/.stmcufinder/plugins/mcufinder/mcu/cube-finder-db.db)
2024-11-08 18:49:20,591 [INFO] ApiDb:668 - CubeFinder database Data Model version=2.1
2024-11-08 18:49:20,591 [INFO] ApiDb:669 - CubeFinder database Configuration version=3.0.39
2024-11-08 18:49:20,591 [INFO] ApiDb:670 - CubeFinder database generation date=2024-10-15 (1729006872)
2024-11-08 18:49:20,591 [INFO] ApiDb:671 - CubeFinder database FW Pack versions=[FP-ATR-ASTRA1_V2.0.0, FP-SNS-FLIGHT1_V5.0.2, FP-SNS-MOTENV1_V5.0.0, FP-SNS-MOTENVWB1_V1.4.0, FP-SNS-SMARTAG2_V1.2.0, FP-SNS-STBOX1_V2.0.0, STM32Cube_FW_C0_V1.2.0, STM32Cube_FW_F4_V1.28.1, STM32Cube_FW_F7_V1.17.2, STM32Cube_FW_G0_V1.6.2, STM32Cube_FW_G4_V1.6.0, STM32Cube_FW_H5_V1.3.0, STM32Cube_FW_H7RS_V1.1.0, STM32Cube_FW_H7_V1.11.2, STM32Cube_FW_L0_V1.12.2, STM32Cube_FW_L5_V1.5.1, STM32Cube_FW_U0_V1.1.0, STM32Cube_FW_U5_V1.6.0, STM32Cube_FW_WB0_V1.0.0, STM32Cube_FW_WBA_V1.4.1, STM32Cube_FW_WB_V1.20.0, STM32Cube_FW_WL_V1.3.0, X-CUBE-ALGOBUILD_V1.4.0, X-CUBE-ALS_V1.0.2, X-CUBE-AZRTOS-F4_V1.1.0, X-CUBE-AZRTOS-F7_V1.1.0, X-CUBE-AZRTOS-G0_V1.1.0, X-CUBE-AZRTOS-G4_V2.0.0, X-CUBE-AZRTOS-H7RS_V1.0.0, X-CUBE-AZRTOS-H7_V3.3.0, X-CUBE-AZRTOS-L4_V2.0.0, X-CUBE-AZRTOS-L5_V2.0.0, X-CUBE-AZRTOS-WB_V2.0.0, X-CUBE-AZRTOS-WL_V2.0.0, X-CUBE-BLE1_V7.0.0, X-CUBE-BLE2_V3.3.0, X-CUBE-BLEMGR_V3.1.0, X-CUBE-EEPRMA1_V5.1.0, X-CUBE-FREERTOS_V1.2.0, X-CUBE-GNSS1_V6.0.0, X-CUBE-MEMS1_V11.0.0, X-CUBE-NFC4_V3.0.0, X-CUBE-NFC7_V1.0.1, X-CUBE-SFXS2LP1_V4.0.0, X-CUBE-SUBG2_V5.0.0, X-CUBE-TOF1_V3.4.2]
2024-11-08 18:49:22,936 [INFO] ApiDb:240 - Found 646 in-development CPN: [B-G473E-ZEST1S, B-WB1M-WPAN1, B-WL5M-SUBG1, NUCLEO-C031C6, NUCLEO-C071RB, NUCLEO-H503RB, NUCLEO-H533RE, NUCLEO-H563ZI, NUCLEO-H7S3L8, NUCLEO-U031R8, NUCLEO-U083RC, NUCLEO-U545RE-Q, NUCLEO-U5A5ZJ-Q, NUCLEO-WB05KZ, NUCLEO-WB07CC, NUCLEO-WB09KE, NUCLEO-WBA52CG, NUCLEO-WBA55CG, STEVAL-PROTEUS1, STEVAL-SMARTAG2, STEVAL-STWINBX1, STM320518-EVAL, STM32C0116-DK, STM32C011D6Y3TR, STM32C011D6Y6TR, STM32C011F4P3, STM32C011F4P6, STM32C011F4U3, STM32C011F4U6TR, STM32C011F6P3, STM32C011F6P6, STM32C011F6U3, STM32C011F6U6TR, STM32C011J4M3, STM32C011J4M6, STM32C011J6M3, STM32C011J6M6, STM32C0316-DK, STM32C031C4T3, STM32C031C4T6, STM32C031C4U3, STM32C031C4U6, STM32C031C6T3, STM32C031C6T6, STM32C031C6U3, STM32C031C6U6, STM32C031F4P3, STM32C031F4P6, STM32C031F6P3, STM32C031F6P6, STM32C031G4U3, STM32C031G4U6, STM32C031G6U3, STM32C031G6U6, STM32C031K4T3, STM32C031K4T6, STM32C031K4U3, STM32C031K4U6, STM32C031K6T3, STM32C031K6T6, STM32C031K6U3, STM32C031K6U6, STM32C071C8T6, STM32C071C8T6N, STM32C071C8U6, STM32C071C8U6N, STM32C071CBT6, STM32C071CBT6N, STM32C071CBU6, STM32C071CBU6N, STM32C071F8P6, STM32C071F8P6N, STM32C071FBP6, STM32C071FBP6N, STM32C071FBY6TR, STM32C071G8U6, STM32C071G8U6N, STM32C071GBU6, STM32C071GBU6N, STM32C071K8T6, STM32C071K8T6N, STM32C071K8U6, STM32C071K8U6N, STM32C071KBT6, STM32C071KBT6N, STM32C071KBU6, STM32C071KBU6N, STM32C071R8T6, STM32C071R8T6N, STM32C071RBI6N, STM32C071RBT6, STM32C071RBT6N, STM32G071K8TXN, STM32G071K8UXN, STM32G081GBU6N, STM32G081KBT6N, STM32G081KBUXN, STM32G0B1CCT6N, STM32G0B1KCT6, STM32G0B1NEY6TR, STM32G0B1RCT6N, STM32G0C1CCT6, STM32G0C1CCT6N, STM32G0C1CCU6N, STM32G0C1CET6N, STM32G0C1CEU6N, STM32G0C1KCT6, STM32G0C1NEY6TR, STM32G0C1RCI6N, STM32G0C1RCT6N, STM32G0C1REI6N, STM32G0C1RET6N, STM32G0C1VCI6, STM32G0C1VEI6, STM32G411C6T3, STM32G411C6T6, STM32G411C6U3, STM32G411C6U6, STM32G411C8T3, STM32G411C8T6, STM32G411C8U3, STM32G411C8U6, STM32G411CBT3, STM32G411CBT6, STM32G411CBU3, STM32G411CBU6, STM32G411K6T3, STM32G411K6T6, STM32G411K6U3, STM32G411K6U6, STM32G411K8T3, STM32G411K8T6, STM32G411K8U3, STM32G411K8U6, STM32G411KBT3, STM32G411KBT6, STM32G411KBU3, STM32G411KBU6, STM32G411M6T3, STM32G411M6T6, STM32G411M8T3, STM32G411M8T6, STM32G411MBT3, STM32G411MBT6, STM32G411R6T3, STM32G411R6T6, STM32G411R8T3, STM32G411R8T6, STM32G411RBT3, STM32G411RBT6, STM32G414CBT3, STM32G414CBT6, STM32G414CBU3, STM32G414CBU6, STM32G414CCT3, STM32G414CCT6, STM32G414CCU3, STM32G414CCU6, STM32G414MBT3, STM32G414MBT6, STM32G414MCT3, STM32G414MCT6, STM32G414RBT3, STM32G414RBT6, STM32G414RCT3, STM32G414RCT6, STM32G414VBT3, STM32G414VBT6, STM32G414VCT3, STM32G414VCT6, STM32G431CBT3Z, STM32G431RBT3Z, STM32G471CCT6, STM32G471CCU6, STM32G471CET3, STM32G471CET6, STM32G471CEU3, STM32G471CEU6, STM32G471MCT6, STM32G471MET3, STM32G471MET6, STM32G471MEY6TR, STM32G471QCT6, STM32G471QET3, STM32G471RCT6, STM32G471RET3, STM32G471RET6, STM32G471VCH6, STM32G471VCI6, STM32G471VCT6, STM32G471VEH3, STM32G471VEH6, STM32G471VEI3, STM32G471VEI6, STM32G471VET3, STM32G471VET6, STM32G473QET3Z, STM32G473RET3Z, STM32G474CCT6, STM32G491RET3Z, STM32H503CBT6, STM32H503CBU6, STM32H503EBY6TR, STM32H503KBU6, STM32H503RBT6, STM32H523CCT6, STM32H523CCU6, STM32H523CET6, STM32H523CEU6, STM32H523HEY6TR, STM32H523RCT6, STM32H523RET6, STM32H523VCI6, STM32H523VCT6, STM32H523VEI6, STM32H523VET6, STM32H523ZCJ6, STM32H523ZCT6, STM32H523ZEJ6, STM32H523ZET6, STM32H533CET6, STM32H533CEU6, STM32H533HEY6TR, STM32H533RET6, STM32H533VEI6, STM32H533VET6, STM32H533ZEJ6, STM32H533ZET6, STM32H562AGI6, STM32H562AII6, STM32H562IGK6, STM32H562IGT6, STM32H562IIK6, STM32H562IIT6, STM32H562RGT6, STM32H562RGV6, STM32H562RIT6, STM32H562RIV6, STM32H562VGT6, STM32H562VIT6, STM32H562ZGT6, STM32H562ZIT6, STM32H563AGI6, STM32H563AII3Q, STM32H563AII6, STM32H563IGK6, STM32H563IGT6, STM32H563IIK3Q, STM32H563IIK6, STM32H563IIT3Q, STM32H563IIT6, STM32H563MIY3QTR, STM32H563RGT6, STM32H563RGV6, STM32H563RIT6, STM32H563RIV6, STM32H563VGT6, STM32H563VIT3Q, STM32H563VIT6, STM32H563ZGT6, STM32H563ZIT3Q, STM32H563ZIT6, STM32H573AII3Q, STM32H573AII6, STM32H573I-DK, STM32H573IIK3Q, STM32H573IIK6, STM32H573IIT3Q, STM32H573IIT6, STM32H573MIY3QTR, STM32H573RIT6, STM32H573RIV6, STM32H573VIT3Q, STM32H573VIT6, STM32H573ZIT3Q, STM32H573ZIT6, STM32H7R3A8I6, STM32H7R3I8K6, STM32H7R3I8T6, STM32H7R3L8H6, STM32H7R3L8H6H, STM32H7R3R8V6, STM32H7R3V8H6, STM32H7R3V8T6, STM32H7R3V8Y6TR, STM32H7R3Z8J6, STM32H7R3Z8T6, STM32H7R7A8I6, STM32H7R7I8K6, STM32H7R7I8T6, STM32H7R7L8H6, STM32H7R7L8H6H, STM32H7R7Z8J6, STM32H7S3A8I6, STM32H7S3I8K6, STM32H7S3I8T6, STM32H7S3L8H6, STM32H7S3L8H6H, STM32H7S3R8V6, STM32H7S3V8H6, STM32H7S3V8T6, STM32H7S3V8Y6TR, STM32H7S3Z8J6, STM32H7S3Z8T6, STM32H7S78-DK, STM32H7S7A8I6, STM32H7S7I8K6, STM32H7S7I8T6, STM32H7S7L8H6, STM32H7S7L8H6H, STM32H7S7Z8J6, STM32L4R5QGI6STR, STM32MP131AAE3, STM32MP131AAF3, STM32MP131AAG3, STM32MP131CAE3, STM32MP131CAF3, STM32MP131CAG3, STM32MP131DAE7, STM32MP131DAF7, STM32MP131DAG7, STM32MP131FAE7, STM32MP131FAF7, STM32MP131FAG7, STM32MP133AAE3, STM32MP133AAF3, STM32MP133AAG3, STM32MP133CAE3, STM32MP133CAF3, STM32MP133CAG3, STM32MP133DAE7, STM32MP133DAF7, STM32MP133DAG7, STM32MP133FAE7, STM32MP133FAF7, STM32MP133FAG7, STM32MP135AAE3, STM32MP135AAF3, STM32MP135AAG3, STM32MP135CAE3, STM32MP135CAF3, STM32MP135CAG3, STM32MP135DAE7, STM32MP135DAF7, STM32MP135DAG7, STM32MP135F-DK, STM32MP135FAE7, STM32MP135FAF7, STM32MP135FAF7T, STM32MP135FAF7U, STM32MP135FAG7, STM32MP251AAI3, STM32MP251AAK3, STM32MP251AAL3, STM32MP251CAI3, STM32MP251CAK3, STM32MP251CAL3, STM32MP251DAI3, STM32MP251DAK3, STM32MP251DAL3, STM32MP251FAI3, STM32MP251FAK3, STM32MP251FAL3, STM32MP253AAI3, STM32MP253AAK3, STM32MP253AAL3, STM32MP253CAI3, STM32MP253CAK3, STM32MP253CAL3, STM32MP253DAI3, STM32MP253DAK3, STM32MP253DAL3, STM32MP253FAI3, STM32MP253FAK3, STM32MP253FAL3, STM32MP255AAI3, STM32MP255AAK3, STM32MP255AAL3, STM32MP255CAI3, STM32MP255CAK3, STM32MP255CAL3, STM32MP255DAI3, STM32MP255DAK3, STM32MP255DAL3, STM32MP255FAI3, STM32MP255FAK3, STM32MP255FAL3, STM32MP257AAI3, STM32MP257AAK3, STM32MP257AAL3, STM32MP257CAI3, STM32MP257CAK3, STM32MP257CAL3, STM32MP257DAI3, STM32MP257DAK3, STM32MP257DAL3, STM32MP257F-DK, STM32MP257F-EV1, STM32MP257FAI3, STM32MP257FAK3, STM32MP257FAL3, STM32U031C6T6, STM32U031C6U6, STM32U031C8T6, STM32U031C8U6, STM32U031F4P6, STM32U031F6P6, STM32U031F8P6, STM32U031G6Y6TR, STM32U031G8Y6TR, STM32U031K4U6, STM32U031K6U6, STM32U031K8U6, STM32U031R6I6, STM32U031R6T6, STM32U031R8I6, STM32U031R8T6, STM32U073C8T6, STM32U073C8U6, STM32U073CBT6, STM32U073CBU6, STM32U073CCT6, STM32U073CCU6, STM32U073H8Y6TR, STM32U073HBY6TR, STM32U073HCY6TR, STM32U073K8U6, STM32U073KBU6, STM32U073KCU6, STM32U073M8I6, STM32U073M8T6, STM32U073MBI6, STM32U073MBT6, STM32U073MCI6, STM32U073MCT6, STM32U073R8I6, STM32U073R8T6, STM32U073RBI6, STM32U073RBT6, STM32U073RCI6, STM32U073RCT6, STM32U083C-DK, STM32U083CCT6, STM32U083CCU6, STM32U083HCY6TR, STM32U083KCU6, STM32U083MCI6, STM32U083MCT6, STM32U083RCI6, STM32U083RCT6, STM32U535CBT6, STM32U535CBT6Q, STM32U535CBU6, STM32U535CBU6Q, STM32U535CCT6, STM32U535CCT6Q, STM32U535CCU6, STM32U535CCU6Q, STM32U535CET6, STM32U535CET6Q, STM32U535CEU6, STM32U535CEU6Q, STM32U535JEY6QTR, STM32U535NCY6QTR, STM32U535NEY6QTR, STM32U535RBI6, STM32U535RBI6Q, STM32U535RBT6, STM32U535RBT6Q, STM32U535RCI6, STM32U535RCI6Q, STM32U535RCT6, STM32U535RCT6Q, STM32U535REI6, STM32U535REI6Q, STM32U535RET6, STM32U535RET6Q, STM32U535VCI6, STM32U535VCI6Q, STM32U535VCT6, STM32U535VCT6Q, STM32U535VEI6, STM32U535VEI6Q, STM32U535VET6, STM32U535VET6Q, STM32U545CET6, STM32U545CET6Q, STM32U545CEU6, STM32U545CEU6Q, STM32U545JEY6QTR, STM32U545NEY6QTR, STM32U545REI6, STM32U545REI6Q, STM32U545RET6, STM32U545RET6Q, STM32U545VEI6, STM32U545VEI6Q, STM32U545VET6, STM32U545VET6Q, STM32U595AIH6, STM32U595AIH6Q, STM32U595AJH6, STM32U595AJH6Q, STM32U595QII6, STM32U595QII6Q, STM32U595QJI6, STM32U595QJI6Q, STM32U595RIT6, STM32U595RIT6Q, STM32U595RJT6, STM32U595RJT6Q, STM32U595VIT6, STM32U595VIT6Q, STM32U595VJT6, STM32U595VJT6Q, STM32U595ZIT6, STM32U595ZIT6Q, STM32U595ZIY6QTR, STM32U595ZJT6, STM32U595ZJT6Q, STM32U595ZJY6QTR, STM32U599BJY6QTR, STM32U599NIH6Q, STM32U599NJH6Q, STM32U599VIT6Q, STM32U599VJT6, STM32U599VJT6Q, STM32U599ZIT6Q, STM32U599ZIY6QTR, STM32U599ZJT6Q, STM32U599ZJY6QTR, STM32U5A5AJH6, STM32U5A5AJH6Q, STM32U5A5QII3Q , STM32U5A5QJI6, STM32U5A5QJI6Q, STM32U5A5RJT6, STM32U5A5RJT6Q, STM32U5A5VJT6, STM32U5A5VJT6Q, STM32U5A5ZJT6, STM32U5A5ZJT6Q, STM32U5A5ZJY6QTR, STM32U5A9BJY6QTR, STM32U5A9J-DK, STM32U5A9NJH6Q, STM32U5A9VJT6Q, STM32U5A9ZJT6Q, STM32U5A9ZJY6QTR, STM32U5F7VIT6, STM32U5F7VIT6Q, STM32U5F7VJT6, STM32U5F7VJT6Q, STM32U5F9BJY6QTR, STM32U5F9NJH6Q, STM32U5F9VIT6Q, STM32U5F9VJT6Q, STM32U5F9ZIJ6QTR, STM32U5F9ZIT6Q, STM32U5F9ZJJ6QTR, STM32U5F9ZJT6Q, STM32U5G7VJT6, STM32U5G7VJT6Q, STM32U5G9BJY6QTR, STM32U5G9J-DK1, STM32U5G9J-DK2, STM32U5G9NJH6Q, STM32U5G9VJT6Q, STM32U5G9ZJJ6QTR, STM32U5G9ZJT6Q, STM32WB05KZV6TR, STM32WB05KZV7TR, STM32WB05TZF6TR, STM32WB05TZF7TR, STM32WB06CCF6TR, STM32WB06CCF7TR, STM32WB06CCV6TR, STM32WB06CCV7TR, STM32WB06KCV6TR, STM32WB06KCV7TR, STM32WB07CCF6TR, STM32WB07CCF7TR, STM32WB07CCV6TR, STM32WB07CCV7TR, STM32WB07KCV6TR, STM32WB07KCV7TR, STM32WB09KEV6TR, STM32WB09KEV7TR, STM32WB09TEF6TR, STM32WB09TEF7TR, STM32WB1MMCH6, STM32WBA50KGU6, STM32WBA50KGU6TR, STM32WBA52CEU6, STM32WBA52CEU6TR, STM32WBA52CEU7, STM32WBA52CEU7TR, STM32WBA52CGU6, STM32WBA52CGU6TR, STM32WBA52CGU6U, STM32WBA52CGU7, STM32WBA52CGU7TR, STM32WBA52KEU6, STM32WBA52KEU6TR, STM32WBA52KGU6, STM32WBA52KGU6TR, STM32WBA54CEU6, STM32WBA54CEU6TR, STM32WBA54CEU7, STM32WBA54CEU7TR, STM32WBA54CGU6, STM32WBA54CGU6TR, STM32WBA54CGU7, STM32WBA54CGU7TR, STM32WBA54KEU6, STM32WBA54KEU6TR, STM32WBA54KEU7, STM32WBA54KEU7TR, STM32WBA54KGU6, STM32WBA54KGU6TR, STM32WBA54KGU7, STM32WBA54KGU7TR, STM32WBA55CEU6, STM32WBA55CEU6TR, STM32WBA55CEU7, STM32WBA55CEU7TR, STM32WBA55CGU6, STM32WBA55CGU6TR, STM32WBA55CGU6U, STM32WBA55CGU7, STM32WBA55CGU7TR, STM32WBA55G-DK1, STM32WBA55HEF6, STM32WBA55HEF7, STM32WBA55HGF6, STM32WBA55HGF7, STM32WBA55UEI6, STM32WBA55UEI6TR, STM32WBA55UEI7, STM32WBA55UEI7TR, STM32WBA55UGI6, STM32WBA55UGI6TR, STM32WBA55UGI7, STM32WBA55UGI7TR, STM32WL5MOCH6, STM32WL5MOCH6TR]
2024-11-08 18:49:22,945 [INFO] DbMcus:218 - Found 4252 MCUs, 4252 are supported
2024-11-08 18:49:22,946 [INFO] ApiDb:423 - Load user favorites file /Users/mark/.stm32cubeide/favorites.mcus.txt: 0 item(s)
2024-11-08 18:49:22,947 [INFO] ApiDb:427 - User favorites MCUs=[]
2024-11-08 18:49:22,949 [INFO] DbMcus:224 - Set 0 / 0 favorites MCUs
2024-11-08 18:49:23,357 [INFO] ApiDb:448 - Save user favorites file /Users/mark/.stm32cubeide/favorites.boards.txt: 2 item(s)
2024-11-08 18:49:23,357 [INFO] ApiDb:452 - User favorites Boards=[NUCLEO-F303RE, NUCLEO-L496ZG-P]
2024-11-08 18:49:23,359 [INFO] ApiDb:581 - Connected to CubeFinder SQLite database (/Users/mark/.stmcufinder/plugins/mcufinder/mcu/cube-finder-db.db)
2024-11-08 18:49:23,438 [INFO] ApiDb:668 - CubeFinder database Data Model version=2.1
2024-11-08 18:49:23,438 [INFO] ApiDb:669 - CubeFinder database Configuration version=3.0.39
2024-11-08 18:49:23,439 [INFO] ApiDb:670 - CubeFinder database generation date=2024-10-15 (1729006872)
2024-11-08 18:49:23,439 [INFO] ApiDb:671 - CubeFinder database FW Pack versions=[FP-ATR-ASTRA1_V2.0.0, FP-SNS-FLIGHT1_V5.0.2, FP-SNS-MOTENV1_V5.0.0, FP-SNS-MOTENVWB1_V1.4.0, FP-SNS-SMARTAG2_V1.2.0, FP-SNS-STBOX1_V2.0.0, STM32Cube_FW_C0_V1.2.0, STM32Cube_FW_F4_V1.28.1, STM32Cube_FW_F7_V1.17.2, STM32Cube_FW_G0_V1.6.2, STM32Cube_FW_G4_V1.6.0, STM32Cube_FW_H5_V1.3.0, STM32Cube_FW_H7RS_V1.1.0, STM32Cube_FW_H7_V1.11.2, STM32Cube_FW_L0_V1.12.2, STM32Cube_FW_L5_V1.5.1, STM32Cube_FW_U0_V1.1.0, STM32Cube_FW_U5_V1.6.0, STM32Cube_FW_WB0_V1.0.0, STM32Cube_FW_WBA_V1.4.1, STM32Cube_FW_WB_V1.20.0, STM32Cube_FW_WL_V1.3.0, X-CUBE-ALGOBUILD_V1.4.0, X-CUBE-ALS_V1.0.2, X-CUBE-AZRTOS-F4_V1.1.0, X-CUBE-AZRTOS-F7_V1.1.0, X-CUBE-AZRTOS-G0_V1.1.0, X-CUBE-AZRTOS-G4_V2.0.0, X-CUBE-AZRTOS-H7RS_V1.0.0, X-CUBE-AZRTOS-H7_V3.3.0, X-CUBE-AZRTOS-L4_V2.0.0, X-CUBE-AZRTOS-L5_V2.0.0, X-CUBE-AZRTOS-WB_V2.0.0, X-CUBE-AZRTOS-WL_V2.0.0, X-CUBE-BLE1_V7.0.0, X-CUBE-BLE2_V3.3.0, X-CUBE-BLEMGR_V3.1.0, X-CUBE-EEPRMA1_V5.1.0, X-CUBE-FREERTOS_V1.2.0, X-CUBE-GNSS1_V6.0.0, X-CUBE-MEMS1_V11.0.0, X-CUBE-NFC4_V3.0.0, X-CUBE-NFC7_V1.0.1, X-CUBE-SFXS2LP1_V4.0.0, X-CUBE-SUBG2_V5.0.0, X-CUBE-TOF1_V3.4.2]
2024-11-08 18:49:23,498 [INFO] DbBoardsSqlite:226 - include board P-NUCLEO-WB55-NUCLEO as a kit item of type 'Nucleo-64'
2024-11-08 18:49:23,498 [INFO] DbBoardsSqlite:226 - include board P-NUCLEO-WB55-USBDONGLE as a kit item of type 'Nucleo USB Dongle'
2024-11-08 18:49:23,498 [INFO] DbBoardsSqlite:226 - include board STEVAL-IDP005V1 as a kit item of type 'Evaluation Board'
2024-11-08 18:49:23,499 [INFO] DbBoardsSqlite:226 - include board STEVAL-IDP005V2 as a kit item of type 'Evaluation Board'
2024-11-08 18:49:23,540 [INFO] ApiDb:240 - Found 646 in-development CPN: [B-G473E-ZEST1S, B-WB1M-WPAN1, B-WL5M-SUBG1, NUCLEO-C031C6, NUCLEO-C071RB, NUCLEO-H503RB, NUCLEO-H533RE, NUCLEO-H563ZI, NUCLEO-H7S3L8, NUCLEO-U031R8, NUCLEO-U083RC, NUCLEO-U545RE-Q, NUCLEO-U5A5ZJ-Q, NUCLEO-WB05KZ, NUCLEO-WB07CC, NUCLEO-WB09KE, NUCLEO-WBA52CG, NUCLEO-WBA55CG, STEVAL-PROTEUS1, STEVAL-SMARTAG2, STEVAL-STWINBX1, STM320518-EVAL, STM32C0116-DK, STM32C011D6Y3TR, STM32C011D6Y6TR, STM32C011F4P3, STM32C011F4P6, STM32C011F4U3, STM32C011F4U6TR, STM32C011F6P3, STM32C011F6P6, STM32C011F6U3, STM32C011F6U6TR, STM32C011J4M3, STM32C011J4M6, STM32C011J6M3, STM32C011J6M6, STM32C0316-DK, STM32C031C4T3, STM32C031C4T6, STM32C031C4U3, STM32C031C4U6, STM32C031C6T3, STM32C031C6T6, STM32C031C6U3, STM32C031C6U6, STM32C031F4P3, STM32C031F4P6, STM32C031F6P3, STM32C031F6P6, STM32C031G4U3, STM32C031G4U6, STM32C031G6U3, STM32C031G6U6, STM32C031K4T3, STM32C031K4T6, STM32C031K4U3, STM32C031K4U6, STM32C031K6T3, STM32C031K6T6, STM32C031K6U3, STM32C031K6U6, STM32C071C8T6, STM32C071C8T6N, STM32C071C8U6, STM32C071C8U6N, STM32C071CBT6, STM32C071CBT6N, STM32C071CBU6, STM32C071CBU6N, STM32C071F8P6, STM32C071F8P6N, STM32C071FBP6, STM32C071FBP6N, STM32C071FBY6TR, STM32C071G8U6, STM32C071G8U6N, STM32C071GBU6, STM32C071GBU6N, STM32C071K8T6, STM32C071K8T6N, STM32C071K8U6, STM32C071K8U6N, STM32C071KBT6, STM32C071KBT6N, STM32C071KBU6, STM32C071KBU6N, STM32C071R8T6, STM32C071R8T6N, STM32C071RBI6N, STM32C071RBT6, STM32C071RBT6N, STM32G071K8TXN, STM32G071K8UXN, STM32G081GBU6N, STM32G081KBT6N, STM32G081KBUXN, STM32G0B1CCT6N, STM32G0B1KCT6, STM32G0B1NEY6TR, STM32G0B1RCT6N, STM32G0C1CCT6, STM32G0C1CCT6N, STM32G0C1CCU6N, STM32G0C1CET6N, STM32G0C1CEU6N, STM32G0C1KCT6, STM32G0C1NEY6TR, STM32G0C1RCI6N, STM32G0C1RCT6N, STM32G0C1REI6N, STM32G0C1RET6N, STM32G0C1VCI6, STM32G0C1VEI6, STM32G411C6T3, STM32G411C6T6, STM32G411C6U3, STM32G411C6U6, STM32G411C8T3, STM32G411C8T6, STM32G411C8U3, STM32G411C8U6, STM32G411CBT3, STM32G411CBT6, STM32G411CBU3, STM32G411CBU6, STM32G411K6T3, STM32G411K6T6, STM32G411K6U3, STM32G411K6U6, STM32G411K8T3, STM32G411K8T6, STM32G411K8U3, STM32G411K8U6, STM32G411KBT3, STM32G411KBT6, STM32G411KBU3, STM32G411KBU6, STM32G411M6T3, STM32G411M6T6, STM32G411M8T3, STM32G411M8T6, STM32G411MBT3, STM32G411MBT6, STM32G411R6T3, STM32G411R6T6, STM32G411R8T3, STM32G411R8T6, STM32G411RBT3, STM32G411RBT6, STM32G414CBT3, STM32G414CBT6, STM32G414CBU3, STM32G414CBU6, STM32G414CCT3, STM32G414CCT6, STM32G414CCU3, STM32G414CCU6, STM32G414MBT3, STM32G414MBT6, STM32G414MCT3, STM32G414MCT6, STM32G414RBT3, STM32G414RBT6, STM32G414RCT3, STM32G414RCT6, STM32G414VBT3, STM32G414VBT6, STM32G414VCT3, STM32G414VCT6, STM32G431CBT3Z, STM32G431RBT3Z, STM32G471CCT6, STM32G471CCU6, STM32G471CET3, STM32G471CET6, STM32G471CEU3, STM32G471CEU6, STM32G471MCT6, STM32G471MET3, STM32G471MET6, STM32G471MEY6TR, STM32G471QCT6, STM32G471QET3, STM32G471RCT6, STM32G471RET3, STM32G471RET6, STM32G471VCH6, STM32G471VCI6, STM32G471VCT6, STM32G471VEH3, STM32G471VEH6, STM32G471VEI3, STM32G471VEI6, STM32G471VET3, STM32G471VET6, STM32G473QET3Z, STM32G473RET3Z, STM32G474CCT6, STM32G491RET3Z, STM32H503CBT6, STM32H503CBU6, STM32H503EBY6TR, STM32H503KBU6, STM32H503RBT6, STM32H523CCT6, STM32H523CCU6, STM32H523CET6, STM32H523CEU6, STM32H523HEY6TR, STM32H523RCT6, STM32H523RET6, STM32H523VCI6, STM32H523VCT6, STM32H523VEI6, STM32H523VET6, STM32H523ZCJ6, STM32H523ZCT6, STM32H523ZEJ6, STM32H523ZET6, STM32H533CET6, STM32H533CEU6, STM32H533HEY6TR, STM32H533RET6, STM32H533VEI6, STM32H533VET6, STM32H533ZEJ6, STM32H533ZET6, STM32H562AGI6, STM32H562AII6, STM32H562IGK6, STM32H562IGT6, STM32H562IIK6, STM32H562IIT6, STM32H562RGT6, STM32H562RGV6, STM32H562RIT6, STM32H562RIV6, STM32H562VGT6, STM32H562VIT6, STM32H562ZGT6, STM32H562ZIT6, STM32H563AGI6, STM32H563AII3Q, STM32H563AII6, STM32H563IGK6, STM32H563IGT6, STM32H563IIK3Q, STM32H563IIK6, STM32H563IIT3Q, STM32H563IIT6, STM32H563MIY3QTR, STM32H563RGT6, STM32H563RGV6, STM32H563RIT6, STM32H563RIV6, STM32H563VGT6, STM32H563VIT3Q, STM32H563VIT6, STM32H563ZGT6, STM32H563ZIT3Q, STM32H563ZIT6, STM32H573AII3Q, STM32H573AII6, STM32H573I-DK, STM32H573IIK3Q, STM32H573IIK6, STM32H573IIT3Q, STM32H573IIT6, STM32H573MIY3QTR, STM32H573RIT6, STM32H573RIV6, STM32H573VIT3Q, STM32H573VIT6, STM32H573ZIT3Q, STM32H573ZIT6, STM32H7R3A8I6, STM32H7R3I8K6, STM32H7R3I8T6, STM32H7R3L8H6, STM32H7R3L8H6H, STM32H7R3R8V6, STM32H7R3V8H6, STM32H7R3V8T6, STM32H7R3V8Y6TR, STM32H7R3Z8J6, STM32H7R3Z8T6, STM32H7R7A8I6, STM32H7R7I8K6, STM32H7R7I8T6, STM32H7R7L8H6, STM32H7R7L8H6H, STM32H7R7Z8J6, STM32H7S3A8I6, STM32H7S3I8K6, STM32H7S3I8T6, STM32H7S3L8H6, STM32H7S3L8H6H, STM32H7S3R8V6, STM32H7S3V8H6, STM32H7S3V8T6, STM32H7S3V8Y6TR, STM32H7S3Z8J6, STM32H7S3Z8T6, STM32H7S78-DK, STM32H7S7A8I6, STM32H7S7I8K6, STM32H7S7I8T6, STM32H7S7L8H6, STM32H7S7L8H6H, STM32H7S7Z8J6, STM32L4R5QGI6STR, STM32MP131AAE3, STM32MP131AAF3, STM32MP131AAG3, STM32MP131CAE3, STM32MP131CAF3, STM32MP131CAG3, STM32MP131DAE7, STM32MP131DAF7, STM32MP131DAG7, STM32MP131FAE7, STM32MP131FAF7, STM32MP131FAG7, STM32MP133AAE3, STM32MP133AAF3, STM32MP133AAG3, STM32MP133CAE3, STM32MP133CAF3, STM32MP133CAG3, STM32MP133DAE7, STM32MP133DAF7, STM32MP133DAG7, STM32MP133FAE7, STM32MP133FAF7, STM32MP133FAG7, STM32MP135AAE3, STM32MP135AAF3, STM32MP135AAG3, STM32MP135CAE3, STM32MP135CAF3, STM32MP135CAG3, STM32MP135DAE7, STM32MP135DAF7, STM32MP135DAG7, STM32MP135F-DK, STM32MP135FAE7, STM32MP135FAF7, STM32MP135FAF7T, STM32MP135FAF7U, STM32MP135FAG7, STM32MP251AAI3, STM32MP251AAK3, STM32MP251AAL3, STM32MP251CAI3, STM32MP251CAK3, STM32MP251CAL3, STM32MP251DAI3, STM32MP251DAK3, STM32MP251DAL3, STM32MP251FAI3, STM32MP251FAK3, STM32MP251FAL3, STM32MP253AAI3, STM32MP253AAK3, STM32MP253AAL3, STM32MP253CAI3, STM32MP253CAK3, STM32MP253CAL3, STM32MP253DAI3, STM32MP253DAK3, STM32MP253DAL3, STM32MP253FAI3, STM32MP253FAK3, STM32MP253FAL3, STM32MP255AAI3, STM32MP255AAK3, STM32MP255AAL3, STM32MP255CAI3, STM32MP255CAK3, STM32MP255CAL3, STM32MP255DAI3, STM32MP255DAK3, STM32MP255DAL3, STM32MP255FAI3, STM32MP255FAK3, STM32MP255FAL3, STM32MP257AAI3, STM32MP257AAK3, STM32MP257AAL3, STM32MP257CAI3, STM32MP257CAK3, STM32MP257CAL3, STM32MP257DAI3, STM32MP257DAK3, STM32MP257DAL3, STM32MP257F-DK, STM32MP257F-EV1, STM32MP257FAI3, STM32MP257FAK3, STM32MP257FAL3, STM32U031C6T6, STM32U031C6U6, STM32U031C8T6, STM32U031C8U6, STM32U031F4P6, STM32U031F6P6, STM32U031F8P6, STM32U031G6Y6TR, STM32U031G8Y6TR, STM32U031K4U6, STM32U031K6U6, STM32U031K8U6, STM32U031R6I6, STM32U031R6T6, STM32U031R8I6, STM32U031R8T6, STM32U073C8T6, STM32U073C8U6, STM32U073CBT6, STM32U073CBU6, STM32U073CCT6, STM32U073CCU6, STM32U073H8Y6TR, STM32U073HBY6TR, STM32U073HCY6TR, STM32U073K8U6, STM32U073KBU6, STM32U073KCU6, STM32U073M8I6, STM32U073M8T6, STM32U073MBI6, STM32U073MBT6, STM32U073MCI6, STM32U073MCT6, STM32U073R8I6, STM32U073R8T6, STM32U073RBI6, STM32U073RBT6, STM32U073RCI6, STM32U073RCT6, STM32U083C-DK, STM32U083CCT6, STM32U083CCU6, STM32U083HCY6TR, STM32U083KCU6, STM32U083MCI6, STM32U083MCT6, STM32U083RCI6, STM32U083RCT6, STM32U535CBT6, STM32U535CBT6Q, STM32U535CBU6, STM32U535CBU6Q, STM32U535CCT6, STM32U535CCT6Q, STM32U535CCU6, STM32U535CCU6Q, STM32U535CET6, STM32U535CET6Q, STM32U535CEU6, STM32U535CEU6Q, STM32U535JEY6QTR, STM32U535NCY6QTR, STM32U535NEY6QTR, STM32U535RBI6, STM32U535RBI6Q, STM32U535RBT6, STM32U535RBT6Q, STM32U535RCI6, STM32U535RCI6Q, STM32U535RCT6, STM32U535RCT6Q, STM32U535REI6, STM32U535REI6Q, STM32U535RET6, STM32U535RET6Q, STM32U535VCI6, STM32U535VCI6Q, STM32U535VCT6, STM32U535VCT6Q, STM32U535VEI6, STM32U535VEI6Q, STM32U535VET6, STM32U535VET6Q, STM32U545CET6, STM32U545CET6Q, STM32U545CEU6, STM32U545CEU6Q, STM32U545JEY6QTR, STM32U545NEY6QTR, STM32U545REI6, STM32U545REI6Q, STM32U545RET6, STM32U545RET6Q, STM32U545VEI6, STM32U545VEI6Q, STM32U545VET6, STM32U545VET6Q, STM32U595AIH6, STM32U595AIH6Q, STM32U595AJH6, STM32U595AJH6Q, STM32U595QII6, STM32U595QII6Q, STM32U595QJI6, STM32U595QJI6Q, STM32U595RIT6, STM32U595RIT6Q, STM32U595RJT6, STM32U595RJT6Q, STM32U595VIT6, STM32U595VIT6Q, STM32U595VJT6, STM32U595VJT6Q, STM32U595ZIT6, STM32U595ZIT6Q, STM32U595ZIY6QTR, STM32U595ZJT6, STM32U595ZJT6Q, STM32U595ZJY6QTR, STM32U599BJY6QTR, STM32U599NIH6Q, STM32U599NJH6Q, STM32U599VIT6Q, STM32U599VJT6, STM32U599VJT6Q, STM32U599ZIT6Q, STM32U599ZIY6QTR, STM32U599ZJT6Q, STM32U599ZJY6QTR, STM32U5A5AJH6, STM32U5A5AJH6Q, STM32U5A5QII3Q , STM32U5A5QJI6, STM32U5A5QJI6Q, STM32U5A5RJT6, STM32U5A5RJT6Q, STM32U5A5VJT6, STM32U5A5VJT6Q, STM32U5A5ZJT6, STM32U5A5ZJT6Q, STM32U5A5ZJY6QTR, STM32U5A9BJY6QTR, STM32U5A9J-DK, STM32U5A9NJH6Q, STM32U5A9VJT6Q, STM32U5A9ZJT6Q, STM32U5A9ZJY6QTR, STM32U5F7VIT6, STM32U5F7VIT6Q, STM32U5F7VJT6, STM32U5F7VJT6Q, STM32U5F9BJY6QTR, STM32U5F9NJH6Q, STM32U5F9VIT6Q, STM32U5F9VJT6Q, STM32U5F9ZIJ6QTR, STM32U5F9ZIT6Q, STM32U5F9ZJJ6QTR, STM32U5F9ZJT6Q, STM32U5G7VJT6, STM32U5G7VJT6Q, STM32U5G9BJY6QTR, STM32U5G9J-DK1, STM32U5G9J-DK2, STM32U5G9NJH6Q, STM32U5G9VJT6Q, STM32U5G9ZJJ6QTR, STM32U5G9ZJT6Q, STM32WB05KZV6TR, STM32WB05KZV7TR, STM32WB05TZF6TR, STM32WB05TZF7TR, STM32WB06CCF6TR, STM32WB06CCF7TR, STM32WB06CCV6TR, STM32WB06CCV7TR, STM32WB06KCV6TR, STM32WB06KCV7TR, STM32WB07CCF6TR, STM32WB07CCF7TR, STM32WB07CCV6TR, STM32WB07CCV7TR, STM32WB07KCV6TR, STM32WB07KCV7TR, STM32WB09KEV6TR, STM32WB09KEV7TR, STM32WB09TEF6TR, STM32WB09TEF7TR, STM32WB1MMCH6, STM32WBA50KGU6, STM32WBA50KGU6TR, STM32WBA52CEU6, STM32WBA52CEU6TR, STM32WBA52CEU7, STM32WBA52CEU7TR, STM32WBA52CGU6, STM32WBA52CGU6TR, STM32WBA52CGU6U, STM32WBA52CGU7, STM32WBA52CGU7TR, STM32WBA52KEU6, STM32WBA52KEU6TR, STM32WBA52KGU6, STM32WBA52KGU6TR, STM32WBA54CEU6, STM32WBA54CEU6TR, STM32WBA54CEU7, STM32WBA54CEU7TR, STM32WBA54CGU6, STM32WBA54CGU6TR, STM32WBA54CGU7, STM32WBA54CGU7TR, STM32WBA54KEU6, STM32WBA54KEU6TR, STM32WBA54KEU7, STM32WBA54KEU7TR, STM32WBA54KGU6, STM32WBA54KGU6TR, STM32WBA54KGU7, STM32WBA54KGU7TR, STM32WBA55CEU6, STM32WBA55CEU6TR, STM32WBA55CEU7, STM32WBA55CEU7TR, STM32WBA55CGU6, STM32WBA55CGU6TR, STM32WBA55CGU6U, STM32WBA55CGU7, STM32WBA55CGU7TR, STM32WBA55G-DK1, STM32WBA55HEF6, STM32WBA55HEF7, STM32WBA55HGF6, STM32WBA55HGF7, STM32WBA55UEI6, STM32WBA55UEI6TR, STM32WBA55UEI7, STM32WBA55UEI7TR, STM32WBA55UGI6, STM32WBA55UGI6TR, STM32WBA55UGI7, STM32WBA55UGI7TR, STM32WL5MOCH6, STM32WL5MOCH6TR]
2024-11-08 18:49:23,717 [INFO] BoardInfo:889 - No configuration file found for board P-NUCLEO-WB55
2024-11-08 18:49:23,718 [INFO] DbBoards:161 - Kit is not supported: P-NUCLEO-WB55
2024-11-08 18:49:23,724 [INFO] BoardInfo:889 - No configuration file found for board STEVAL-BFA001V1B
2024-11-08 18:49:23,724 [INFO] DbBoards:161 - Kit is not supported: STEVAL-BFA001V1B
2024-11-08 18:49:23,726 [INFO] BoardInfo:889 - No configuration file found for board STEVAL-BFA001V2B
2024-11-08 18:49:23,726 [INFO] DbBoards:161 - Kit is not supported: STEVAL-BFA001V2B
2024-11-08 18:49:23,946 [INFO] DbBoards:168 - Found 201 boards, 198 are supported
2024-11-08 18:49:23,946 [INFO] DbBoards:169 - Found 201 boards, 25 of them is supported for  Bsp
2024-11-08 18:49:23,949 [INFO] ApiDb:423 - Load user favorites file /Users/mark/.stm32cubeide/favorites.boards.txt: 2 item(s)
2024-11-08 18:49:23,949 [INFO] ApiDb:427 - User favorites Boards=[NUCLEO-F303RE, NUCLEO-L496ZG-P]
2024-11-08 18:49:23,949 [INFO] DbBoards:198 - Set 2 / 2 favorites Boards
2024-11-08 18:49:24,003 [INFO] LoadUrlFilesThread:185 - End of LoadServerUrlFiles without Thread
2024-11-08 18:49:24,004 [INFO] TargetSelectorAdapter:259 - Refresh data is successful
2024-11-08 18:49:24,008 [INFO] ApiDb:668 - CubeFinder database Data Model version=2.1
2024-11-08 18:49:24,008 [INFO] ApiDb:669 - CubeFinder database Configuration version=3.0.39
2024-11-08 18:49:24,008 [INFO] ApiDb:670 - CubeFinder database generation date=2024-10-15 (1729006872)
2024-11-08 18:49:24,008 [INFO] ApiDb:671 - CubeFinder database FW Pack versions=[FP-ATR-ASTRA1_V2.0.0, FP-SNS-FLIGHT1_V5.0.2, FP-SNS-MOTENV1_V5.0.0, FP-SNS-MOTENVWB1_V1.4.0, FP-SNS-SMARTAG2_V1.2.0, FP-SNS-STBOX1_V2.0.0, STM32Cube_FW_C0_V1.2.0, STM32Cube_FW_F4_V1.28.1, STM32Cube_FW_F7_V1.17.2, STM32Cube_FW_G0_V1.6.2, STM32Cube_FW_G4_V1.6.0, STM32Cube_FW_H5_V1.3.0, STM32Cube_FW_H7RS_V1.1.0, STM32Cube_FW_H7_V1.11.2, STM32Cube_FW_L0_V1.12.2, STM32Cube_FW_L5_V1.5.1, STM32Cube_FW_U0_V1.1.0, STM32Cube_FW_U5_V1.6.0, STM32Cube_FW_WB0_V1.0.0, STM32Cube_FW_WBA_V1.4.1, STM32Cube_FW_WB_V1.20.0, STM32Cube_FW_WL_V1.3.0, X-CUBE-ALGOBUILD_V1.4.0, X-CUBE-ALS_V1.0.2, X-CUBE-AZRTOS-F4_V1.1.0, X-CUBE-AZRTOS-F7_V1.1.0, X-CUBE-AZRTOS-G0_V1.1.0, X-CUBE-AZRTOS-G4_V2.0.0, X-CUBE-AZRTOS-H7RS_V1.0.0, X-CUBE-AZRTOS-H7_V3.3.0, X-CUBE-AZRTOS-L4_V2.0.0, X-CUBE-AZRTOS-L5_V2.0.0, X-CUBE-AZRTOS-WB_V2.0.0, X-CUBE-AZRTOS-WL_V2.0.0, X-CUBE-BLE1_V7.0.0, X-CUBE-BLE2_V3.3.0, X-CUBE-BLEMGR_V3.1.0, X-CUBE-EEPRMA1_V5.1.0, X-CUBE-FREERTOS_V1.2.0, X-CUBE-GNSS1_V6.0.0, X-CUBE-MEMS1_V11.0.0, X-CUBE-NFC4_V3.0.0, X-CUBE-NFC7_V1.0.1, X-CUBE-SFXS2LP1_V4.0.0, X-CUBE-SUBG2_V5.0.0, X-CUBE-TOF1_V3.4.2]
2024-11-08 18:49:25,340 [ERROR] DbExamplesSqlite:437 - Missing JSON key: board_cpn
2024-11-08 18:49:25,346 [ERROR] DbExamplesSqlite:437 - Missing JSON key: board_cpn
2024-11-08 18:49:25,346 [ERROR] DbExamplesSqlite:437 - Missing JSON key: board_cpn
2024-11-08 18:49:25,346 [ERROR] DbExamplesSqlite:437 - Missing JSON key: board_cpn
2024-11-08 18:49:25,574 [ERROR] DbExamplesSqlite:437 - Missing JSON key: board_cpn
2024-11-08 18:49:25,576 [ERROR] DbExamplesSqlite:437 - Missing JSON key: board_cpn
2024-11-08 18:49:25,577 [ERROR] DbExamplesSqlite:437 - Missing JSON key: board_cpn
2024-11-08 18:49:25,578 [ERROR] DbExamplesSqlite:437 - Missing JSON key: board_cpn
2024-11-08 18:49:25,578 [ERROR] DbExamplesSqlite:437 - Missing JSON key: board_cpn
2024-11-08 18:49:25,578 [ERROR] DbExamplesSqlite:437 - Missing JSON key: board_cpn
2024-11-08 18:49:25,578 [ERROR] DbExamplesSqlite:437 - Missing JSON key: board_cpn
2024-11-08 18:49:25,579 [ERROR] DbExamplesSqlite:437 - Missing JSON key: board_cpn
2024-11-08 18:49:25,579 [ERROR] DbExamplesSqlite:437 - Missing JSON key: board_cpn
2024-11-08 18:49:25,585 [INFO] DbExamplesSqlite:395 - Ignored 28 examples not supported by CubeIDE
2024-11-08 18:49:25,585 [INFO] DbExamplesSqlite:396 - Found 8617 examples active
2024-11-08 18:49:25,585 [INFO] DbExamplesSqlite:397 - Found 0 examples obsolete
2024-11-08 18:49:25,586 [INFO] DbExamplesSqlite:398 - Found 0 examples under development
2024-11-08 18:49:25,586 [INFO] DbExamplesSqlite:399 - Found 10 examples not building
2024-11-08 18:49:25,595 [INFO] DbExamples:125 - Found 8599 examples
2024-11-08 18:49:25,630 [INFO] DbExamples:222 - Found 108 boards with related examples
2024-11-08 18:49:25,632 [INFO] DbExamples:235 - Found 90 MCUs with related examples
2024-11-08 18:49:25,667 [INFO] ApiDb:423 - Load user favorites file /Users/mark/.stm32cubeide/favorites.examples.txt: 5 item(s)
2024-11-08 18:49:25,667 [INFO] ApiDb:427 - User favorites Examples=[STM32CUBEWL-SWX-15808, STM32CUBEWL-SWX-15815, STM32CUBEWL-SWX-15816, STM32CUBEWL-SWX-16901, STM32CUBEWL-SWX-16914]
2024-11-08 18:49:25,680 [INFO] DbExamples:250 - Set 5 / 5 favorites Examples
2024-11-08 18:49:26,190 [INFO] McuFinderGlobals:76 - Set McuFinderConnectedMode to true
2024-11-08 18:49:26,217 [INFO] MultiScanPanel:200 - Auto-refresh data requested => check proxy status ongoing
2024-11-08 18:49:26,224 [INFO] FinderPluginLoader:95 - Searching for filters in installed packs
2024-11-08 18:49:28,269 [INFO] LoadUrlFilesThread:185 - End of LoadServerUrlFiles without Thread
2024-11-08 18:49:28,316 [INFO] DetailPanel:341 - Set advertising image to /Users/mark/STM32Cube/Repository//en.prom-stm32c071-usb-memories-mcu-finder.png
2024-11-08 18:49:36,539 [INFO] MultiScanPanel:200 - Auto-refresh data requested => check proxy status ongoing
2024-11-08 18:49:37,006 [INFO] LoadUrlFilesThread:185 - End of LoadServerUrlFiles without Thread
2024-11-08 18:49:37,006 [INFO] DetailPanel:341 - Set advertising image to /Users/mark/STM32Cube/Repository//en.prom-stm32c071-usb-memories-mcu-finder.png
2024-11-08 18:49:37,045 [INFO] MultiScanPanel:728 - adjusting invalid saved split location: 1.91
2024-11-08 18:49:37,056 [INFO] DbBoards:642 - Loading board mini-images...
2024-11-08 18:49:38,320 [ERROR] DbBoards:659 - Image file not found for board NUCLEO-WB05KZ: /Users/mark/.stmcufinder/plugins/mcufinder//mcu//boards_images/NUCLEO-WB05KZ.jpg
2024-11-08 18:49:39,911 [INFO] DbBoards:665 - Loaded 200 board mini-images
2024-11-08 18:49:39,990 [INFO] MultiScanPanel:728 - adjusting invalid saved split location: 1.91
2024-11-08 18:50:08,947 [INFO] MainUpdater:2873 - connection check result : 10
2024-11-08 18:50:08,952 [INFO] MainUpdater:2873 - connection check result : 10
2024-11-08 18:50:09,683 [INFO] MicroXplorer:468 - Change Database Path : 
2024-11-08 18:50:09,683 [INFO] MicroXplorer:498 - Change Database Version : DB.6.0.121
2024-11-08 18:50:09,751 [ERROR] ProjectManagerView:394 - 
java.lang.NullPointerException: Cannot invoke "javax.swing.JTextField.getText()" because the return value of "java.util.List.get(int)" is null
	at com.st.microxplorer.plugins.projectmanager.gui.ProjectChoiceTab$10.caretUpdate(ProjectChoiceTab.java:2622) ~[filemanager.jar:?]
	at javax.swing.text.JTextComponent.fireCaretUpdate(JTextComponent.java:412) ~[?:?]
	at javax.swing.text.JTextComponent$MutableCaretEvent.fire(JTextComponent.java:4491) ~[?:?]
	at javax.swing.text.JTextComponent$MutableCaretEvent.stateChanged(JTextComponent.java:4513) ~[?:?]
	at javax.swing.text.DefaultCaret.fireStateChanged(DefaultCaret.java:842) ~[?:?]
	at javax.swing.text.DefaultCaret.changeCaretPosition(DefaultCaret.java:1313) ~[?:?]
	at javax.swing.text.DefaultCaret.handleSetDot(DefaultCaret.java:1212) ~[?:?]
	at javax.swing.text.DefaultCaret.setDot(DefaultCaret.java:1193) ~[?:?]
	at javax.swing.text.DefaultCaret$Handler.insertUpdate(DefaultCaret.java:1789) ~[?:?]
	at javax.swing.text.AbstractDocument.fireInsertUpdate(AbstractDocument.java:226) ~[?:?]
	at javax.swing.text.AbstractDocument.handleInsertString(AbstractDocument.java:780) ~[?:?]
	at javax.swing.text.AbstractDocument.insertString(AbstractDocument.java:739) ~[?:?]
	at javax.swing.text.PlainDocument.insertString(PlainDocument.java:131) ~[?:?]
	at javax.swing.text.AbstractDocument.replace(AbstractDocument.java:698) ~[?:?]
	at javax.swing.text.JTextComponent.setText(JTextComponent.java:1729) ~[?:?]
	at com.st.microxplorer.plugins.projectmanager.gui.ProjectChoiceTab.createHeapStackFields(ProjectChoiceTab.java:972) ~[filemanager.jar:?]
	at com.st.microxplorer.plugins.projectmanager.gui.ProjectChoiceTab.buildLinkSettingsPanel(ProjectChoiceTab.java:3597) ~[filemanager.jar:?]
	at com.st.microxplorer.plugins.projectmanager.gui.ProjectChoiceTab.defineWindowsFields(ProjectChoiceTab.java:1940) ~[filemanager.jar:?]
	at com.st.microxplorer.plugins.projectmanager.gui.ProjectChoiceTab.updateSettings(ProjectChoiceTab.java:550) ~[filemanager.jar:?]
	at com.st.microxplorer.plugins.projectmanager.gui.ProjectSettingsPanel.UpdateDialog(ProjectSettingsPanel.java:245) ~[filemanager.jar:?]
	at com.st.microxplorer.plugins.projectmanager.ProjectManagerView.propertyChange(ProjectManagerView.java:391) ~[filemanager.jar:?]
	at java.beans.PropertyChangeSupport.fire(PropertyChangeSupport.java:343) ~[?:?]
	at java.beans.PropertyChangeSupport.firePropertyChange(PropertyChangeSupport.java:335) ~[?:?]
	at java.beans.PropertyChangeSupport.firePropertyChange(PropertyChangeSupport.java:268) ~[?:?]
	at com.st.microxplorer.util.MXPropertyChangeSupport.firePropertyChange(MXPropertyChangeSupport.java:54) ~[STM32CubeMX.jar:?]
	at com.st.microxplorer.mxsystem.MxSystem.closeConfig(MxSystem.java:900) ~[STM32CubeMX.jar:?]
	at com.st.microxplorer.maingui.MainPanel.closeConfig(MainPanel.java:781) ~[STM32CubeMX.jar:?]
	at com.st.microxplorer.plugins.filemanager.engine.OpenFileManager.loadConfigurationFile(OpenFileManager.java:265) ~[filemanager.jar:?]
	at com.st.microxplorer.plugins.filemanager.engine.MainFileManager.userLoadConfig(MainFileManager.java:352) ~[filemanager.jar:?]
	at com.st.microxplorer.plugins.filemanager.FileManagerView.getSpecificTask(FileManagerView.java:250) ~[filemanager.jar:?]
	at com.st.stm32cube.common.mx.editor.CubeMxEditor.getMxTabbedPaneInstance(CubeMxEditor.java:1191) ~[com.st.stm32cube.common.mx_6.12.1.202409122256/:?]
	at com.st.stm32cube.common.mx.editor.CubeMxEditor$12$1.createSwingComponent(CubeMxEditor.java:1068) ~[com.st.stm32cube.common.mx_6.12.1.202409122256/:?]
	at com.st.stm32cube.common.mx.oss.core.awtswtbridge.EmbeddedSwingComposite.doComponentCreation(EmbeddedSwingComposite.java:492) ~[com.st.stm32cube.common.mx.oss_6.12.1.202409122256/:?]
	at com.st.stm32cube.common.mx.oss.core.awtswtbridge.EmbeddedSwingComposite$4.run(EmbeddedSwingComposite.java:291) ~[com.st.stm32cube.common.mx.oss_6.12.1.202409122256/:?]
	at com.st.stm32cube.common.mx.oss.core.awtswtbridge.AwtEnvironment$2.run(AwtEnvironment.java:166) ~[com.st.stm32cube.common.mx.oss_6.12.1.202409122256/:?]
	at java.awt.event.InvocationEvent.dispatch(InvocationEvent.java:318) ~[?:?]
	at java.awt.EventQueue.dispatchEventImpl(EventQueue.java:773) ~[?:?]
	at java.awt.EventQueue$4.run(EventQueue.java:720) ~[?:?]
	at java.awt.EventQueue$4.run(EventQueue.java:714) ~[?:?]
	at java.security.AccessController.doPrivileged(AccessController.java:399) ~[?:?]
	at java.security.ProtectionDomain$JavaSecurityAccessImpl.doIntersectionPrivilege(ProtectionDomain.java:86) ~[?:?]
	at java.awt.EventQueue.dispatchEvent(EventQueue.java:742) ~[?:?]
	at java.awt.EventDispatchThread.pumpOneEventForFilters(EventDispatchThread.java:203) ~[?:?]
	at java.awt.EventDispatchThread.pumpEventsForFilter(EventDispatchThread.java:124) ~[?:?]
	at java.awt.EventDispatchThread.pumpEventsForHierarchy(EventDispatchThread.java:113) ~[?:?]
	at java.awt.EventDispatchThread.pumpEvents(EventDispatchThread.java:109) ~[?:?]
	at java.awt.EventDispatchThread.pumpEvents(EventDispatchThread.java:101) ~[?:?]
	at java.awt.EventDispatchThread.run(EventDispatchThread.java:90) ~[?:?]
2024-11-08 18:50:09,754 [WARN] ThirdParty:871 - waiting for thirdparty lock release [close project]
2024-11-08 18:50:09,754 [INFO] ThirdParty:873 - entering critical section [close project]
2024-11-08 18:50:09,755 [INFO] ThirdParty:883 - exiting critical section [close project]
2024-11-08 18:50:09,761 [INFO] PinOutPanel:1561 - setPackage(No Configuration,No Configuration)
2024-11-08 18:50:09,770 [INFO] UtilMem:75 - Begin LoadConfig() Used Memory: 777079272 Bytes (1073741824)
2024-11-08 18:50:09,780 [INFO] OpenFileManager:332 - Change cursor
2024-11-08 18:50:09,850 [INFO] RulesReader:64 - Compatibility file has been processed (297 Rules)
2024-11-08 18:50:09,876 [INFO] ProjectFactory:442 - No CPN specified for board NUCLEO-F303RE => set CPN to STM32F303RET6
2024-11-08 18:50:09,876 [INFO] Mcu:2032 - Initializing MCU STM32F303R(D-E)Tx STM32F303RETx STM32F303RET6
2024-11-08 18:50:11,678 [INFO] Context:742 - Trying to add GPIOservice into a context  which must be forbidden
2024-11-08 18:50:12,454 [INFO] Rule:228 - rule 117617 - U5Cobra4M][GTZC] default value MPCBB3 and MPCBB5 - Not Secured memory - MPCBB1 is applicable
2024-11-08 18:50:12,458 [INFO] Rule:228 - rule 117617 - U5Cobra4M][GTZC] default value MPCBB3 and MPCBB5 - Not Secured memory - MPCBB1 is applicable
2024-11-08 18:50:12,459 [INFO] Rule:228 - rule 117617 - U5Cobra4M][GTZC] default value MPCBB3 and MPCBB5 - Not Secured memory - MPCBB2 is applicable
2024-11-08 18:50:12,459 [INFO] Rule:228 - rule 117617 - U5Cobra4M][GTZC] default value MPCBB3 and MPCBB5 - Not Secured memory - MPCBB2 is applicable
2024-11-08 18:50:12,459 [INFO] Rule:228 - rule 117617 - U5Cobra4M][GTZC] default value MPCBB3 and MPCBB5 - Not Secured memory - MPCBB3 is applicable
2024-11-08 18:50:12,459 [INFO] Rule:228 - rule 117617 - U5Cobra4M][GTZC] default value MPCBB3 and MPCBB5 - Not Secured memory - MPCBB3 is applicable
2024-11-08 18:50:12,459 [INFO] Rule:228 - rule 117617 - U5Cobra4M][GTZC] default value MPCBB3 and MPCBB5 - Not Secured memory - MPCBB4 is applicable
2024-11-08 18:50:12,459 [INFO] Rule:228 - rule 117617 - U5Cobra4M][GTZC] default value MPCBB3 and MPCBB5 - Not Secured memory - MPCBB4 is applicable
2024-11-08 18:50:12,459 [INFO] Rule:228 - rule 117617 - U5Cobra4M][GTZC] default value MPCBB3 and MPCBB5 - Secured memory - MPCBB1 is applicable
2024-11-08 18:50:12,459 [INFO] Rule:228 - rule 117617 - U5Cobra4M][GTZC] default value MPCBB3 and MPCBB5 - Secured memory - MPCBB2 is applicable
2024-11-08 18:50:12,459 [INFO] Rule:228 - rule 117617 - U5Cobra4M][GTZC] default value MPCBB3 and MPCBB5 - Secured memory - MPCBB3 is applicable
2024-11-08 18:50:12,459 [INFO] Rule:228 - rule 117617 - U5Cobra4M][GTZC] default value MPCBB3 and MPCBB5 - Secured memory - MPCBB4 is applicable
2024-11-08 18:50:12,459 [INFO] Rule:228 - rule 117617 - U5Cobra4M][GTZC] default value MPCBB3 and MPCBB5 - Privileged memory - MPCBB1 is applicable
2024-11-08 18:50:12,459 [INFO] Rule:228 - rule 117617 - U5Cobra4M][GTZC] default value MPCBB3 and MPCBB5 - Privileged memory - MPCBB2 is applicable
2024-11-08 18:50:12,459 [INFO] Rule:228 - rule 117617 - U5Cobra4M][GTZC] default value MPCBB3 and MPCBB5 - Privileged memory - MPCBB3 is applicable
2024-11-08 18:50:12,459 [INFO] Rule:228 - rule 117617 - U5Cobra4M][GTZC] default value MPCBB3 and MPCBB5 - Privileged memory - MPCBB4 is applicable
2024-11-08 18:50:12,459 [INFO] Rule:228 - rule 117617 - U5Cobra4M][GTZC] default value MPCBB3 and MPCBB5 - Not Privileged memory - MPCBB1 is applicable
2024-11-08 18:50:12,459 [INFO] Rule:228 - rule 117617 - U5Cobra4M][GTZC] default value MPCBB3 and MPCBB5 - Not Privileged memory - MPCBB2 is applicable
2024-11-08 18:50:12,459 [INFO] Rule:228 - rule 117617 - U5Cobra4M][GTZC] default value MPCBB3 and MPCBB5 - Not Privileged memory - MPCBB3 is applicable
2024-11-08 18:50:12,459 [INFO] Rule:228 - rule 117617 - U5Cobra4M][GTZC] default value MPCBB3 and MPCBB5 - Not Privileged memory - MPCBB4 is applicable
2024-11-08 18:50:12,459 [INFO] Rule:228 - rule 117617 - U5Cobra4M][GTZC] default value MPCBB3 and MPCBB5 - Privileged memory - MPCBB1 is applicable
2024-11-08 18:50:12,459 [INFO] Rule:228 - rule 117617 - U5Cobra4M][GTZC] default value MPCBB3 and MPCBB5 - Privileged memory - MPCBB2 is applicable
2024-11-08 18:50:12,459 [INFO] Rule:228 - rule 117617 - U5Cobra4M][GTZC] default value MPCBB3 and MPCBB5 - Privileged memory - MPCBB3 is applicable
2024-11-08 18:50:12,459 [INFO] Rule:228 - rule 117617 - U5Cobra4M][GTZC] default value MPCBB3 and MPCBB5 - Privileged memory - MPCBB4 is applicable
2024-11-08 18:50:12,459 [INFO] Rule:228 - rule 117617 - U5Cobra4M][GTZC] default value MPCBB3 and MPCBB5 - Privileged memory - MPCBB1 is applicable
2024-11-08 18:50:12,459 [INFO] Rule:228 - rule 117617 - U5Cobra4M][GTZC] default value MPCBB3 and MPCBB5 - Privileged memory - MPCBB2 is applicable
2024-11-08 18:50:12,459 [INFO] Rule:228 - rule 117617 - U5Cobra4M][GTZC] default value MPCBB3 and MPCBB5 - Privileged memory - MPCBB3 is applicable
2024-11-08 18:50:12,459 [INFO] Rule:228 - rule 117617 - U5Cobra4M][GTZC] default value MPCBB3 and MPCBB5 - Privileged memory - MPCBB4 is applicable
2024-11-08 18:50:12,459 [INFO] Rule:228 - rule 117617 - U5Cobra4M][GTZC] default value MPCBB3 and MPCBB5 - Not Privileged memory - MPCBB1 is applicable
2024-11-08 18:50:12,459 [INFO] Rule:228 - rule 117617 - U5Cobra4M][GTZC] default value MPCBB3 and MPCBB5 - Not Privileged memory - MPCBB2 is applicable
2024-11-08 18:50:12,459 [INFO] Rule:228 - rule 117617 - U5Cobra4M][GTZC] default value MPCBB3 and MPCBB5 - Not Privileged memory - MPCBB3 is applicable
2024-11-08 18:50:12,460 [INFO] Rule:228 - rule 117617 - U5Cobra4M][GTZC] default value MPCBB3 and MPCBB5 - Not Privileged memory - MPCBB4 is applicable
2024-11-08 18:50:12,460 [INFO] Rule:228 - rule 117617 - U5Cobra4M][GTZC] default value MPCBB3 and MPCBB5 - Privileged memory - MPCBB1 is applicable
2024-11-08 18:50:12,460 [INFO] Rule:228 - rule 117617 - U5Cobra4M][GTZC] default value MPCBB3 and MPCBB5 - Privileged memory - MPCBB2 is applicable
2024-11-08 18:50:12,460 [INFO] Rule:228 - rule 117617 - U5Cobra4M][GTZC] default value MPCBB3 and MPCBB5 - Privileged memory - MPCBB3 is applicable
2024-11-08 18:50:12,460 [INFO] Rule:228 - rule 117617 - U5Cobra4M][GTZC] default value MPCBB3 and MPCBB5 - Privileged memory - MPCBB4 is applicable
2024-11-08 18:50:12,460 [INFO] Rule:228 - rule Rename SubGHz_Phy SUBGHZ_APPLICATION SUBGHZ_PINGPONG to SUBGHZ_ADV_APPLICATION is applicable
2024-11-08 18:50:12,460 [INFO] Rule:228 - rule Rename Enabled to IBEACON is applicable
2024-11-08 18:50:12,460 [INFO] Rule:228 - rule GTZC_S instance for project manager is applicable
2024-11-08 18:50:12,461 [INFO] Rule:228 - rule GTZC_S instance for context M33S is applicable
2024-11-08 18:50:12,462 [INFO] Rule:228 - rule GTZC_S instance value for IP GTZC is applicable
2024-11-08 18:50:12,463 [INFO] Rule:228 - rule GTZC_S instance for mcu.IP is applicable
2024-11-08 18:50:12,463 [INFO] Rule:228 - rule GTZC_S instance for VP is applicable
2024-11-08 18:50:12,464 [INFO] Rule:228 - rule GTZC_S instance for signal is applicable
2024-11-08 18:50:12,466 [INFO] Rule:228 - rule GTZC_S instance for mcu.Pin is applicable
2024-11-08 18:50:12,466 [INFO] Rule:228 - rule GTZC_S instance for VP is applicable
2024-11-08 18:50:12,467 [INFO] Rule:228 - rule GTZC_S instance for signal is applicable
2024-11-08 18:50:12,467 [INFO] Rule:228 - rule GTZC_S instance for mcu is applicable
2024-11-08 18:50:12,467 [INFO] Rule:228 - rule GTZC_S instance for mcu.Pin is applicable
2024-11-08 18:50:12,467 [INFO] Rule:228 - rule GTZC_S instance value for IP GTZC is applicable
2024-11-08 18:50:12,467 [INFO] Rule:228 - rule GTZC_S instance for project manager is applicable
2024-11-08 18:50:12,467 [INFO] Rule:228 - rule GTZC_S instance for context M33S is applicable
2024-11-08 18:50:12,467 [INFO] Rule:228 - rule GTZC_S instance for VP is applicable
2024-11-08 18:50:12,467 [INFO] Rule:228 - rule GTZC_S instance for signal is applicable
2024-11-08 18:50:12,467 [INFO] Rule:228 - rule SPDIFRX instance for mcu is applicable
2024-11-08 18:50:12,467 [INFO] Rule:228 - rule Rename Tracer Mode is applicable
2024-11-08 18:50:12,467 [INFO] Rule:228 - rule SPDIFRX instance value for IP SPDIFRX is applicable
2024-11-08 18:50:12,467 [INFO] Rule:228 - rule SPDIFRX instance for signal is applicable
2024-11-08 18:50:12,467 [INFO] Rule:228 - rule SPDIFRX instance for project manager is applicable
2024-11-08 18:50:12,467 [INFO] Rule:228 - rule SPDIFRX instance for project manager is applicable
2024-11-08 18:50:12,467 [INFO] Rule:228 - rule ADC Scan  fix with FW F7 is applicable
2024-11-08 18:50:12,467 [INFO] Rule:228 - rule ADC Scan  fix with FW F7 is applicable
2024-11-08 18:50:12,467 [INFO] Rule:228 - rule WakeUp0 Mode is applicable
2024-11-08 18:50:12,467 [INFO] Rule:228 - rule WakeUp0 SIGNAL is applicable
2024-11-08 18:50:12,467 [INFO] Rule:228 - rule WakeUp1 Mode is applicable
2024-11-08 18:50:12,467 [INFO] Rule:228 - rule WakeUp1 SIGNAL is applicable
2024-11-08 18:50:12,467 [INFO] Rule:228 - rule WakeUp2 Mode is applicable
2024-11-08 18:50:12,467 [INFO] Rule:228 - rule WakeUp2 SIGNAL is applicable
2024-11-08 18:50:12,467 [INFO] Rule:228 - rule WakeUp4 Mode is applicable
2024-11-08 18:50:12,467 [INFO] Rule:228 - rule WakeUp4 SIGNAL is applicable
2024-11-08 18:50:12,467 [INFO] Rule:228 - rule WakeUp5 Mode is applicable
2024-11-08 18:50:12,467 [INFO] Rule:228 - rule WakeUp5 SIGNAL is applicable
2024-11-08 18:50:12,467 [INFO] Rule:228 - rule Add RTC Activate Clock Source is applicable
2024-11-08 18:50:12,467 [INFO] Rule:228 - rule Add RTC Activate Calendar 1 is applicable
2024-11-08 18:50:12,467 [INFO] Rule:228 - rule Add RTC Activate Calendar 2 is applicable
2024-11-08 18:50:12,468 [INFO] Rule:228 - rule Add RTC Activate Calendar 3 is applicable
2024-11-08 18:50:12,468 [INFO] Rule:228 - rule UART/USART TX Mode is applicable
2024-11-08 18:50:12,468 [INFO] Rule:228 - rule UART/USART RX Mode is applicable
2024-11-08 18:50:12,468 [INFO] Rule:228 - rule UART/USART RX TX Mode is applicable
2024-11-08 18:50:12,468 [INFO] Rule:228 - rule UART/USART PARITY NONE is applicable
2024-11-08 18:50:12,468 [INFO] Rule:228 - rule UART/USART PARITY EVEN is applicable
2024-11-08 18:50:12,468 [INFO] Rule:228 - rule UART/USART PARITY ODD is applicable
2024-11-08 18:50:12,468 [INFO] Rule:228 - rule USART StopBits 1 is applicable
2024-11-08 18:50:12,468 [INFO] Rule:228 - rule USART StopBits 2 is applicable
2024-11-08 18:50:12,468 [INFO] Rule:228 - rule USART StopBits 1.5 is applicable
2024-11-08 18:50:12,468 [INFO] Rule:228 - rule USART StopBits 0.5 is applicable
2024-11-08 18:50:12,468 [INFO] Rule:228 - rule UART/USART WORD LENGTH 7 is applicable
2024-11-08 18:50:12,468 [INFO] Rule:228 - rule UART/USART WORD LENGTH 8 is applicable
2024-11-08 18:50:12,468 [INFO] Rule:228 - rule UART/USART WORD LENGTH 9 is applicable
2024-11-08 18:50:12,468 [INFO] Rule:228 - rule Rename FMC NAND NCE signal is applicable
2024-11-08 18:50:12,468 [INFO] Rule:228 - rule Rename FMC NAND INT signal is applicable
2024-11-08 18:50:12,468 [INFO] Rule:228 - rule Change Default Value for LSE Drive Capability for WB family is applicable
2024-11-08 18:50:12,468 [INFO] Rule:228 - rule Change Default Value for ADC Clock Prescaler G0 family is applicable
2024-11-08 18:50:12,468 [INFO] Rule:228 - rule Change Default Value for ADC ExternalTrigConv L4 family is applicable
2024-11-08 18:50:12,468 [INFO] Rule:228 - rule Change Default Value for ADC ExternalTrigInjecConv L4 family is applicable
2024-11-08 18:50:12,468 [INFO] Rule:228 - rule Change Default Value for ADC ExternalTrigConv F3 family is applicable
2024-11-08 18:50:12,468 [INFO] Rule:228 - rule Change Default Value for ADC ExternalTrigInjecConv F3 family is applicable
2024-11-08 18:50:12,468 [INFO] Rule:228 - rule Change Default Value for ADC ExternalTrigConv Goldfish serie is applicable
2024-11-08 18:50:12,468 [INFO] Rule:228 - rule Change Default Value for ADC ExternalTrigInjecConv Goldfish serie is applicable
2024-11-08 18:50:12,468 [INFO] Rule:228 - rule Change Default Value for ADC ExternalTrigConv L0 family is applicable
2024-11-08 18:50:12,468 [INFO] Rule:228 - rule Change Default Value for ADC ExternalTrigConv F0 family is applicable
2024-11-08 18:50:12,468 [INFO] Rule:228 - rule Change Default Value for ADC ExternalTrigConvn L1 family is applicable
2024-11-08 18:50:12,468 [INFO] Rule:228 - rule Change Default Value for ADC ExternalTrigInjecConv L1 family is applicable
2024-11-08 18:50:12,468 [INFO] Rule:228 - rule Change Default Value for ADC ExternalTrigConv F1 family is applicable
2024-11-08 18:50:12,468 [INFO] Rule:228 - rule Change Default Value for ADC ExternalTrigInjecConv F1 family is applicable
2024-11-08 18:50:12,468 [INFO] Rule:228 - rule Change Default Value for ADC ExternalTrigConv F7 family is applicable
2024-11-08 18:50:12,468 [INFO] Rule:228 - rule Change Default Value for ADC ExternalTrigInjecConv F7 family is applicable
2024-11-08 18:50:12,468 [INFO] Rule:228 - rule Change Default Value for ADC ExternalTrigConv F4 and F2 family is applicable
2024-11-08 18:50:12,468 [INFO] Rule:228 - rule Change Default Value for ADC ExternalTrigInjecConv F4 and F2 family is applicable
2024-11-08 18:50:12,468 [INFO] Rule:228 - rule ADC SamplingTime fix with FW L0  is applicable
2024-11-08 18:50:12,468 [INFO] Rule:228 - rule ADC SamplingTime fix with FW L0  is applicable
2024-11-08 18:50:12,468 [INFO] Rule:228 - rule ADC SamplingTime fix with FW L0 is applicable
2024-11-08 18:50:12,468 [INFO] Rule:228 - rule ADC SamplingTime fix with FW L0 is applicable
2024-11-08 18:50:12,468 [INFO] Rule:228 - rule ADC SamplingTime fix with FW L0  is applicable
2024-11-08 18:50:12,469 [INFO] Rule:228 - rule ADC SamplingTime fix with FW L0 is applicable
2024-11-08 18:50:12,469 [INFO] Rule:228 - rule Rename USB_OE Signal is applicable
2024-11-08 18:50:12,469 [INFO] Rule:228 - rule Rename Activate_OE Mode is applicable
2024-11-08 18:50:12,469 [INFO] Rule:228 - rule Rename DIE462/DIE415 pin PC14/OSC32_IN -> PC14-OSC32_IN (PC14) is applicable
2024-11-08 18:50:12,469 [INFO] Rule:228 - rule Rename DIE462/DIE415 pin PC15/OSC32_OUT -> PC15-OSC32_OUT (PC15) is applicable
2024-11-08 18:50:12,469 [INFO] Rule:228 - rule Rename DIE462/DIE415 pin PH0/OSC_IN -> PH0-OSC_IN (PH0) is applicable
2024-11-08 18:50:12,469 [INFO] Rule:228 - rule Rename DIE462/DIE415 pin PH1/OSC_OUT -> PH1-OSC_OUT (PH1) is applicable
2024-11-08 18:50:12,469 [INFO] Rule:228 - rule Rename DIE462 pin PA13 -> PA13 (JTMS/SWDIO) is applicable
2024-11-08 18:50:12,469 [INFO] Rule:228 - rule Rename DIE415 pin PA13 -> PA13 (JTMS/SWDIO) is applicable
2024-11-08 18:50:12,469 [INFO] Rule:228 - rule Rename DIE462 pin PA14 -> PA14 (JTCK/SWCLK) is applicable
2024-11-08 18:50:12,469 [INFO] Rule:228 - rule Rename DIE415 pin PA14 -> PA14 (JTCK/SWCLK) is applicable
2024-11-08 18:50:12,469 [INFO] Rule:228 - rule Rename DIE462/DIE415 pin PA15 -> PA15 (JTDI) is applicable
2024-11-08 18:50:12,469 [INFO] Rule:228 - rule Rename DIE462 pin PB3 -> PB3 (JTD0/TRACESWO) is applicable
2024-11-08 18:50:12,469 [INFO] Rule:228 - rule Rename DIE415 pin PB3 -> PB3 (JTD0-TRACESWO) is applicable
2024-11-08 18:50:12,469 [INFO] Rule:228 - rule Rename DIE462/DIE415 pin PB4 -> PB4 (NJTRST) is applicable
2024-11-08 18:50:12,469 [INFO] Rule:228 - rule Rename DIE462 pin PH3/BOOT0 -> PH3-BOOT0 (BOOT0) is applicable
2024-11-08 18:50:12,469 [INFO] Rule:228 - rule Rename CRYP DataEncryptionTypesList to Algorithm is applicable
2024-11-08 18:50:12,469 [INFO] Rule:228 - rule Rename AES DataEncryptionTypesList to Algorithm is applicable
2024-11-08 18:50:12,469 [INFO] Rule:228 - rule Rename TDESECB to CRYP_TDES_ECB is applicable
2024-11-08 18:50:12,469 [INFO] Rule:228 - rule Rename TDESCBC to CRYP_TDES_CBC is applicable
2024-11-08 18:50:12,469 [INFO] Rule:228 - rule Rename DESECB to CRYP_DES_ECB is applicable
2024-11-08 18:50:12,469 [INFO] Rule:228 - rule Rename DESCBC to CRYP_DES_CBC is applicable
2024-11-08 18:50:12,469 [INFO] Rule:228 - rule Rename AESECB to CRYP_AES_ECB is applicable
2024-11-08 18:50:12,469 [INFO] Rule:228 - rule Rename AESCBC to CRYP_AES_CBC is applicable
2024-11-08 18:50:12,469 [INFO] Rule:228 - rule Rename AESCTR to CRYP_AES_CTR is applicable
2024-11-08 18:50:12,469 [INFO] Rule:228 - rule Rename AESGCM to CRYP_AES_GCM is applicable
2024-11-08 18:50:12,469 [INFO] Rule:228 - rule Rename AESCCM to CRYP_AES_CCM is applicable
2024-11-08 18:50:12,469 [INFO] Rule:228 - rule Rename CAN TimeSeg1 to BS1 is applicable
2024-11-08 18:50:12,469 [INFO] Rule:228 - rule Rename CAN TimeSeg2 to BS2 is applicable
2024-11-08 18:50:12,469 [INFO] Rule:228 - rule Rename CAN SyncJumpWidth to SJW is applicable
2024-11-08 18:50:12,469 [INFO] Rule:228 - rule TimeTriggeredMode to TTCM is applicable
2024-11-08 18:50:12,469 [INFO] Rule:228 - rule Rename CAN AutoBusOff to ABOM is applicable
2024-11-08 18:50:12,469 [INFO] Rule:228 - rule Rename CAN AutoWakeUp to AWUM is applicable
2024-11-08 18:50:12,469 [INFO] Rule:228 - rule Rename CAN AutoRetransmission to NART is applicable
2024-11-08 18:50:12,469 [INFO] Rule:228 - rule Rename CAN ReceiveFifoLocked to RFLM is applicable
2024-11-08 18:50:12,469 [INFO] Rule:228 - rule Rename CAN TransmitFifoPriority to TXFP is applicable
2024-11-08 18:50:12,469 [INFO] Rule:228 - rule Rename HRTIMER HRTIM_OUTPUTFAULTLEVEL_HIGH in HRTIMER HRTIM_OUTPUTFAULTLEVEL_HIGHZ is applicable
2024-11-08 18:50:12,469 [INFO] Rule:228 - rule Rename TIMER TIM_CLEARINPUTSOURCE_OCREFCLR in  TIMER TIM_CLEARINPUTSOURCE_NONE for F7 family is applicable
2024-11-08 18:50:12,469 [INFO] Rule:228 - rule FDCAN_R1 - Rename FDCAN mode Master into Classic is applicable
2024-11-08 18:50:12,470 [INFO] Rule:228 - rule FDCAN_R2 - Rename FDCAN mode Slave into Classic is applicable
2024-11-08 18:50:12,470 [INFO] Rule:228 - rule FDCAN1_R3 - if PA10.Mode=FullDuplex, add Pin PA12 is applicable
2024-11-08 18:50:12,470 [INFO] Rule:228 - rule FDCAN1_R3 - if PA9.Mode=FullDuplex, add Pin PA11 is applicable
2024-11-08 18:50:12,470 [INFO] Rule:228 - rule FDCAN1_R3 - Alternatepin_1 - if PE1.Mode=FullDuplex, add Pin PB9 is applicable
2024-11-08 18:50:12,470 [INFO] Rule:228 - rule FDCAN1_R3 - Alternatepin_1 - if PE0.Mode=FullDuplex, add Pin PB8 is applicable
2024-11-08 18:50:12,470 [INFO] Rule:228 - rule FDCAN1_R3 - Alternatepin_2 - if PD5.Mode=FullDuplex, add Pin PD1 is applicable
2024-11-08 18:50:12,470 [INFO] Rule:228 - rule FDCAN1_R3 - Alternatepin_2 - if PD4.Mode=FullDuplex, add Pin PD0 is applicable
2024-11-08 18:50:12,470 [INFO] Rule:228 - rule FDCAN1_R4 - Rename Mode FullDuplex into Enable FDCAN_TXFD for pin PA10 is applicable
2024-11-08 18:50:12,470 [INFO] Rule:228 - rule FDCAN1_R4 - Rename Mode FullDuplex into Enable FDCAN_TXFD for pin PA9 is applicable
2024-11-08 18:50:12,470 [INFO] Rule:228 - rule FDCAN1_R4 - Alternatepin_1 - Rename Mode FullDuplex into Enable FDCAN_TXFD for pin PE1 is applicable
2024-11-08 18:50:12,470 [INFO] Rule:228 - rule FDCAN1_R4 - Alternatepin_1 - Rename Mode FullDuplex into Enable FDCAN_TXFD for pin PE0 is applicable
2024-11-08 18:50:12,470 [INFO] Rule:228 - rule FDCAN1_R4 - Alternatepin_2 - Rename Mode FullDuplex into Enable FDCAN_TXFD for pin PD5 is applicable
2024-11-08 18:50:12,470 [INFO] Rule:228 - rule FDCAN1_R4 - Alternatepin_2 - Rename Mode FullDuplex into Enable FDCAN_TXFD for pin PD4 is applicable
2024-11-08 18:50:12,470 [INFO] Rule:228 - rule FDCAN2_R3 - if PD10.Mode=FullDuplex, add Pin PB13 is applicable
2024-11-08 18:50:12,470 [INFO] Rule:228 - rule FDCAN2_R3 - if PD9.Mode=FullDuplex, add Pin PB12 is applicable
2024-11-08 18:50:12,470 [INFO] Rule:228 - rule FDCAN2_R3 - Alternatepin_1 - if PB7.Mode=FullDuplex, add Pin PB6 is applicable
2024-11-08 18:50:12,470 [INFO] Rule:228 - rule FDCAN2_R3 - Alternatepin_1 - if PD9.Mode=FullDuplex, add Pin PB12 is applicable
2024-11-08 18:50:12,470 [INFO] Rule:228 - rule FDCAN2_R4 - Rename Mode FullDuplex into Enable FDCAN_TXFD for pin PD10 is applicable
2024-11-08 18:50:12,470 [INFO] Rule:228 - rule FDCAN2_R4 - Rename Mode FullDuplex into Enable FDCAN_TXFD for pin PD9 is applicable
2024-11-08 18:50:12,470 [INFO] Rule:228 - rule FDCAN2_R4 - Alternatepin_1 - Rename Mode FullDuplex into Enable FDCAN_TXFD for pin PB7 is applicable
2024-11-08 18:50:12,470 [INFO] Rule:228 - rule FDCAN2_R4 - Alternatepin_1 - Rename Mode FullDuplex into Enable FDCAN_TXFD for pin PD6 is applicable
2024-11-08 18:50:12,470 [INFO] Rule:228 - rule USART TxPinLevelInvertParam Mode is applicable
2024-11-08 18:50:12,470 [INFO] Rule:228 - rule USART RxPinLevelInvertParam Mode is applicable
2024-11-08 18:50:12,470 [INFO] Rule:228 - rule USART DataInvertParam Mode is applicable
2024-11-08 18:50:12,470 [INFO] Rule:228 - rule USART SwapParam Mode is applicable
2024-11-08 18:50:12,470 [INFO] Rule:228 - rule USART OverrunDisableParam Mode is applicable
2024-11-08 18:50:12,470 [INFO] Rule:228 - rule USART DMADisableonRxErrorParam Mode is applicable
2024-11-08 18:50:12,470 [INFO] Rule:228 - rule USART MSBFirstParam Mode is applicable
2024-11-08 18:50:12,470 [INFO] Rule:228 - rule Update MwName for USB_DEVICE is applicable
2024-11-08 18:50:12,470 [INFO] Rule:228 - rule Change PWR_Regulator_Voltage_Scale Default Value for RCC  H7 family is applicable
2024-11-08 18:50:12,470 [INFO] Rule:228 - rule UART/USART IPParameter rename Prescaler parameter to ClockPrescaler is applicable
2024-11-08 18:50:12,470 [INFO] Rule:228 - rule UART/USART Prescaler rename Prescaler parameter to ClockPrescaler is applicable
2024-11-08 18:50:12,470 [INFO] Rule:228 - rule TIM1CLockSelection is applicable
2024-11-08 18:50:12,470 [INFO] Rule:228 - rule TIM15CLockSelection is applicable
2024-11-08 18:50:12,470 [INFO] Rule:228 - rule align RCC SDMMC3CLockSelection default value on MP1 is applicable
2024-11-08 18:50:12,470 [INFO] Rule:228 - rule align RCC SDMMC12CLockSelection default value on MP1 is applicable
2024-11-08 18:50:12,470 [INFO] Rule:228 - rule align RCC QSPICLockSelection default value on MP1 is applicable
2024-11-08 18:50:12,470 [INFO] Rule:228 - rule align RCC QSPICLockSelection default value on MP1 is applicable
2024-11-08 18:50:12,470 [INFO] Rule:228 - rule align RCC SPI6CLockSelection default value on MP1 is applicable
2024-11-08 18:50:12,471 [INFO] Rule:228 - rule align RCC LPTIM23CLockSelection default value on MP1 is applicable
2024-11-08 18:50:12,471 [INFO] Rule:228 - rule align RCC LPTIM1CLockSelection default value on MP1 is applicable
2024-11-08 18:50:12,471 [INFO] Rule:228 - rule align RCC USART1CLockSelection default value on MP1 is applicable
2024-11-08 18:50:12,471 [INFO] Rule:228 - rule align RCC USART24CLockSelection default value on MP1 is applicable
2024-11-08 18:50:12,471 [INFO] Rule:228 - rule align RCC USART6CLockSelection default value on MP1 is applicable
2024-11-08 18:50:12,471 [INFO] Rule:228 - rule align RCC UART78CLockSelection default value on MP1 is applicable
2024-11-08 18:50:12,471 [INFO] Rule:228 - rule align RCC USART35CLockSelection default value on MP1 is applicable
2024-11-08 18:50:12,471 [INFO] Rule:228 - rule align RCC SPI45CLockSelection default value on MP1 is applicable
2024-11-08 18:50:12,471 [INFO] Rule:228 - rule align RCC I2C46CLockSelection BCLK value on MP1 is applicable
2024-11-08 18:50:12,471 [INFO] Rule:228 - rule align RCC SPI45CLockSelection default value on MP1 is applicable
2024-11-08 18:50:12,471 [INFO] Rule:228 - rule align RCC I2C12CLockSelection default value on MP1 is applicable
2024-11-08 18:50:12,471 [INFO] Rule:228 - rule align RCC I2C35CLockSelection default value on MP1 is applicable
2024-11-08 18:50:12,471 [INFO] Rule:228 - rule align RCC LPTIM45CLockSelection default value on MP1 is applicable
2024-11-08 18:50:12,471 [INFO] Rule:228 - rule Rename DCMI PIXCK signal is applicable
2024-11-08 18:50:12,471 [INFO] Rule:228 - rule Change Default Value for I2C46CLockSelection MP1 family is applicable
2024-11-08 18:50:12,471 [INFO] Rule:228 - rule Change Default Value for UART for G4, G0 and WB families is applicable
2024-11-08 18:50:12,471 [INFO] Rule:228 - rule Change Default Value for USART for G4, G0 and WB families is applicable
2024-11-08 18:50:12,471 [INFO] Rule:228 - rule Change Default Value for USART for G4 family is applicable
2024-11-08 18:50:12,471 [INFO] Rule:228 - rule Change USART1CLockSelection refparam name for MP1 is applicable
2024-11-08 18:50:12,471 [INFO] Rule:228 - rule Change USART2CLockSelection refparam name for MP1 is applicable
2024-11-08 18:50:12,471 [INFO] Rule:228 - rule Change USART3CLockSelection refparam name for MP1 is applicable
2024-11-08 18:50:12,471 [INFO] Rule:228 - rule Change UART4CLockSelection refparam name for MP1 is applicable
2024-11-08 18:50:12,471 [INFO] Rule:228 - rule Change UART5CLockSelection refparam name for MP1 is applicable
2024-11-08 18:50:12,471 [INFO] Rule:228 - rule Change LPUART1CLockSelection refparam name for MP1 is applicable
2024-11-08 18:50:12,471 [INFO] Rule:228 - rule Change LPTIM1CLockSelection refparam name for MP1 is applicable
2024-11-08 18:50:12,471 [INFO] Rule:228 - rule Change LPTIM2CLockSelection refparam name for MP1 is applicable
2024-11-08 18:50:12,471 [INFO] Rule:228 - rule Change RCC_MCO1Source refparam name for MP1 is applicable
2024-11-08 18:50:12,471 [INFO] Rule:228 - rule Change LSCOSource1 refparam name for MP1 is applicable
2024-11-08 18:50:12,471 [INFO] Rule:228 - rule Change SMPSCLockSelection refparam name for MP1 is applicable
2024-11-08 18:50:12,471 [INFO] Rule:228 - rule Change LPTIM3CLockSelection refparam name for MP1 is applicable
2024-11-08 18:50:12,471 [INFO] Rule:228 - rule Change MPCBB* Default Template Mode to Parameters is applicable
2024-11-08 18:50:12,471 [INFO] Rule:228 - rule Change MPCWM* or MPCBB* Secure Mode to Parameters is applicable
2024-11-08 18:50:12,471 [INFO] Rule:228 - rule Change MPCWM* or MPCBB* No Secure Mode to Parameters is applicable
2024-11-08 18:50:12,471 [INFO] Rule:228 - rule Change TZSC IP Secure Mode to Parameters is applicable
2024-11-08 18:50:12,471 [INFO] Rule:228 - rule Change TZSC IP No Secure Mode to Parameters is applicable
2024-11-08 18:50:12,471 [INFO] Rule:228 - rule Change TZSC IP Privilege Mode to Parameters is applicable
2024-11-08 18:50:12,471 [INFO] Rule:228 - rule Change TZSC IP No Privilege Mode to Parameters is applicable
2024-11-08 18:50:12,471 [INFO] Rule:228 - rule Change TZIC IT Secure Mode to Parameters is applicable
2024-11-08 18:50:12,471 [INFO] Rule:228 - rule Change TZIC IT No Secure Mode to Parameters is applicable
2024-11-08 18:50:12,471 [INFO] Rule:228 - rule Add MPCBB1_NonSecureArea_Start_Address value with referenced to MPCBB1_NonSecureArea_Start value is applicable
2024-11-08 18:50:12,472 [INFO] Rule:228 - rule Add MPCBB2_NonSecureArea_Start_Address value with referenced to MPCBB2_NonSecureArea_Start value is applicable
2024-11-08 18:50:12,472 [INFO] Rule:228 - rule Add MPCWM1_NonSecureArea*_Start_Address value with referenced to MPCWM1_NonSecureArea*_Start value is applicable
2024-11-08 18:50:12,472 [INFO] Rule:228 - rule Add MPCWM2_NonSecureArea*_Start_Address value with referenced to MPCWM2_NonSecureArea*_Start value is applicable
2024-11-08 18:50:12,472 [INFO] Rule:228 - rule Add MPCWM3_NonSecureArea_Start_Address value with referenced to MPCWM3_NonSecureArea_Start value is applicable
2024-11-08 18:50:12,472 [INFO] Rule:228 - rule Change Default Value for PLL1UserDefinedConfig is applicable
2024-11-08 18:50:12,472 [INFO] Rule:228 - rule Change GPIO_PuPd Default Value for USART in async mode is applicable
2024-11-08 18:50:12,472 [INFO] Rule:228 - rule Change SMPSDivider Default Value is applicable
2024-11-08 18:50:12,472 [INFO] Rule:228 - rule OPAMP is applicable
2024-11-08 18:50:12,472 [INFO] Rule:228 - rule LPUART IPParameter rename Prescaler parameter to ClockPrescaler for STM32H7 is applicable
2024-11-08 18:50:12,472 [INFO] Rule:228 - rule LPUART IPParameter rename Prescaler parameter to ClockPrescaler for STM32H7 is applicable
2024-11-08 18:50:12,472 [INFO] Rule:228 - rule LPUART IPParameter rename Prescaler parameter to ClockPrescaler for STM32WB is applicable
2024-11-08 18:50:12,472 [INFO] Rule:228 - rule LPUART IPParameter rename Prescaler parameter to ClockPrescaler for STM32WB is applicable
2024-11-08 18:50:12,472 [INFO] Rule:228 - rule LPUART IPParameter rename Prescaler parameter to ClockPrescaler for STM32G4 is applicable
2024-11-08 18:50:12,472 [INFO] Rule:228 - rule LPUART IPParameter rename Prescaler parameter to ClockPrescaler for STM32G4 is applicable
2024-11-08 18:50:12,472 [INFO] Rule:228 - rule LPUART IPParameter rename Prescaler parameter to ClockPrescaler for STM32L5 is applicable
2024-11-08 18:50:12,472 [INFO] Rule:228 - rule LPUART IPParameter rename Prescaler parameter to ClockPrescaler for STM32L5 is applicable
2024-11-08 18:50:12,472 [INFO] Rule:228 - rule LPUART IPParameter rename Prescaler parameter to ClockPrescaler for STM32G4 is applicable
2024-11-08 18:50:12,472 [INFO] Rule:228 - rule LPUART IPParameter rename Prescaler parameter to ClockPrescaler for STM32G4 is applicable
2024-11-08 18:50:12,472 [INFO] Rule:228 - rule USB device lib V2.5.3 for L0 rename USBD_SUPPORT_USER_STRING parameter to USBD_SUPPORT_USER_STRING_DESC4 is applicable
2024-11-08 18:50:12,472 [INFO] Rule:228 - rule I2SCLockSelection clock entry align is applicable
2024-11-08 18:50:12,472 [INFO] Rule:228 - rule Assign TIMx context if used as SYS timebase is applicable
2024-11-08 18:50:12,472 [INFO] Rule:228 - rule Change GPIO_Pu Default Value for I2C is applicable
2024-11-08 18:50:12,472 [INFO] Rule:228 - rule Change GPIO_Pu Default Value for SMBus is applicable
2024-11-08 18:50:12,472 [INFO] Rule:228 - rule change FDCAN default value is applicable
2024-11-08 18:50:12,472 [INFO] Rule:228 - rule Change mode sai is applicable
2024-11-08 18:50:12,472 [INFO] Rule:228 - rule **Change sai mode is applicable
2024-11-08 18:50:12,472 [INFO] Rule:228 - rule Rename STM32WPAN CFG_BLE_IRK to CFG_BLE_IR is applicable
2024-11-08 18:50:12,472 [INFO] Rule:228 - rule Rename STM32WPAN CFG_BLE_ERK to CFG_BLE_ER is applicable
2024-11-08 18:50:12,472 [INFO] Rule:228 - rule Rename STM32WPAN CFG_BLE_IRK_HEX to CFG_BLE_IR_HEX is applicable
2024-11-08 18:50:12,472 [INFO] Rule:228 - rule Rename STM32WPAN CFG_BLE_ERK_HEX to CFG_BLE_ER_HEX is applicable
2024-11-08 18:50:12,500 [INFO] DbConfProperties:307 - Apply Compatibility (39/262 Rules)
2024-11-08 18:50:13,189 [INFO] ImportTextPane:205 - (OptionalMessage_ERROR) Unable to find key (Mcu.ThirdPartyNb) in loaded IOC file
2024-11-08 18:50:13,453 [INFO] RtosManager:555 - Registered RTOS mode: class=CMSIS, group=RTOS, mode=CMSIS_V1, owner=FREERTOS
2024-11-08 18:50:13,454 [INFO] RtosManager:555 - Registered RTOS mode: class=CMSIS, group=RTOS2, mode=CMSIS_V2, owner=FREERTOS
2024-11-08 18:50:13,454 [INFO] RtosManager:555 - Registered RTOS mode: class=RTOS, group=Core, mode=CMSIS_V1, owner=FREERTOS
2024-11-08 18:50:13,454 [INFO] RtosManager:555 - Registered RTOS mode: class=RTOS, group=Core, mode=CMSIS_V2, owner=FREERTOS
2024-11-08 18:50:13,454 [WARN] ModelIntegratedComponent:184 - Missing modes for component STMicroelectronics:FreeRTOS:0.0.1:STMicroelectronics:RTOS:FreeRTOS:Core:::10.2.0:
2024-11-08 18:50:13,457 [WARN] ModelIntegratedComponent:63 - No mode defined for component null
2024-11-08 18:50:13,457 [WARN] ModelIntegratedComponent:63 - No mode defined for component null
2024-11-08 18:50:13,457 [WARN] ModelIntegratedComponent:63 - No mode defined for component null
2024-11-08 18:50:13,457 [WARN] ModelIntegratedComponent:63 - No mode defined for component null
2024-11-08 18:50:13,457 [WARN] ModelIntegratedComponent:63 - No mode defined for component null
2024-11-08 18:50:13,457 [WARN] ModelIntegratedComponent:63 - No mode defined for component null
2024-11-08 18:50:13,457 [WARN] ModelIntegratedComponent:63 - No mode defined for component null
2024-11-08 18:50:13,457 [WARN] ModelIntegratedComponent:63 - No mode defined for component null
2024-11-08 18:50:13,457 [WARN] ModelIntegratedComponent:63 - No mode defined for component null
2024-11-08 18:50:13,457 [WARN] ModelIntegratedComponent:63 - No mode defined for component null
2024-11-08 18:50:13,457 [WARN] ModelIntegratedComponent:63 - No mode defined for component null
2024-11-08 18:50:13,457 [WARN] ModelIntegratedComponent:63 - No mode defined for component null
2024-11-08 18:50:13,458 [WARN] ModelIntegratedComponent:63 - No mode defined for component null
2024-11-08 18:50:13,458 [WARN] ModelIntegratedComponent:63 - No mode defined for component null
2024-11-08 18:50:13,458 [WARN] ModelIntegratedComponent:63 - No mode defined for component null
2024-11-08 18:50:13,458 [WARN] ModelIntegratedComponent:63 - No mode defined for component null
2024-11-08 18:50:13,458 [WARN] ModelIntegratedComponent:63 - No mode defined for component null
2024-11-08 18:50:13,458 [WARN] ModelIntegratedComponent:63 - No mode defined for component null
2024-11-08 18:50:13,458 [WARN] ModelIntegratedComponent:63 - No mode defined for component null
2024-11-08 18:50:13,458 [WARN] ModelIntegratedComponent:63 - No mode defined for component null
2024-11-08 18:50:13,458 [WARN] ModelIntegratedComponent:63 - No mode defined for component null
2024-11-08 18:50:13,458 [WARN] ModelIntegratedComponent:63 - No mode defined for component null
2024-11-08 18:50:13,458 [WARN] ModelIntegratedComponent:63 - No mode defined for component null
2024-11-08 18:50:13,458 [WARN] ModelIntegratedComponent:63 - No mode defined for component null
2024-11-08 18:50:13,458 [WARN] ModelIntegratedComponent:63 - No mode defined for component null
2024-11-08 18:50:13,458 [WARN] ModelIntegratedComponent:63 - No mode defined for component null
2024-11-08 18:50:13,458 [WARN] ModelIntegratedComponent:63 - No mode defined for component null
2024-11-08 18:50:13,458 [WARN] ModelIntegratedComponent:63 - No mode defined for component null
2024-11-08 18:50:13,458 [WARN] ModelIntegratedComponent:63 - No mode defined for component null
2024-11-08 18:50:13,458 [WARN] ModelIntegratedComponent:63 - No mode defined for component null
2024-11-08 18:50:13,458 [WARN] ModelIntegratedComponent:63 - No mode defined for component null
2024-11-08 18:50:13,458 [WARN] ModelIntegratedComponent:63 - No mode defined for component null
2024-11-08 18:50:13,458 [WARN] ModelIntegratedComponent:63 - No mode defined for component null
2024-11-08 18:50:13,458 [WARN] ModelIntegratedComponent:63 - No mode defined for component null
2024-11-08 18:50:13,458 [WARN] ModelIntegratedComponent:63 - No mode defined for component null
2024-11-08 18:50:13,459 [WARN] ModelPack:524 - Component already loaded: STMicroelectronics:HAL Drivers:0.0.0:STMicroelectronics:Device:STMicro_Driver:XSPI:HAL::0.0.1:HAL_XSPI
2024-11-08 18:50:13,779 [INFO] ThirdPartyModel:298 - Start build external matchings
2024-11-08 18:50:17,761 [INFO] ThirdPartyModel:316 - End build external matchings
2024-11-08 18:50:17,834 [INFO] ImportTextPane:205 - (OptionalMessage_ERROR) IP (RCC) : Invalid parameter (FamilyName)
2024-11-08 18:50:17,835 [INFO] ImportTextPane:205 - (OptionalMessage_ERROR) IP (RCC) : Invalid parameter (PLLM)
2024-11-08 18:50:17,835 [INFO] ImportTextPane:205 - (OptionalMessage_ERROR) IP (RCC) : Invalid parameter (PLLN)
2024-11-08 18:50:17,835 [INFO] ImportTextPane:205 - (OptionalMessage_ERROR) IP (RCC) : Invalid parameter (PLLP)
2024-11-08 18:50:17,835 [INFO] ImportTextPane:205 - (OptionalMessage_ERROR) IP (RCC) : Invalid parameter (PLLQ)
2024-11-08 18:50:17,835 [INFO] ImportTextPane:205 - (OptionalMessage_ERROR) IP (RCC) : Invalid parameter (RCC_PLLsource_Clock_Source_FROM_HSE)
2024-11-08 18:50:17,836 [INFO] ImportTextPane:205 - (OptionalMessage_ERROR) IP (RCC) : Parameter (USBFreq_Value) has invalid value (72000000)
2024-11-08 18:50:18,231 [INFO] UtilMem:75 - End LoadConfig() Used Memory: 872803880 Bytes (1073741824)
2024-11-08 18:50:18,511 [WARN] ThirdParty:833 - waiting for thirdparty lock release [change project]
2024-11-08 18:50:18,515 [INFO] ThirdParty:835 - entering critical section [change project]
2024-11-08 18:50:18,515 [INFO] ThirdParty:1030 - CMSIS Pack Vendor :STMicroelectronics USBPD 4.1
2024-11-08 18:50:18,515 [INFO] ThirdParty:1030 - CMSIS Pack Vendor :STMicroelectronics X-CUBE-GNSS1 6.0.0
2024-11-08 18:50:18,515 [INFO] ThirdParty:1030 - CMSIS Pack Vendor :STMicroelectronics USB_HOST 2.0.0
2024-11-08 18:50:18,515 [INFO] ThirdParty:1030 - CMSIS Pack Vendor :STMicroelectronics FP-SNS-MOTENVWB1 1.4.0
2024-11-08 18:50:18,515 [INFO] ThirdParty:1030 - CMSIS Pack Vendor :STMicroelectronics X-CUBE-AZRTOS-F4 1.1.0
2024-11-08 18:50:18,515 [INFO] ThirdParty:1030 - CMSIS Pack Vendor :STMicroelectronics LIBJPEG 8.0.0
2024-11-08 18:50:18,516 [INFO] ThirdParty:1030 - CMSIS Pack Vendor :STMicroelectronics X-CUBE-SMBUS 2.1.0
2024-11-08 18:50:18,516 [INFO] ThirdParty:1030 - CMSIS Pack Vendor :STMicroelectronics X-CUBE-WB05N 1.1.0
2024-11-08 18:50:18,516 [INFO] ThirdParty:1030 - CMSIS Pack Vendor :STMicroelectronics X-CUBE-ISPU 2.1.0
2024-11-08 18:50:18,516 [INFO] ThirdParty:1030 - CMSIS Pack Vendor :STMicroelectronics X-CUBE-FREERTOS 1.2.0
2024-11-08 18:50:18,516 [INFO] ThirdParty:1030 - CMSIS Pack Vendor :STMicroelectronics X-CUBE-TOUCHGFX 4.23.1
2024-11-08 18:50:18,516 [INFO] ThirdParty:1030 - CMSIS Pack Vendor :STMicroelectronics X-CUBE-TOUCHGFX 4.23.0
2024-11-08 18:50:18,516 [INFO] ThirdParty:1030 - CMSIS Pack Vendor :STMicroelectronics X-CUBE-TOUCHGFX 4.23.2
2024-11-08 18:50:18,516 [INFO] ThirdParty:1030 - CMSIS Pack Vendor :STMicroelectronics X-CUBE-AZRTOS-H7 1.1.0
2024-11-08 18:50:18,516 [INFO] ThirdParty:1030 - CMSIS Pack Vendor :STMicroelectronics X-CUBE-AZRTOS-F7 1.1.0
2024-11-08 18:50:18,516 [INFO] ThirdParty:1030 - CMSIS Pack Vendor :STMicroelectronics X-CUBE-AZRTOS-L5 2.0.0
2024-11-08 18:50:18,516 [INFO] ThirdParty:1030 - CMSIS Pack Vendor :STMicroelectronics USB_DEVICE 2.0.0
2024-11-08 18:50:18,516 [INFO] ThirdParty:1030 - CMSIS Pack Vendor :STMicroelectronics X-CUBE-MEMS1 9.6.0
2024-11-08 18:50:18,516 [INFO] ThirdParty:1030 - CMSIS Pack Vendor :STMicroelectronics X-CUBE-EEPRMA1 4.2.0
2024-11-08 18:50:18,516 [INFO] ThirdParty:1030 - CMSIS Pack Vendor :STMicroelectronics X-CUBE-NFC6 3.1.0
2024-11-08 18:50:18,516 [INFO] ThirdParty:1030 - CMSIS Pack Vendor :ITTIA_DB I-CUBE-ITTIADB 8.8.0
2024-11-08 18:50:18,516 [INFO] ThirdParty:1030 - CMSIS Pack Vendor :STMicroelectronics FP-SNS-MOTENV1 4.3.2
2024-11-08 18:50:18,516 [INFO] ThirdParty:1030 - CMSIS Pack Vendor :STMicroelectronics X-CUBE-MEMS1 11.0.0
2024-11-08 18:50:18,516 [INFO] ThirdParty:1030 - CMSIS Pack Vendor :STMicroelectronics X-CUBE-BLE1 6.2.4
2024-11-08 18:50:18,516 [INFO] ThirdParty:1030 - CMSIS Pack Vendor :STMicroelectronics FreeRTOS 0.0.1
2024-11-08 18:50:18,516 [INFO] ThirdParty:1030 - CMSIS Pack Vendor :emotas I-CUBE-CANOPEN 1.1.3
2024-11-08 18:50:18,516 [INFO] ThirdParty:1030 - CMSIS Pack Vendor :STMicroelectronics X-CUBE-BLEMGR 2.0.0
2024-11-08 18:50:18,516 [INFO] ThirdParty:1030 - CMSIS Pack Vendor :STMicroelectronics X-CUBE-DPower 1.2.0
2024-11-08 18:50:18,516 [INFO] ThirdParty:1030 - CMSIS Pack Vendor :STMicroelectronics X-CUBE-BLE1 6.2.1
2024-11-08 18:50:18,516 [INFO] ThirdParty:1030 - CMSIS Pack Vendor :STMicroelectronics X-CUBE-BLE1 6.2.2
2024-11-08 18:50:18,516 [INFO] ThirdParty:1030 - CMSIS Pack Vendor :STMicroelectronics X-CUBE-BLE2 3.2.1
2024-11-08 18:50:18,516 [INFO] ThirdParty:1030 - CMSIS Pack Vendor :STMicroelectronics FP-SNS-FLIGHT1 5.0.2
2024-11-08 18:50:18,516 [INFO] ThirdParty:1030 - CMSIS Pack Vendor :STMicroelectronics X-CUBE-NFC4 2.0.5
2024-11-08 18:50:18,516 [INFO] ThirdParty:1030 - CMSIS Pack Vendor :STMicroelectronics X-CUBE-BLE2 3.2.2
2024-11-08 18:50:18,516 [INFO] ThirdParty:1030 - CMSIS Pack Vendor :STMicroelectronics X-CUBE-NFC4 2.0.3
2024-11-08 18:50:18,516 [INFO] ThirdParty:1030 - CMSIS Pack Vendor :wolfSSL I-CUBE-wolfSSL 4.8.0
2024-11-08 18:50:18,516 [INFO] ThirdParty:1030 - CMSIS Pack Vendor :STMicroelectronics X-CUBE-AI 9.0.0
2024-11-08 18:50:18,516 [INFO] ThirdParty:1030 - CMSIS Pack Vendor :STMicroelectronics X-CUBE-AZRTOS-H7 3.1.0
2024-11-08 18:50:18,516 [INFO] ThirdParty:1030 - CMSIS Pack Vendor :STMicroelectronics PDM2PCM 3.3.0
2024-11-08 18:50:18,516 [INFO] ThirdParty:1030 - CMSIS Pack Vendor :STMicroelectronics X-CUBE-SFXS2LP1 3.1.0
2024-11-08 18:50:18,516 [INFO] ThirdParty:1030 - CMSIS Pack Vendor :STMicroelectronics X-CUBE-DISPLAY 3.0.0
2024-11-08 18:50:18,516 [INFO] ThirdParty:1030 - CMSIS Pack Vendor :STMicroelectronics X-CUBE-AZRTOS-F4 1.0.0
2024-11-08 18:50:18,516 [INFO] ThirdParty:1030 - CMSIS Pack Vendor :STMicroelectronics X-CUBE-BLE1 7.0.0
2024-11-08 18:50:18,516 [INFO] ThirdParty:1030 - CMSIS Pack Vendor :STMicroelectronics X-CUBE-NFC10 1.0.0
2024-11-08 18:50:18,516 [INFO] ThirdParty:1030 - CMSIS Pack Vendor :STMicroelectronics X-CUBE-TOF1 2.0.0
2024-11-08 18:50:18,516 [INFO] ThirdParty:1030 - CMSIS Pack Vendor :STMicroelectronics HAL Drivers 0.0.0
2024-11-08 18:50:18,516 [INFO] ThirdParty:1030 - CMSIS Pack Vendor :STMicroelectronics X-CUBE-TOUCHGFX 4.22.0
2024-11-08 18:50:18,516 [INFO] ThirdParty:1030 - CMSIS Pack Vendor :STMicroelectronics X-CUBE-NFC7 1.0.1
2024-11-08 18:50:18,516 [INFO] ThirdParty:1030 - CMSIS Pack Vendor :STMicroelectronics MBEDTLS 2.14.1
2024-11-08 18:50:18,517 [INFO] ThirdParty:1030 - CMSIS Pack Vendor :STMicroelectronics X-CUBE-NFC7 1.0.0
2024-11-08 18:50:18,517 [INFO] ThirdParty:1030 - CMSIS Pack Vendor :STMicroelectronics X-CUBE-TOUCHGFX 4.22.1
2024-11-08 18:50:18,517 [INFO] ThirdParty:1030 - CMSIS Pack Vendor :wolfSSL I-CUBE-wolfTPM 3.2.0
2024-11-08 18:50:18,517 [INFO] ThirdParty:1030 - CMSIS Pack Vendor :STMicroelectronics X-CUBE-SUBG2 4.2.0
2024-11-08 18:50:18,517 [INFO] ThirdParty:1030 - CMSIS Pack Vendor :STMicroelectronics X-CUBE-NFC6 3.0.0
2024-11-08 18:50:18,517 [INFO] ThirdParty:1030 - CMSIS Pack Vendor :STMicroelectronics X-CUBE-EEPRMA1 4.1.0
2024-11-08 18:50:18,517 [INFO] ThirdParty:1030 - CMSIS Pack Vendor :STMicroelectronics X-CUBE-BLEMGR 3.1.0
2024-11-08 18:50:18,517 [INFO] ThirdParty:1030 - CMSIS Pack Vendor :STMicroelectronics FP-SNS-SMARTAG2 1.2.0
2024-11-08 18:50:18,517 [INFO] ThirdParty:1030 - CMSIS Pack Vendor :STMicroelectronics X-CUBE-AZRTOS-WL 2.0.0
2024-11-08 18:50:18,517 [INFO] ThirdParty:1030 - CMSIS Pack Vendor :STMicroelectronics X-CUBE-ALGOBUILD 1.2.1
2024-11-08 18:50:18,517 [INFO] ThirdParty:1030 - CMSIS Pack Vendor :STMicroelectronics X-CUBE-DISPLAY 1.0.0
2024-11-08 18:50:18,517 [INFO] ThirdParty:1030 - CMSIS Pack Vendor :STMicroelectronics FP-SNS-MOTENV1 5.0.0
2024-11-08 18:50:18,517 [INFO] ThirdParty:1030 - CMSIS Pack Vendor :STMicroelectronics USB_DEVICE 1.0.0
2024-11-08 18:50:18,517 [INFO] ThirdParty:1030 - CMSIS Pack Vendor :STMicroelectronics X-CUBE-AI 8.1.0
2024-11-08 18:50:18,517 [INFO] ThirdParty:1030 - CMSIS Pack Vendor :STMicroelectronics X-CUBE-AZRTOS-G0 1.0.0
2024-11-08 18:50:18,517 [INFO] ThirdParty:1030 - CMSIS Pack Vendor :wolfSSL I-CUBE-wolfMQTT 1.19.0
2024-11-08 18:50:18,517 [INFO] ThirdParty:1030 - CMSIS Pack Vendor :STMicroelectronics X-CUBE-AZRTOS-L4 2.0.0
2024-11-08 18:50:18,517 [INFO] ThirdParty:1030 - CMSIS Pack Vendor :STMicroelectronics ThreadX 0.0.2
2024-11-08 18:50:18,517 [INFO] ThirdParty:1030 - CMSIS Pack Vendor :WES I-CUBE-Cesium 1.3.0
2024-11-08 18:50:18,517 [INFO] ThirdParty:1030 - CMSIS Pack Vendor :STMicroelectronics lwIP 2.1.2
2024-11-08 18:50:18,517 [INFO] ThirdParty:1030 - CMSIS Pack Vendor :STMicroelectronics X-CUBE-SFXS2LP1 4.0.0
2024-11-08 18:50:18,517 [INFO] ThirdParty:1030 - CMSIS Pack Vendor :STMicroelectronics X-CUBE-BLE2 3.3.0
2024-11-08 18:50:18,517 [INFO] ThirdParty:1030 - CMSIS Pack Vendor :STMicroelectronics X-CUBE-DISPLAY 2.2.0
2024-11-08 18:50:18,517 [INFO] ThirdParty:1030 - CMSIS Pack Vendor :STMicroelectronics X-CUBE-TOF1 3.2.0
2024-11-08 18:50:18,517 [INFO] ThirdParty:1030 - CMSIS Pack Vendor :STMicroelectronics PDM2PCM 3.2.0
2024-11-08 18:50:18,517 [INFO] ThirdParty:1030 - CMSIS Pack Vendor :STMicroelectronics X-CUBE-TOUCHGFX 4.18.1
2024-11-08 18:50:18,517 [INFO] ThirdParty:1030 - CMSIS Pack Vendor :STMicroelectronics X-CUBE-AZRTOS-H7 3.0.0
2024-11-08 18:50:18,517 [INFO] ThirdParty:1030 - CMSIS Pack Vendor :STMicroelectronics X-CUBE-ISPU 1.1.0
2024-11-08 18:50:18,517 [INFO] ThirdParty:1030 - CMSIS Pack Vendor :STMicroelectronics X-CUBE-AZRTOS-H7 3.3.0
2024-11-08 18:50:18,517 [INFO] ThirdParty:1030 - CMSIS Pack Vendor :RoweBots I-CUBE-UNISONRTOS 5.5.0-4
2024-11-08 18:50:18,517 [INFO] ThirdParty:1030 - CMSIS Pack Vendor :STMicroelectronics X-CUBE-NFC9 1.0.0
2024-11-08 18:50:18,517 [INFO] ThirdParty:1030 - CMSIS Pack Vendor :STMicroelectronics USB_DEVICE 3.0.0
2024-11-08 18:50:18,517 [INFO] ThirdParty:1030 - CMSIS Pack Vendor :STMicroelectronics X-CUBE-TCPP 4.1.0
2024-11-08 18:50:18,517 [INFO] ThirdParty:1030 - CMSIS Pack Vendor :STMicroelectronics X-CUBE-AI 8.0.0
2024-11-08 18:50:18,517 [INFO] ThirdParty:1030 - CMSIS Pack Vendor :STMicroelectronics X-CUBE-IPS 3.0.0
2024-11-08 18:50:18,517 [INFO] ThirdParty:1030 - CMSIS Pack Vendor :STMicroelectronics X-CUBE-AZRTOS-WB 2.0.0
2024-11-08 18:50:18,517 [INFO] ThirdParty:1030 - CMSIS Pack Vendor :STMicroelectronics X-CUBE-FREERTOS 1.0.1
2024-11-08 18:50:18,517 [INFO] ThirdParty:1030 - CMSIS Pack Vendor :STMicroelectronics X-CUBE-TOUCHGFX 4.21.1
2024-11-08 18:50:18,517 [INFO] ThirdParty:1030 - CMSIS Pack Vendor :STMicroelectronics X-CUBE-GNSS1 7.0.0
2024-11-08 18:50:18,517 [INFO] ThirdParty:1030 - CMSIS Pack Vendor :STMicroelectronics X-CUBE-TOUCHGFX 4.21.0
2024-11-08 18:50:18,517 [INFO] ThirdParty:1030 - CMSIS Pack Vendor :STMicroelectronics X-CUBE-TOUCHGFX 4.21.3
2024-11-08 18:50:18,517 [INFO] ThirdParty:1030 - CMSIS Pack Vendor :STMicroelectronics X-CUBE-MEMS1 9.0.0
2024-11-08 18:50:18,517 [INFO] ThirdParty:1030 - CMSIS Pack Vendor :STMicroelectronics X-CUBE-MEMS1 9.4.0
2024-11-08 18:50:18,517 [INFO] ThirdParty:1030 - CMSIS Pack Vendor :STMicroelectronics X-CUBE-AI 7.3.0
2024-11-08 18:50:18,517 [INFO] ThirdParty:1030 - CMSIS Pack Vendor :STMicroelectronics FP-SNS-STBOX1 2.0.0
2024-11-08 18:50:18,518 [INFO] ThirdParty:1030 - CMSIS Pack Vendor :STMicroelectronics X-CUBE-ALGOBUILD 1.3.0
2024-11-08 18:50:18,518 [INFO] ThirdParty:1030 - CMSIS Pack Vendor :STMicroelectronics X-CUBE-AZRTOS-L5 1.1.0
2024-11-08 18:50:18,518 [INFO] ThirdParty:1030 - CMSIS Pack Vendor :STMicroelectronics X-CUBE-AZRTOS-G0 1.1.0
2024-11-08 18:50:18,518 [INFO] ThirdParty:1030 - CMSIS Pack Vendor :STMicroelectronics X-CUBE-SAFEA1 1.2.2
2024-11-08 18:50:18,518 [INFO] ThirdParty:1030 - CMSIS Pack Vendor :STMicroelectronics X-CUBE-NFC4 3.0.0
2024-11-08 18:50:18,518 [INFO] ThirdParty:1030 - CMSIS Pack Vendor :SEGGER I-CUBE-embOS 1.2.0
2024-11-08 18:50:18,518 [INFO] ThirdParty:1030 - CMSIS Pack Vendor :STMicroelectronics X-CUBE-SUBG2 5.0.0
2024-11-08 18:50:18,518 [INFO] ThirdParty:1030 - CMSIS Pack Vendor :STMicroelectronics STM32_WPAN 1.0.0
2024-11-08 18:50:18,518 [INFO] ThirdParty:1030 - CMSIS Pack Vendor :wolfSSL I-CUBE-wolfMQTT 1.18.0
2024-11-08 18:50:18,518 [INFO] ThirdParty:1030 - CMSIS Pack Vendor :EmbeddedOffice I-CUBE-FS-RTOS 1.0.1
2024-11-08 18:50:18,518 [INFO] ThirdParty:1030 - CMSIS Pack Vendor :STMicroelectronics lwIP 2.0.3
2024-11-08 18:50:18,518 [INFO] ThirdParty:1030 - CMSIS Pack Vendor :STMicroelectronics USB_HOST 1.0.0
2024-11-08 18:50:18,518 [INFO] ThirdParty:1030 - CMSIS Pack Vendor :STMicroelectronics X-CUBE-TOF1 3.3.1
2024-11-08 18:50:18,518 [INFO] ThirdParty:1030 - CMSIS Pack Vendor :STMicroelectronics X-CUBE-AZRTOS-G4 2.0.0
2024-11-08 18:50:18,518 [INFO] ThirdParty:1030 - CMSIS Pack Vendor :STMicroelectronics X-CUBE-TOUCHGFX 4.17.0
2024-11-08 18:50:18,518 [INFO] ThirdParty:1030 - CMSIS Pack Vendor :STMicroelectronics PDM2PCM 3.1.0
2024-11-08 18:50:18,518 [INFO] ThirdParty:1030 - CMSIS Pack Vendor :STMicroelectronics X-CUBE-TOF1 3.3.0
2024-11-08 18:50:18,518 [INFO] ThirdParty:1030 - CMSIS Pack Vendor :STMicroelectronics FP-ATR-ASTRA1 1.1.1
2024-11-08 18:50:18,518 [INFO] ThirdParty:1030 - CMSIS Pack Vendor :Infineon AIROC-Wi-Fi-Bluetooth-STM32 1.5.1
2024-11-08 18:50:18,518 [INFO] ThirdParty:1030 - CMSIS Pack Vendor :STMicroelectronics X-CUBE-BLEMGR 3.0.0
2024-11-08 18:50:18,518 [INFO] ThirdParty:1030 - CMSIS Pack Vendor :STMicroelectronics X-CUBE-BLEMGR 1.3.0
2024-11-08 18:50:18,518 [INFO] ThirdParty:1030 - CMSIS Pack Vendor :RealThread X-CUBE-RT-Thread_Nano 4.1.1
2024-11-08 18:50:18,518 [INFO] ThirdParty:1030 - CMSIS Pack Vendor :STMicroelectronics X-CUBE-AZRTOS-H7 2.0.0
2024-11-08 18:50:18,518 [INFO] ThirdParty:1030 - CMSIS Pack Vendor :STMicroelectronics FP-SNS-MOTENVWB1 1.3.1
2024-11-08 18:50:18,518 [INFO] ThirdParty:1030 - CMSIS Pack Vendor :STMicroelectronics FP-ATR-SIGFOX1 3.2.0
2024-11-08 18:50:18,518 [INFO] ThirdParty:1030 - CMSIS Pack Vendor :STMicroelectronics X-CUBE-AZRTOS-G4 1.0.0
2024-11-08 18:50:18,518 [INFO] ThirdParty:1030 - CMSIS Pack Vendor :STMicroelectronics X-CUBE-AZRTOS-L4 1.0.0
2024-11-08 18:50:18,518 [INFO] ThirdParty:1030 - CMSIS Pack Vendor :STMicroelectronics X-CUBE-ISPU 2.0.0
2024-11-08 18:50:18,518 [INFO] ThirdParty:1030 - CMSIS Pack Vendor :STMicroelectronics X-CUBE-EEPRMA1 5.1.0
2024-11-08 18:50:18,518 [INFO] ThirdParty:1030 - CMSIS Pack Vendor :STMicroelectronics MBEDTLS 2.16.2
2024-11-08 18:50:18,518 [INFO] ThirdParty:1030 - CMSIS Pack Vendor :STMicroelectronics X-CUBE-ALS 1.0.2
2024-11-08 18:50:18,518 [INFO] ThirdParty:1030 - CMSIS Pack Vendor :STMicroelectronics X-CUBE-TOUCHGFX 4.20.0
2024-11-08 18:50:18,518 [INFO] ThirdParty:1030 - CMSIS Pack Vendor :STMicroelectronics X-CUBE-MEMS1 10.0.0
2024-11-08 18:50:18,518 [INFO] ThirdParty:1030 - CMSIS Pack Vendor :STMicroelectronics X-CUBE-FREERTOS 1.1.0
2024-11-08 18:50:18,518 [INFO] ThirdParty:1030 - CMSIS Pack Vendor :STMicroelectronics X-CUBE-TOUCHGFX 4.24.0
2024-11-08 18:50:18,518 [INFO] ThirdParty:1030 - CMSIS Pack Vendor :STMicroelectronics X-CUBE-AZRTOS-F7 1.0.0
2024-11-08 18:50:18,518 [INFO] ThirdParty:1030 - CMSIS Pack Vendor :STMicroelectronics X-CUBE-AZRTOS-WL 1.0.0
2024-11-08 18:50:18,518 [INFO] ThirdParty:1030 - CMSIS Pack Vendor :STMicroelectronics X-CUBE-TOUCHGFX 4.24.1
2024-11-08 18:50:18,518 [INFO] ThirdParty:1030 - CMSIS Pack Vendor :STMicroelectronics X-CUBE-MEMS1 9.1.0
2024-11-08 18:50:18,518 [INFO] ThirdParty:1030 - CMSIS Pack Vendor :portGmbH I-Cube-SoM-uGOAL 1.1.0
2024-11-08 18:50:18,518 [INFO] ThirdParty:1030 - CMSIS Pack Vendor :STMicroelectronics X-CUBE-ALS 1.0.1
2024-11-08 18:50:18,518 [INFO] ThirdParty:1030 - CMSIS Pack Vendor :STMicroelectronics X-CUBE-MEMS1 9.5.0
2024-11-08 18:50:18,519 [INFO] ThirdParty:1030 - CMSIS Pack Vendor :STMicroelectronics X-CUBE-AI 7.0.0
2024-11-08 18:50:18,519 [INFO] ThirdParty:1030 - CMSIS Pack Vendor :STMicroelectronics ThreadX 1.0.0
2024-11-08 18:50:18,519 [INFO] ThirdParty:1030 - CMSIS Pack Vendor :STMicroelectronics X-CUBE-AZRTOS-WB 1.1.0
2024-11-08 18:50:18,519 [INFO] ThirdParty:1030 - CMSIS Pack Vendor :SEGGER I-CUBE-embOS 1.3.1
2024-11-08 18:50:18,519 [INFO] ThirdParty:1030 - CMSIS Pack Vendor :STMicroelectronics X-CUBE-ALGOBUILD 1.4.0
2024-11-08 18:50:18,519 [INFO] ThirdParty:1030 - CMSIS Pack Vendor :STMicroelectronics X-CUBE-AZRTOS-L5 1.0.0
2024-11-08 18:50:18,519 [INFO] ThirdParty:1030 - CMSIS Pack Vendor :STMicroelectronics X-CUBE-EEPRMA1 3.1.0
2024-11-08 18:50:18,519 [INFO] ThirdParty:1030 - CMSIS Pack Vendor :STMicroelectronics X-CUBE-EEPRMA1 3.1.1
2024-11-08 18:50:18,519 [INFO] ThirdParty:1030 - CMSIS Pack Vendor :STMicroelectronics X-CUBE-AZRTOS-H7RS 1.0.0
2024-11-08 18:50:18,519 [INFO] ThirdParty:1030 - CMSIS Pack Vendor :STMicroelectronics X-CUBE-GNSS1 5.2.0
2024-11-08 18:50:18,519 [INFO] ThirdParty:1030 - CMSIS Pack Vendor :STMicroelectronics FP-ATR-ASTRA1 2.0.0
2024-11-08 18:50:18,519 [INFO] ThirdParty:1030 - CMSIS Pack Vendor :STMicroelectronics X-CUBE-TOF1 3.4.2
2024-11-08 18:50:18,519 [INFO] ThirdParty:1030 - CMSIS Pack Vendor :STMicroelectronics X-CUBE-DISPLAY 2.0.1
2024-11-08 18:50:18,519 [INFO] ThirdParty:1030 - CMSIS Pack Vendor :STMicroelectronics X-CUBE-AI 9.1.0
2024-11-08 18:50:18,519 [INFO] ThirdParty:1030 - CMSIS Pack Vendor :STMicroelectronics X-CUBE-TOF1 3.4.0
2024-11-08 18:50:18,519 [INFO] ThirdParty:1030 - CMSIS Pack Vendor :STMicroelectronics X-CUBE-TOF1 3.4.1
2024-11-08 18:50:18,519 [INFO] ThirdParty:1030 - CMSIS Pack Vendor :STMicroelectronics X-CUBE-AZRTOS-H7 3.2.0
2024-11-08 18:50:18,519 [INFO] ThirdParty:1030 - CMSIS Pack Vendor :wolfSSL I-CUBE-wolfSSH 1.4.17
2024-11-08 18:50:18,519 [INFO] ThirdParty:841 - exiting critical section [change project]
2024-11-08 18:50:19,092 [INFO] PinOutPanel:1561 - setPackage(No Configuration,No Configuration)
2024-11-08 18:50:19,095 [INFO] PinOutPanel:1561 - setPackage(STM32F303RETx,LQFP64)
2024-11-08 18:50:19,906 [INFO] UtilMem:75 - Before build in PCC Used Memory: 768143048 Bytes (1073741824)
2024-11-08 18:50:20,438 [INFO] UtilMem:75 - After build in PCC Used Memory: 732357392 Bytes (1073741824)
2024-11-08 18:50:20,549 [INFO] IPUIPlugin:80 - create IPUIPlugin
2024-11-08 18:50:20,552 [INFO] IPUIPlugin:80 - create IPUIPlugin
2024-11-08 18:50:20,552 [INFO] IPUIPlugin:80 - create IPUIPlugin
2024-11-08 18:50:20,552 [INFO] IPUIPlugin:80 - create IPUIPlugin
2024-11-08 18:50:20,552 [INFO] IPUIPlugin:80 - create IPUIPlugin
2024-11-08 18:50:20,552 [INFO] IPUIPlugin:80 - create IPUIPlugin
2024-11-08 18:50:20,553 [INFO] IPUIPlugin:80 - create IPUIPlugin
2024-11-08 18:50:20,553 [INFO] IPUIPlugin:80 - create IPUIPlugin
2024-11-08 18:50:20,553 [INFO] IPUIPlugin:80 - create IPUIPlugin
2024-11-08 18:50:20,553 [INFO] IPUIPlugin:80 - create IPUIPlugin
2024-11-08 18:50:20,553 [INFO] IPUIPlugin:80 - create IPUIPlugin
2024-11-08 18:50:20,553 [INFO] IPUIPlugin:80 - create IPUIPlugin
2024-11-08 18:50:20,553 [INFO] IPUIPlugin:80 - create IPUIPlugin
2024-11-08 18:50:20,553 [INFO] IPUIPlugin:80 - create IPUIPlugin
2024-11-08 18:50:20,554 [INFO] IPUIPlugin:80 - create IPUIPlugin
2024-11-08 18:50:20,554 [INFO] IPUIPlugin:80 - create IPUIPlugin
2024-11-08 18:50:20,554 [INFO] IPUIPlugin:80 - create IPUIPlugin
2024-11-08 18:50:20,554 [INFO] IPUIPlugin:80 - create IPUIPlugin
2024-11-08 18:50:20,554 [INFO] IPUIPlugin:80 - create IPUIPlugin
2024-11-08 18:50:20,555 [INFO] IPUIPlugin:80 - create IPUIPlugin
2024-11-08 18:50:20,555 [INFO] IPUIPlugin:80 - create IPUIPlugin
2024-11-08 18:50:20,555 [INFO] IPUIPlugin:80 - create IPUIPlugin
2024-11-08 18:50:20,555 [INFO] IPUIPlugin:80 - create IPUIPlugin
2024-11-08 18:50:20,555 [INFO] IPUIPlugin:80 - create IPUIPlugin
2024-11-08 18:50:20,556 [INFO] IPUIPlugin:80 - create IPUIPlugin
2024-11-08 18:50:20,556 [INFO] IPUIPlugin:80 - create IPUIPlugin
2024-11-08 18:50:20,556 [INFO] IPUIPlugin:80 - create IPUIPlugin
2024-11-08 18:50:20,556 [INFO] IPUIPlugin:80 - create IPUIPlugin
2024-11-08 18:50:20,556 [INFO] IPUIPlugin:80 - create IPUIPlugin
2024-11-08 18:50:20,557 [INFO] IPUIPlugin:80 - create IPUIPlugin
2024-11-08 18:50:20,557 [INFO] IPUIPlugin:80 - create IPUIPlugin
2024-11-08 18:50:20,557 [INFO] IPUIPlugin:80 - create IPUIPlugin
2024-11-08 18:50:20,557 [INFO] IPUIPlugin:80 - create IPUIPlugin
2024-11-08 18:50:20,557 [INFO] IPUIPlugin:80 - create IPUIPlugin
2024-11-08 18:50:20,557 [INFO] IPUIPlugin:80 - create IPUIPlugin
2024-11-08 18:50:20,558 [INFO] IPUIPlugin:80 - create IPUIPlugin
2024-11-08 18:50:20,558 [INFO] IPUIPlugin:80 - create IPUIPlugin
2024-11-08 18:50:20,558 [INFO] IPUIPlugin:80 - create IPUIPlugin
2024-11-08 18:50:20,558 [INFO] IPUIPlugin:80 - create IPUIPlugin
2024-11-08 18:50:20,558 [INFO] IPUIPlugin:80 - create IPUIPlugin
2024-11-08 18:50:20,558 [INFO] IPUIPlugin:80 - create IPUIPlugin
2024-11-08 18:50:20,558 [INFO] IPUIPlugin:80 - create IPUIPlugin
2024-11-08 18:50:20,558 [INFO] IPUIPlugin:80 - create IPUIPlugin
2024-11-08 18:50:20,559 [INFO] IPUIPlugin:80 - create IPUIPlugin
2024-11-08 18:50:20,559 [INFO] IPUIPlugin:80 - create IPUIPlugin
2024-11-08 18:50:20,559 [INFO] IPUIPlugin:80 - create IPUIPlugin
2024-11-08 18:50:20,559 [INFO] IPUIPlugin:80 - create IPUIPlugin
2024-11-08 18:50:20,560 [INFO] IPUIPlugin:80 - create IPUIPlugin
2024-11-08 18:50:20,560 [INFO] IPUIPlugin:80 - create IPUIPlugin
2024-11-08 18:50:20,560 [INFO] IPUIPlugin:80 - create IPUIPlugin
2024-11-08 18:50:20,560 [INFO] IPUIPlugin:80 - create IPUIPlugin
2024-11-08 18:50:20,561 [INFO] IPUIPlugin:80 - create IPUIPlugin
2024-11-08 18:50:20,562 [INFO] IPUIPlugin:80 - create IPUIPlugin
2024-11-08 18:50:20,562 [INFO] IPUIPlugin:80 - create IPUIPlugin
2024-11-08 18:50:20,563 [INFO] IPUIPlugin:80 - create IPUIPlugin
2024-11-08 18:50:20,563 [INFO] IPUIPlugin:80 - create IPUIPlugin
2024-11-08 18:50:20,783 [INFO] CADModel:165 - CPN selected for project levelSTM32F303RET6
2024-11-08 18:50:20,785 [INFO] CADModel:114 - Register for checkConnection events
2024-11-08 18:50:20,838 [INFO] OpenFileManager:363 - Restore cursor
2024-11-08 18:50:21,874 [INFO] UtilMem:75 - End SaveConfig() Used Memory: 883571232 Bytes (1073741824)
2024-11-08 18:50:21,969 [INFO] UtilMem:75 - End SaveConfig() Used Memory: 908695200 Bytes (1073741824)
2024-11-08 18:50:22,200 [INFO] BlockDiagram:2766 - set Specific Code input for plugin: SYS
2024-11-08 18:50:22,200 [INFO] BlockDiagram:2766 - set Specific Code input for plugin: RCC
2024-11-08 18:50:22,200 [INFO] BlockDiagram:2766 - set Specific Code input for plugin: NVIC
2024-11-08 18:50:22,200 [INFO] BlockDiagram:2766 - set Specific Code input for plugin: USART
2024-11-08 18:50:22,201 [INFO] BlockDiagram:2766 - set Specific Code input for plugin: GPIO
2024-11-08 18:50:22,202 [INFO] CodeGenerator:807 - code generatio: config db path: /Applications/STM32CubeIDE.app/Contents/Eclipse/plugins/com.st.stm32cube.common.mx_6.12.1.202409122256//db/
2024-11-08 18:50:22,552 [INFO] CodeEngine:255 - oldGeneratedFile, /Users/mark/Documents/Courses/F24/Project-V/PWM/MXTmpFiles/license.tmp_save
2024-11-08 18:50:22,728 [INFO] CodeEngine:279 - Generated code: /Users/mark/Documents/Courses/F24/Project-V/PWM/MXTmpFiles/license.tmp
2024-11-08 18:50:22,790 [INFO] CodeEngine:255 - oldGeneratedFile, /Users/mark/Documents/Courses/F24/Project-V/PWM/MXTmpFiles/gpio.tmp_save
2024-11-08 18:50:22,896 [INFO] CodeEngine:279 - Generated code: /Users/mark/Documents/Courses/F24/Project-V/PWM/MXTmpFiles/gpio.tmp
2024-11-08 18:50:22,993 [INFO] CodeEngine:255 - oldGeneratedFile, /Users/mark/Documents/Courses/F24/Project-V/PWM/Core/Src/stm32f3xx_it.c_save
2024-11-08 18:50:23,177 [INFO] CodeEngine:279 - Generated code: /Users/mark/Documents/Courses/F24/Project-V/PWM/Core/Src/stm32f3xx_it.c
2024-11-08 18:50:23,179 [INFO] CodeEngine:255 - oldGeneratedFile, /Users/mark/Documents/Courses/F24/Project-V/PWM/Core/Inc/stm32f3xx_it.h_save
2024-11-08 18:50:23,254 [INFO] CodeEngine:279 - Generated code: /Users/mark/Documents/Courses/F24/Project-V/PWM/Core/Inc/stm32f3xx_it.h
2024-11-08 18:50:23,260 [INFO] CodeEngine:255 - oldGeneratedFile, /Users/mark/Documents/Courses/F24/Project-V/PWM/Core/Src/stm32f3xx_hal_msp.c_save
2024-11-08 18:50:23,405 [INFO] CodeEngine:279 - Generated code: /Users/mark/Documents/Courses/F24/Project-V/PWM/Core/Src/stm32f3xx_hal_msp.c
2024-11-08 18:50:23,407 [INFO] CodeEngine:255 - oldGeneratedFile, /Users/mark/Documents/Courses/F24/Project-V/PWM/MXTmpFiles/system.tmp_save
2024-11-08 18:50:23,480 [INFO] CodeEngine:279 - Generated code: /Users/mark/Documents/Courses/F24/Project-V/PWM/MXTmpFiles/system.tmp
2024-11-08 18:50:23,491 [INFO] CodeEngine:311 - oldGeneratedFile, /Users/mark/Documents/Courses/F24/Project-V/PWM/Core/Inc/stm32f3xx_hal_conf.h_save
2024-11-08 18:50:23,573 [INFO] CodeEngine:335 - Generated code: /Users/mark/Documents/Courses/F24/Project-V/PWM/Core/Inc/stm32f3xx_hal_conf.h
2024-11-08 18:50:23,602 [INFO] CodeEngine:255 - oldGeneratedFile, /Users/mark/Documents/Courses/F24/Project-V/PWM/Core/Inc/main.h_save
2024-11-08 18:50:23,700 [INFO] CodeEngine:279 - Generated code: /Users/mark/Documents/Courses/F24/Project-V/PWM/Core/Inc/main.h
2024-11-08 18:50:23,702 [INFO] CodeEngine:255 - oldGeneratedFile, /Users/mark/Documents/Courses/F24/Project-V/PWM/Core/Src/main.c_save
2024-11-08 18:50:23,822 [INFO] CodeEngine:279 - Generated code: /Users/mark/Documents/Courses/F24/Project-V/PWM/Core/Src/main.c
2024-11-08 18:50:24,229 [INFO] ProjectBuilder:3249 - Time for Copy HAL[1] : 134mS.
2024-11-08 18:50:24,249 [INFO] ProjectBuilder:4828 - Project Generator version: 4.5.0-B34
2024-11-08 18:50:24,538 [INFO] ConfigFileManager:1531 - The Die is : DIE446
2024-11-08 18:50:24,555 [INFO] ApiDbMcu:508 - Load IP Config File for FATFS
2024-11-08 18:50:24,563 [INFO] ApiDbMcu:508 - Load IP Config File for FREERTOS
2024-11-08 18:50:24,583 [INFO] ApiDbMcu:508 - Load IP Config File for TOUCHSENSING
2024-11-08 18:50:24,591 [INFO] ApiDbMcu:508 - Load IP Config File for USB_DEVICE
2024-11-08 18:50:28,836 [INFO] ProjectBuilder:5097 - Time for Generating toolchain IDE Files: 4585mS.
2024-11-08 18:50:28,837 [INFO] ProjectBuilder:3107 - Time for Copy CMSIS : 1mS.
2024-11-08 18:50:28,840 [INFO] ProjectBuilder:3107 - Time for Copy CMSIS : 0mS.
2024-11-08 18:50:30,636 [INFO] McuFinderGlobals:76 - Set McuFinderConnectedMode to true
2024-11-08 18:50:30,707 [INFO] ApiDb:448 - Save user favorites file /Users/mark/.stm32cubeide/favorites.mcus.txt: 0 item(s)
2024-11-08 18:50:30,708 [INFO] ApiDb:452 - User favorites MCUs=[]
2024-11-08 18:50:30,750 [INFO] ApiDb:448 - Save user favorites file /Users/mark/.stm32cubeide/favorites.boards.txt: 2 item(s)
2024-11-08 18:50:30,753 [INFO] ApiDb:452 - User favorites Boards=[NUCLEO-F303RE, NUCLEO-L496ZG-P]
2024-11-08 18:51:01,066 [INFO] NvicIntPanel:101 - NVIC parent = com.st.microxplorer.plugins.ip.nvic.MultiNvicIntPanel[,0,0,0x0,invalid,layout=javax.swing.BoxLayout,alignmentX=0.0,alignmentY=0.0,border=,flags=9,maximumSize=,minimumSize=,preferredSize=]
2024-11-08 18:51:09,494 [INFO] NvicIntPanel:101 - NVIC parent = com.st.microxplorer.plugins.ip.nvic.MultiNvicIntPanel[,0,0,0x0,invalid,layout=javax.swing.BoxLayout,alignmentX=0.0,alignmentY=0.0,border=,flags=9,maximumSize=,minimumSize=,preferredSize=]
2024-11-08 18:52:21,145 [INFO] UtilMem:75 - End SaveConfig() Used Memory: 800977912 Bytes (1073741824)
2024-11-08 18:52:23,166 [INFO] UtilMem:75 - End SaveConfig() Used Memory: 909486536 Bytes (1073741824)
2024-11-08 18:52:23,432 [INFO] BlockDiagram:2766 - set Specific Code input for plugin: SYS
2024-11-08 18:52:23,432 [INFO] BlockDiagram:2766 - set Specific Code input for plugin: RCC
2024-11-08 18:52:23,432 [INFO] BlockDiagram:2766 - set Specific Code input for plugin: NVIC
2024-11-08 18:52:23,432 [INFO] BlockDiagram:2766 - set Specific Code input for plugin: USART
2024-11-08 18:52:23,432 [INFO] BlockDiagram:2766 - set Specific Code input for plugin: TIM1_8F3
2024-11-08 18:52:23,432 [INFO] BlockDiagram:2766 - set Specific Code input for plugin: GPIO
2024-11-08 18:52:23,434 [INFO] CodeGenerator:807 - code generatio: config db path: /Applications/STM32CubeIDE.app/Contents/Eclipse/plugins/com.st.stm32cube.common.mx_6.12.1.202409122256//db/
2024-11-08 18:52:23,603 [INFO] CodeEngine:255 - oldGeneratedFile, /Users/mark/Documents/Courses/F24/Project-V/PWM/MXTmpFiles/license.tmp_save
2024-11-08 18:52:23,904 [INFO] CodeEngine:279 - Generated code: /Users/mark/Documents/Courses/F24/Project-V/PWM/MXTmpFiles/license.tmp
2024-11-08 18:52:24,321 [INFO] CodeEngine:255 - oldGeneratedFile, /Users/mark/Documents/Courses/F24/Project-V/PWM/MXTmpFiles/gpio.tmp_save
2024-11-08 18:52:24,494 [INFO] CodeEngine:279 - Generated code: /Users/mark/Documents/Courses/F24/Project-V/PWM/MXTmpFiles/gpio.tmp
2024-11-08 18:52:24,704 [INFO] CodeEngine:255 - oldGeneratedFile, /Users/mark/Documents/Courses/F24/Project-V/PWM/Core/Src/stm32f3xx_it.c_save
2024-11-08 18:52:24,820 [INFO] CodeEngine:279 - Generated code: /Users/mark/Documents/Courses/F24/Project-V/PWM/Core/Src/stm32f3xx_it.c
2024-11-08 18:52:24,824 [INFO] CodeEngine:255 - oldGeneratedFile, /Users/mark/Documents/Courses/F24/Project-V/PWM/Core/Inc/stm32f3xx_it.h_save
2024-11-08 18:52:24,936 [INFO] CodeEngine:279 - Generated code: /Users/mark/Documents/Courses/F24/Project-V/PWM/Core/Inc/stm32f3xx_it.h
2024-11-08 18:52:24,953 [INFO] CodeEngine:255 - oldGeneratedFile, /Users/mark/Documents/Courses/F24/Project-V/PWM/Core/Src/stm32f3xx_hal_msp.c_save
2024-11-08 18:52:25,218 [INFO] CodeEngine:279 - Generated code: /Users/mark/Documents/Courses/F24/Project-V/PWM/Core/Src/stm32f3xx_hal_msp.c
2024-11-08 18:52:25,222 [INFO] CodeEngine:255 - oldGeneratedFile, /Users/mark/Documents/Courses/F24/Project-V/PWM/MXTmpFiles/system.tmp_save
2024-11-08 18:52:25,313 [INFO] CodeEngine:279 - Generated code: /Users/mark/Documents/Courses/F24/Project-V/PWM/MXTmpFiles/system.tmp
2024-11-08 18:52:25,322 [INFO] CodeEngine:311 - oldGeneratedFile, /Users/mark/Documents/Courses/F24/Project-V/PWM/Core/Inc/stm32f3xx_hal_conf.h_save
2024-11-08 18:52:25,413 [INFO] CodeEngine:335 - Generated code: /Users/mark/Documents/Courses/F24/Project-V/PWM/Core/Inc/stm32f3xx_hal_conf.h
2024-11-08 18:52:25,442 [WARN] IPConfigManager:3554 - IP not found : TIM
2024-11-08 18:52:25,442 [WARN] CodeGenerator:4002 - IP not found : null
2024-11-08 18:52:25,446 [INFO] CodeEngine:255 - oldGeneratedFile, /Users/mark/Documents/Courses/F24/Project-V/PWM/Core/Inc/main.h_save
2024-11-08 18:52:25,565 [INFO] CodeEngine:279 - Generated code: /Users/mark/Documents/Courses/F24/Project-V/PWM/Core/Inc/main.h
2024-11-08 18:52:25,571 [INFO] CodeEngine:255 - oldGeneratedFile, /Users/mark/Documents/Courses/F24/Project-V/PWM/Core/Src/main.c_save
2024-11-08 18:52:25,768 [INFO] CodeEngine:279 - Generated code: /Users/mark/Documents/Courses/F24/Project-V/PWM/Core/Src/main.c
2024-11-08 18:52:26,291 [INFO] ProjectBuilder:3249 - Time for Copy HAL[1] : 92mS.
2024-11-08 18:52:26,296 [INFO] ProjectBuilder:4828 - Project Generator version: 4.5.0-B34
2024-11-08 18:52:26,404 [INFO] ConfigFileManager:1531 - The Die is : DIE446
2024-11-08 18:52:28,238 [INFO] ProjectBuilder:5097 - Time for Generating toolchain IDE Files: 1936mS.
2024-11-08 18:52:28,250 [INFO] ProjectBuilder:3107 - Time for Copy CMSIS : 2mS.
2024-11-08 18:52:28,254 [INFO] ProjectBuilder:3107 - Time for Copy CMSIS : 0mS.
2024-11-08 19:32:10,562 [INFO] WebApp:189 - Connection lost
2024-11-08 19:32:16,400 [INFO] WebApp:186 - Connection restablished
2024-11-08 19:32:36,529 [INFO] WebApp:189 - Connection lost
2024-11-08 19:32:41,705 [INFO] WebApp:186 - Connection restablished
2024-11-08 19:34:17,574 [INFO] WebApp:189 - Connection lost
2024-11-08 20:18:42,303 [INFO] WebApp:186 - Connection restablished
2024-11-08 20:18:42,952 [INFO] WebApp:189 - Connection lost
2024-11-08 20:18:43,325 [INFO] WebApp:186 - Connection restablished
2024-11-08 20:18:43,906 [INFO] WebApp:189 - Connection lost
2024-11-08 20:18:43,911 [INFO] WebApp:186 - Connection restablished
2024-11-08 20:23:54,170 [INFO] WebApp:189 - Connection lost
2024-11-08 20:23:56,944 [INFO] WebApp:186 - Connection restablished
2024-11-08 20:23:58,876 [INFO] WebApp:189 - Connection lost
2024-11-08 20:23:59,519 [INFO] WebApp:186 - Connection restablished
2024-11-08 20:24:01,068 [INFO] LogOutputStream:77 - [STDOUT_REDIRECT] ***WARNING: Display must be created on main thread due to Cocoa restrictions. Use vmarg -XstartOnFirstThread
2024-11-08 20:24:01,083 [INFO] LogOutputStream:77 - [STDOUT_REDIRECT] ***WARNING: Display must be created on main thread due to Cocoa restrictions. Use vmarg -XstartOnFirstThread
2024-11-08 20:24:01,586 [ERROR] LogOutputStream:75 - [STDERR_REDIRECT] 
